,,,,,,,,,SCA,,SCA Types,,,,,,GCA,,GCA Types,,,,,,
Rk,Player,Nation,Pos,Squad,Comp,Age,Born,90s,SCA,SCA90,PassLive,PassDead,TO,Sh,Fld,Def,GCA,GCA90,PassLive,PassDead,TO,Sh,Fld,Def,Matches
1,Brenden Aaronson,us USA,FWMF,Leeds United,eng Premier League,25-011,2000,7.1,22,3.10,14,0,2,4,1,1,3,0.42,1,0,0,2,0,0,Matches
2,Jones El-Abdellaoui,ma MAR,MFFW,Celta Vigo,es La Liga,19-294,2006,0.9,4,4.24,4,0,0,0,0,0,0,0.00,0,0,0,0,0,0,Matches
3,Himad Abdelli,dz ALG,MF,Angers,fr Ligue 1,25-350,1999,4.9,16,3.29,11,3,1,1,0,0,2,0.41,2,0,0,0,0,0,Matches
4,Ali Abdi,tn TUN,DFMF,Nice,fr Ligue 1,31-317,1993,2.8,4,1.51,4,0,0,0,0,0,0,0.00,0,0,0,0,0,0,Matches
5,Salis Abdul Samed,gh GHA,MF,Nice,fr Ligue 1,25-221,2000,3.9,2,0.51,2,0,0,0,0,0,0,0.00,0,0,0,0,0,0,Matches
6,Saud Abdulhamid,sa KSA,DF,Lens,fr Ligue 1,26-107,1999,2.2,4,1.86,4,0,0,0,0,0,1,0.46,1,0,0,0,0,0,Matches
7,Laurent Abergel,fr FRA,MF,Lorient,fr Ligue 1,32-274,1993,9.9,24,2.44,21,1,0,1,1,0,1,0.10,1,0,0,0,0,0,Matches
8,Matthis Abline,fr FRA,FWMF,Nantes,fr Ligue 1,22-219,2003,7.9,33,4.16,20,0,6,4,3,0,3,0.38,0,0,2,1,0,0,Matches
9,Abner,br BRA,DF,Lyon,fr Ligue 1,25-159,2000,5.0,11,2.20,7,0,2,2,0,0,1,0.20,1,0,0,0,0,0,Matches
10,Zakaria Aboukhlal,ma MAR,FWMF,Torino,it Serie A,25-257,2000,1.3,2,1.51,1,1,0,0,0,0,0,0.00,0,0,0,0,0,0,Matches
11,Abdel Abqar,ma MAR,DF,Getafe,es La Liga,26-237,1999,4.8,2,0.42,1,0,0,0,1,0,1,0.21,1,0,0,0,0,0,Matches
12,Francis Abu,gh GHA,MF,Toulouse,fr Ligue 1,24-189,2001,5.1,6,1.17,5,0,0,1,0,0,0,0.00,0,0,0,0,0,0,Matches
13,Giorgi Abuashvili,ge GEO,FWDF,Metz,fr Ligue 1,22-267,2003,3.0,5,1.69,2,2,1,0,0,0,1,0.34,1,0,0,0,0,0,Matches
14,Francesco Acerbi,it ITA,DF,Inter,it Serie A,37-265,1988,5.9,5,0.85,4,0,0,1,0,0,0,0.00,0,0,0,0,0,0,Matches
15,Ragnar Ache,de GER,FWDF,Köln,de Bundesliga,27-097,1998,2.5,4,1.59,3,0,0,1,0,0,2,0.80,2,0,0,0,0,0,Matches
16,Joshua Acheampong,eng ENG,DF,Chelsea,eng Premier League,19-181,2006,3.9,0,0.00,0,0,0,0,0,0,0,0.00,0,0,0,0,0,0,Matches
17,Akor Adams,ng NGA,FW,Sevilla,es La Liga,25-277,2000,4.5,3,0.67,2,0,0,1,0,0,0,0.00,0,0,0,0,0,0,Matches
18,Che Adams,sct SCO,FWMF,Torino,it Serie A,29-112,1996,4.2,10,2.41,7,0,1,1,1,0,0,0.00,0,0,0,0,0,0,Matches
19,Tyler Adams,us USA,MF,Bournemouth,eng Premier League,26-261,1999,8.7,8,0.92,7,0,0,0,0,1,2,0.23,1,0,0,0,0,1,Matches
20,Junior Adamu,at AUT,FW,Freiburg,de Bundesliga,24-149,2001,4.2,8,1.91,5,0,0,2,0,1,2,0.48,1,0,0,1,0,0,Matches
21,Tosin Adarabioyo,eng ENG,DF,Chelsea,eng Premier League,28-039,1997,4.2,0,0.00,0,0,0,0,0,0,0,0.00,0,0,0,0,0,0,Matches
22,Jayden Addai,nl NED,FW,Como,it Serie A,20-068,2005,2.9,4,1.36,3,0,1,0,0,0,0,0.00,0,0,0,0,0,0,Matches
23,Karim Adeyemi,de GER,MFFW,Dortmund,de Bundesliga,23-288,2002,5.3,24,4.52,16,0,6,0,2,0,3,0.56,2,0,1,0,0,0,Matches
24,Simon Adingra,ci CIV,FW,Sunderland,eng Premier League,23-305,2002,3.0,8,2.64,7,0,1,0,0,0,1,0.33,1,0,0,0,0,0,Matches
25,Amine Adli,ma MAR,FWMF,Bournemouth,eng Premier League,25-176,2000,2.1,8,3.83,5,0,1,0,1,1,0,0.00,0,0,0,0,0,0,Matches
26,Vasilije Adžić,me MNE,MF,Juventus,it Serie A,19-174,2006,1.3,5,3.75,5,0,0,0,0,0,0,0.00,0,0,0,0,0,0,Matches
27,Michel Aebischer,ch SUI,MF,Pisa,it Serie A,28-300,1997,7.5,19,2.54,14,3,1,0,0,1,1,0.13,1,0,0,0,0,0,Matches
28,David Affengruber,at AUT,DF,Elche,es La Liga,24-228,2001,8.4,4,0.48,4,0,0,0,0,0,0,0.00,0,0,0,0,0,0,Matches
29,Oladapo Afolayan,eng ENG,MFFW,St. Pauli,de Bundesliga,27-263,1998,1.7,7,4.23,5,0,0,2,0,0,0,0.00,0,0,0,0,0,0,Matches
30,Emmanuel Agbadou,ci CIV,DF,Wolves,eng Premier League,28-138,1997,6.2,7,1.12,7,0,0,0,0,0,0,0.00,0,0,0,0,0,0,Matches
31,Julen Agirrezabala,es ESP,GK,Valencia,es La Liga,24-311,2000,11.0,2,0.18,1,1,0,0,0,0,0,0.00,0,0,0,0,0,0,Matches
32,Lucien Agoume,fr FRA,MF,Sevilla,es La Liga,23-266,2002,8.3,15,1.80,15,0,0,0,0,0,2,0.24,2,0,0,0,0,0,Matches
33,Felix Agu,ng NGA,DF,Werder Bremen,de Bundesliga,26-036,1999,5.4,6,1.12,6,0,0,0,0,0,1,0.19,1,0,0,0,0,0,Matches
34,Marc Aguado,es ESP,MF,Elche,es La Liga,25-253,2000,6.0,5,0.83,3,0,0,1,1,0,0,0.00,0,0,0,0,0,0,Matches
35,Nayef Aguerd,ma MAR,DF,West Ham,eng Premier League,29-217,1996,2.0,2,1.00,2,0,0,0,0,0,0,0.00,0,0,0,0,0,0,Matches
36,Nayef Aguerd,ma MAR,DF,Marseille,fr Ligue 1,29-217,1996,7.0,5,0.71,5,0,0,0,0,0,2,0.29,2,0,0,0,0,0,Matches
37,Ruben Aguilar,fr FRA,DF,Lens,fr Ligue 1,32-190,1993,8.1,24,2.94,21,1,0,1,1,0,2,0.25,1,0,0,1,0,0,Matches
38,Honest Ahanor,it ITA,DF,Atalanta,it Serie A,17-252,2008,4.2,1,0.24,0,0,0,0,0,1,0,0.00,0,0,0,0,0,0,Matches
39,Lucas Ahijado,es ESP,DF,Oviedo,es La Liga,30-276,1995,4.1,10,2.43,10,0,0,0,0,0,2,0.49,2,0,0,0,0,0,Matches
40,Joseph Aidoo,gh GHA,DF,Celta Vigo,es La Liga,30-034,1995,1.0,0,0.00,0,0,0,0,0,0,0,0.00,0,0,0,0,0,0,Matches
41,Ola Aina,ng NGA,DF,Nott'ham Forest,eng Premier League,29-025,1996,3.0,1,0.33,1,0,0,0,0,0,0,0.00,0,0,0,0,0,0,Matches
42,Abdelhamid Ait Boudlal,ma MAR,DFMF,Rennes,fr Ligue 1,19-200,2006,2.2,1,0.45,1,0,0,0,0,0,0,0.00,0,0,0,0,0,0,Matches
43,Rayan Aït-Nouri,dz ALG,DF,Manchester City,eng Premier League,24-149,2001,2.2,4,1.78,4,0,0,0,0,0,1,0.45,1,0,0,0,0,0,Matches
44,Tosin Aiyegun,bj BEN,MFFW,Lorient,fr Ligue 1,27-129,1998,5.6,12,2.13,8,0,1,2,1,0,1,0.18,0,0,1,0,0,0,Matches
45,Junior Ajayi,ci CIV,FW,Hellas Verona,it Serie A,21-022,2004,0.0,0,0.00,0,0,0,0,0,0,0,0.00,0,0,0,0,0,0,Matches
46,Kristoffer Ajer,no NOR,DF,Brentford,eng Premier League,27-199,1998,4.3,4,0.93,3,0,0,0,0,1,1,0.23,1,0,0,0,0,0,Matches
47,Ludovic Ajorque,fr FRA,FW,Brest,fr Ligue 1,31-250,1994,9.9,28,2.82,18,0,0,6,4,0,5,0.50,3,0,0,1,1,0,Matches
48,Manuel Akanji,ch SUI,DF,Inter,it Serie A,30-106,1995,7.0,12,1.71,11,0,0,1,0,0,1,0.14,1,0,0,0,0,0,Matches
49,Nathan Aké,nl NED,DF,Manchester City,eng Premier League,30-257,1995,2.3,3,1.32,3,0,0,0,0,0,0,0.00,0,0,0,0,0,0,Matches
50,Ilias Akhomach,ma MAR,MFFW,Villarreal,es La Liga,21-200,2004,1.7,9,5.19,4,2,0,2,1,0,0,0.00,0,0,0,0,0,0,Matches
51,Ebenezer Akinsanmiro,ng NGA,MF,Pisa,it Serie A,20-342,2004,6.6,13,1.97,10,0,2,1,0,0,1,0.15,1,0,0,0,0,0,Matches
52,Maghnes Akliouche,fr FRA,MFFW,Monaco,fr Ligue 1,23-250,2002,8.8,35,3.97,28,3,1,2,0,1,4,0.45,4,0,0,0,0,0,Matches
53,Clément Akpa,ci CIV,DF,Auxerre,fr Ligue 1,23-343,2001,9.0,11,1.22,5,4,0,0,2,0,0,0.00,0,0,0,0,0,0,Matches
54,Jean-Daniel Akpa-Akpro,ci CIV,MF,Hellas Verona,it Serie A,33-022,1992,3.0,2,0.66,1,0,0,0,0,1,0,0.00,0,0,0,0,0,0,Matches
55,Kevin Akpoguma,ng NGA,DF,Hoffenheim,de Bundesliga,30-197,1995,0.3,0,0.00,0,0,0,0,0,0,0,0.00,0,0,0,0,0,0,Matches
56,David Alaba,at AUT,DF,Real Madrid,es La Liga,33-131,1992,0.6,1,1.58,0,0,0,1,0,0,0,0.00,0,0,0,0,0,0,Matches
57,Raúl Albiol,es ESP,DF,Pisa,it Serie A,40-059,1985,1.5,2,1.33,2,0,0,0,0,0,0,0.00,0,0,0,0,0,0,Matches
58,Carlos Alcaraz,ar ARG,FWMF,Everton,eng Premier League,22-337,2002,2.7,7,2.64,3,0,2,1,1,0,0,0.00,0,0,0,0,0,0,Matches
59,Omar Alderete,py PAR,DF,Sunderland,eng Premier League,28-311,1996,7.4,7,0.94,6,0,0,0,1,0,1,0.13,1,0,0,0,0,0,Matches
60,Alexandre Alemão,br BRA,FW,Rayo Vallecano,es La Liga,27-215,1998,5.6,5,0.89,3,0,0,0,2,0,0,0.00,0,0,0,0,0,0,Matches
61,Carles Aleñá,es ESP,MFFW,Alavés,es La Liga,27-301,1998,7.0,25,3.55,18,6,0,0,1,0,3,0.43,3,0,0,0,0,0,Matches
62,Trent Alexander-Arnold,eng ENG,DF,Real Madrid,es La Liga,27-026,1998,1.7,5,2.98,5,0,0,0,0,0,0,0.00,0,0,0,0,0,0,Matches
63,Alfon,es ESP,FWDF,Sevilla,es La Liga,26-182,1999,2.1,6,2.89,5,0,0,1,0,0,0,0.00,0,0,0,0,0,0,Matches
64,Mohamed Ali Cho,fr FRA,FW,Nice,fr Ligue 1,21-287,2004,2.5,10,4.05,10,0,0,0,0,0,4,1.62,4,0,0,0,0,0,Matches
65,Alisson,br BRA,GK,Liverpool,eng Premier League,33-031,1992,6.0,1,0.17,1,0,0,0,0,0,1,0.17,1,0,0,0,0,0,Matches
66,Jim Allevinah,ga GAB,FWDF,Angers,fr Ligue 1,30-248,1995,0.9,0,0.00,0,0,0,0,0,0,0,0.00,0,0,0,0,0,0,Matches
67,Thiago Almada,ar ARG,MFFW,Atlético Madrid,es La Liga,24-190,2001,3.0,12,4.06,10,0,1,1,0,0,3,1.02,2,0,0,1,0,0,Matches
68,Domingos André Ribeiro Almeida,pt POR,FWMF,Valencia,es La Liga,25-156,2000,1.8,7,3.87,6,0,0,1,0,0,1,0.55,1,0,0,0,0,0,Matches
69,Pontus Almqvist,se SWE,DFMF,Parma,it Serie A,26-115,1999,3.9,13,3.34,9,1,1,0,2,0,0,0.00,0,0,0,0,0,0,Matches
70,Marcos Alonso,es ESP,DF,Celta Vigo,es La Liga,34-309,1990,6.3,6,0.96,6,0,0,0,0,0,0,0.00,0,0,0,0,0,0,Matches
71,Adrià Altimira,es ESP,DF,Villarreal,es La Liga,24-219,2001,0.1,0,0.00,0,0,0,0,0,0,0,0.00,0,0,0,0,0,0,Matches
72,Sergi Altimira,es ESP,MF,Betis,es La Liga,24-069,2001,5.0,7,1.40,6,0,0,0,0,1,1,0.20,1,0,0,0,0,0,Matches
73,Carlos Álvarez,es ESP,MF,Levante,es La Liga,22-088,2003,6.5,22,3.41,19,1,0,1,1,0,3,0.46,2,0,0,0,1,0,Matches
74,Hugo Álvarez,es ESP,FWMF,Celta Vigo,es La Liga,22-123,2003,3.8,9,2.36,8,0,0,0,0,1,0,0.00,0,0,0,0,0,0,Matches
75,Julián Álvarez,ar ARG,FW,Atlético Madrid,es La Liga,25-275,2000,9.4,38,4.03,26,7,2,1,2,0,3,0.32,2,0,0,0,1,0,Matches
76,Skelly Alvero,fr FRA,DF,Werder Bremen,de Bundesliga,23-182,2002,0.4,0,0.00,0,0,0,0,0,0,0,0.00,0,0,0,0,0,0,Matches
77,Giuseppe Ambrosino,it ITA,FW,Napoli,it Serie A,22-053,2003,0.4,1,2.73,0,0,1,0,0,0,0,0.00,0,0,0,0,0,0,Matches
78,Aurele Amenda,ch SUI,DF,Eint Frankfurt,de Bundesliga,22-094,2003,1.2,0,0.00,0,0,0,0,0,0,0,0.00,0,0,0,0,0,0,Matches
79,Kelvin Amian,fr FRA,DF,Nantes,fr Ligue 1,27-267,1998,10.0,7,0.70,6,1,0,0,0,0,1,0.10,1,0,0,0,0,0,Matches
80,Mohamed Amine Sbai,fr FRA,FW,Angers,fr Ligue 1,24-362,2000,1.8,10,5.45,4,1,3,2,0,0,3,1.64,1,0,1,1,0,0,Matches
81,Michael Amir Murillo,pa PAN,DF,Marseille,fr Ligue 1,29-264,1996,7.7,19,2.46,14,0,4,0,1,0,5,0.65,2,0,2,0,1,0,Matches
82,Nadiem Amiri,de GER,MF,Mainz 05,de Bundesliga,29-006,1996,8.5,42,4.95,24,10,3,4,1,0,2,0.24,2,0,0,0,0,0,Matches
83,Samuel Amo-Ameyaw,eng ENG,DFFW,Strasbourg,fr Ligue 1,19-107,2006,2.8,14,5.00,10,1,1,0,2,0,2,0.71,2,0,0,0,0,0,Matches
84,Mathis Amougou,fr FRA,MF,Strasbourg,fr Ligue 1,19-288,2006,1.8,2,1.11,1,0,1,0,0,0,0,0.00,0,0,0,0,0,0,Matches
85,Mohamed Amoura,dz ALG,FW,Wolfsburg,de Bundesliga,25-177,2000,5.1,20,3.96,16,0,1,1,2,0,2,0.40,1,0,0,0,1,0,Matches
86,Ethan Ampadu,wls WAL,MF,Leeds United,eng Premier League,25-049,2000,7.7,12,1.55,9,1,1,0,0,1,1,0.13,1,0,0,0,0,0,Matches
87,Sofyan Amrabat,ma MAR,MF,Betis,es La Liga,29-073,1996,4.2,13,3.10,11,1,0,0,1,0,0,0.00,0,0,0,0,0,0,Matches
88,Joachim Andersen,dk DEN,DF,Fulham,eng Premier League,29-155,1996,8.5,11,1.30,8,1,0,2,0,0,0,0.00,0,0,0,0,0,0,Matches
89,Elliot Anderson,eng ENG,MF,Nott'ham Forest,eng Premier League,22-361,2002,10.0,46,4.60,33,7,2,2,1,1,4,0.40,4,0,0,0,0,0,Matches
90,André,br BRA,MF,Wolves,eng Premier League,24-109,2001,6.8,8,1.17,4,1,1,0,2,0,0,0.00,0,0,0,0,0,0,Matches
91,Benjamin André,fr FRA,MF,Lille,fr Ligue 1,35-091,1990,7.9,22,2.79,19,0,0,2,1,0,2,0.25,2,0,0,0,0,0,Matches
92,Robert Andrich,de GER,MFDF,Leverkusen,de Bundesliga,31-041,1994,5.7,8,1.41,7,0,0,0,1,0,0,0.00,0,0,0,0,0,0,Matches
93,Miguel Ángel Rubio,es ESP,DF,Espanyol,es La Liga,27-236,1998,1.4,0,0.00,0,0,0,0,0,0,0,0.00,0,0,0,0,0,0,Matches
94,Angeliño,es ESP,DFMF,Roma,it Serie A,28-302,1997,4.3,5,1.16,5,0,0,0,0,0,0,0.00,0,0,0,0,0,0,Matches
95,Samuele Angori,it ITA,DF,Pisa,it Serie A,22-026,2003,4.8,8,1.67,5,3,0,0,0,0,1,0.21,1,0,0,0,0,0,Matches
96,Faustino Anjorin,eng ENG,MFFW,Torino,it Serie A,23-344,2001,0.3,1,3.10,1,0,0,0,0,0,0,0.00,0,0,0,0,0,0,Matches
97,Ilyas Ansah,de GER,MFFW,Union Berlin,de Bundesliga,20-359,2004,6.6,14,2.11,9,0,0,2,3,0,4,0.60,3,0,0,1,0,0,Matches
98,Aaron Anselmino,ar ARG,DF,Dortmund,de Bundesliga,20-187,2005,1.8,1,0.55,1,0,0,0,0,0,0,0.00,0,0,0,0,0,0,Matches
99,Jaidon Anthony,eng ENG,MFFW,Burnley,eng Premier League,25-336,1999,9.0,18,2.01,13,1,3,0,1,0,3,0.33,2,0,1,0,0,0,Matches
100,Waldemar Anton,de GER,DF,Dortmund,de Bundesliga,29-105,1996,9.0,3,0.33,2,0,0,1,0,0,0,0.00,0,0,0,0,0,0,Matches
101,Antoniu,es ESP,FW,Espanyol,es La Liga,23-058,2002,0.4,4,9.47,4,0,0,0,0,0,1,2.37,1,0,0,0,0,0,Matches
102,Antony,br BRA,FW,Betis,es La Liga,25-251,2000,5.6,32,5.69,24,3,1,2,2,0,0,0.00,0,0,0,0,0,0,Matches
103,Youssef El-Arabi,ma MAR,FW,Nantes,fr Ligue 1,38-272,1987,2.2,8,3.69,4,0,0,1,2,1,2,0.92,1,0,0,1,0,0,Matches
104,Mauro Arambarri,uy URU,MF,Getafe,es La Liga,30-033,1995,10.8,16,1.49,12,0,0,4,0,0,1,0.09,0,0,0,1,0,0,Matches
105,Jon Aramburu,ve VEN,DF,Real Sociedad,es La Liga,23-102,2002,9.0,12,1.33,10,2,0,0,0,0,0,0.00,0,0,0,0,0,0,Matches
106,Ronald Araújo,uy URU,DF,Barcelona,es La Liga,26-240,1999,4.7,4,0.85,4,0,0,0,0,0,0,0.00,0,0,0,0,0,0,Matches
107,Carlens Arcus,ht HAI,DF,Angers,fr Ligue 1,29-127,1996,9.7,9,0.92,9,0,0,0,0,0,0,0.00,0,0,0,0,0,0,Matches
108,Alphonse Areola,fr FRA,GK,West Ham,eng Premier League,32-248,1993,5.0,0,0.00,0,0,0,0,0,0,0,0.00,0,0,0,0,0,0,Matches
109,Jesús Areso,es ESP,DF,Athletic Club,es La Liga,26-123,1999,8.2,14,1.70,13,1,0,0,0,0,1,0.12,1,0,0,0,0,0,Matches
110,Jhon Arias,co COL,FW,Wolves,eng Premier League,28-042,1997,6.1,17,2.80,9,4,2,0,0,2,0,0.00,0,0,0,0,0,0,Matches
111,Harrison Armstrong,eng ENG,FW,Everton,eng Premier League,18-287,2007,0.0,0,0.00,0,0,0,0,0,0,0,0.00,0,0,0,0,0,0,Matches
112,Hákon Arnar Haraldsson,is ISL,MFFW,Lille,fr Ligue 1,22-206,2003,8.2,34,4.14,25,9,0,0,0,0,5,0.61,3,2,0,0,0,0,Matches
113,Maximilian Arnold,de GER,MF,Wolfsburg,de Bundesliga,31-159,1994,7.0,22,3.14,10,12,0,0,0,0,3,0.43,2,1,0,0,0,0,Matches
114,Tolu Arokodare,ng NGA,FW,Wolves,eng Premier League,24-344,2000,2.3,4,1.71,3,0,0,1,0,0,1,0.43,1,0,0,0,0,0,Matches
115,Kervin Arriaga,hn HON,MF,Levante,es La Liga,27-301,1998,4.2,6,1.41,5,0,0,1,0,0,0,0.00,0,0,0,0,0,0,Matches
116,Arthur,br BRA,DF,Leverkusen,de Bundesliga,22-230,2003,4.0,5,1.25,5,0,0,0,0,0,0,0.00,0,0,0,0,0,0,Matches
117,Takuma Asano,jp JPN,FW,Mallorca,es La Liga,30-357,1994,2.8,4,1.43,3,0,0,0,1,0,1,0.36,1,0,0,0,0,0,Matches
118,Raúl Asencio,es ESP,DF,Real Madrid,es La Liga,22-262,2003,3.5,4,1.14,4,0,0,0,0,0,1,0.28,1,0,0,0,0,0,Matches
119,Fisnik Asllani,xk KVX,FWMF,Hoffenheim,de Bundesliga,23-086,2002,6.7,14,2.10,10,0,3,1,0,0,1,0.15,1,0,0,0,0,0,Matches
120,Kristjan Asllani,al ALB,MF,Torino,it Serie A,23-238,2002,6.3,14,2.24,7,5,0,1,0,1,1,0.16,0,1,0,0,0,0,Matches
121,Joel Asoro,se SWE,FW,Metz,fr Ligue 1,26-189,1999,0.1,0,0.00,0,0,0,0,0,0,0,0.00,0,0,0,0,0,0,Matches
122,Iago Aspas,es ESP,FWMF,Celta Vigo,es La Liga,38-093,1987,4.1,26,6.41,23,2,0,0,0,1,1,0.25,1,0,0,0,0,0,Matches
123,Yaser Asprilla,co COL,FWMF,Girona,es La Liga,21-348,2003,4.7,14,2.96,9,3,1,1,0,0,0,0.00,0,0,0,0,0,0,Matches
124,Lorenz Assignon,tg TOG,DF,Stuttgart,de Bundesliga,25-133,2000,3.5,11,3.11,8,2,1,0,0,0,0,0.00,0,0,0,0,0,0,Matches
125,Dehmaine Assoumani,fr FRA,MF,Nantes,fr Ligue 1,20-199,2005,4.4,11,2.51,9,1,1,0,0,0,2,0.46,2,0,0,0,0,0,Matches
126,Otavio Ataide,br BRA,DF,Paris FC,fr Ligue 1,23-195,2002,8.4,4,0.47,2,0,0,1,0,1,0,0.00,0,0,0,0,0,0,Matches
127,Zachary Athekame,ch SUI,DFFW,Milan,it Serie A,20-324,2004,1.2,2,1.73,1,0,0,0,1,0,0,0.00,0,0,0,0,0,0,Matches
128,Arthur Atta,fr FRA,MF,Udinese,it Serie A,22-292,2003,9.5,35,3.68,17,5,6,4,3,0,6,0.63,3,0,1,2,0,0,Matches
129,Noah Atubolu,de GER,GK,Freiburg,de Bundesliga,23-161,2002,9.0,3,0.33,3,0,0,0,0,0,0,0.00,0,0,0,0,0,0,Matches
130,Pierre-Emerick Aubameyang,ga GAB,FW,Marseille,fr Ligue 1,36-137,1989,6.0,12,1.99,9,0,0,1,1,1,5,0.83,3,0,0,1,1,0,Matches
131,Emil Audero,id IDN,GK,Cremonese,it Serie A,28-288,1997,6.0,0,0.00,0,0,0,0,0,0,0,0.00,0,0,0,0,0,0,Matches
132,Carlos Augusto,br BRA,DF,Inter,it Serie A,26-299,1999,3.2,12,3.80,7,1,2,2,0,0,1,0.32,1,0,0,0,0,0,Matches
133,Yann Aurel Bisseck,de GER,DF,Inter,it Serie A,24-338,2000,2.0,2,1.00,1,0,0,1,0,0,0,0.00,0,0,0,0,0,0,Matches
134,Leon Avdullahu,xk KVX,MF,Hoffenheim,de Bundesliga,21-252,2004,7.4,14,1.89,11,2,0,0,1,0,2,0.27,1,1,0,0,0,0,Matches
135,Ezequiel Ávila,ar ARG,FWMF,Betis,es La Liga,31-269,1994,0.5,2,4.19,1,1,0,0,0,0,0,0.00,0,0,0,0,0,0,Matches
136,Arthur Avom,cm CMR,MF,Lorient,fr Ligue 1,20-322,2004,8.4,33,3.94,24,2,0,2,5,0,1,0.12,0,0,0,1,0,0,Matches
137,Chidozie Awaziem,ng NGA,DF,Nantes,fr Ligue 1,28-305,1997,9.8,7,0.71,7,0,0,0,0,0,0,0.00,0,0,0,0,0,0,Matches
138,Taiwo Awoniyi,ng NGA,FW,Nott'ham Forest,eng Premier League,28-082,1997,1.1,1,0.87,1,0,0,0,0,0,0,0.00,0,0,0,0,0,0,Matches
139,Yasin Ayari,se SWE,MF,Brighton,eng Premier League,22-027,2003,8.7,21,2.42,13,4,1,2,1,0,1,0.12,1,0,0,0,0,0,Matches
140,Neil El Aynaoui,ma MAR,MF,Roma,it Serie A,24-123,2001,2.6,5,1.95,4,0,0,0,0,1,0,0.00,0,0,0,0,0,0,Matches
141,César Azpilicueta,es ESP,DF,Sevilla,es La Liga,36-066,1989,5.5,7,1.27,6,1,0,0,0,0,0,0.00,0,0,0,0,0,0,Matches
142,Oussama El Azzouzi,ma MAR,MFDF,Auxerre,fr Ligue 1,24-157,2001,2.2,3,1.36,3,0,0,0,0,0,0,0.00,0,0,0,0,0,0,Matches
143,Mio Backhaus,de GER,GK,Werder Bremen,de Bundesliga,21-200,2004,7.0,1,0.14,1,0,0,0,0,0,0,0.00,0,0,0,0,0,0,Matches
144,Loïc Bade,fr FRA,DF,Leverkusen,de Bundesliga,25-205,2000,6.9,6,0.87,6,0,0,0,0,0,0,0.00,0,0,0,0,0,0,Matches
145,Benoît Badiashile,fr FRA,DF,Chelsea,eng Premier League,24-221,2001,0.7,2,2.73,2,0,0,0,0,0,1,1.36,1,0,0,0,0,0,Matches
146,Alex Baena,es ESP,MF,Atlético Madrid,es La Liga,24-105,2001,3.1,16,5.20,12,4,0,0,0,0,2,0.65,2,0,0,0,0,0,Matches
147,Samson Baidoo,at AUT,DF,Lens,fr Ligue 1,21-216,2004,8.5,10,1.18,5,0,1,4,0,0,1,0.12,0,0,0,1,0,0,Matches
148,Leon Bailey,jm JAM,MFFW,Roma,it Serie A,28-085,1997,1.2,3,2.55,1,1,0,0,1,0,0,0.00,0,0,0,0,0,0,Matches
149,Eric Bailly,ci CIV,DF,Oviedo,es La Liga,31-204,1994,3.0,2,0.67,2,0,0,0,0,0,0,0.00,0,0,0,0,0,0,Matches
150,Theo Bair,ca CAN,MFFW,Auxerre,fr Ligue 1,26-067,1999,0.1,0,0.00,0,0,0,0,0,0,0,0.00,0,0,0,0,0,0,Matches
151,Cédric Bakambu,cd COD,FW,Betis,es La Liga,34-205,1991,0.8,1,1.27,1,0,0,0,0,0,0,0.00,0,0,0,0,0,0,Matches
152,Johan Bakayoko,be BEL,FW,RB Leipzig,de Bundesliga,22-196,2003,5.9,17,2.86,11,0,2,2,2,0,2,0.34,0,0,1,0,1,0,Matches
153,Darryl Bakola,fr FRA,MF,Marseille,fr Ligue 1,17-337,2007,0.3,1,3.91,1,0,0,0,0,0,1,3.91,1,0,0,0,0,0,Matches
154,Ridle Baku,de GER,DF,RB Leipzig,de Bundesliga,27-208,1998,8.9,23,2.60,21,0,0,2,0,0,2,0.23,2,0,0,0,0,0,Matches
155,Dilane Bakwa,fr FRA,FWMF,Nott'ham Forest,eng Premier League,23-068,2002,1.9,7,3.62,6,1,0,0,0,0,0,0.00,0,0,0,0,0,0,Matches
156,Dilane Bakwa,fr FRA,DFMF,Strasbourg,fr Ligue 1,23-068,2002,1.2,8,6.73,3,1,2,0,2,0,5,4.21,2,0,2,0,1,0,Matches
157,Tommaso Baldanzi,it ITA,MFFW,Roma,it Serie A,22-224,2003,1.5,7,4.57,6,1,0,0,0,0,0,0.00,0,0,0,0,0,0,Matches
158,Alejandro Balde,es ESP,DF,Barcelona,es La Liga,22-015,2003,4.8,18,3.79,15,0,1,0,2,0,1,0.21,1,0,0,0,0,0,Matches
159,Fabio Baldé,pt POR,FWMF,Hamburger SV,de Bundesliga,20-105,2005,0.8,1,1.18,0,0,1,0,0,0,0,0.00,0,0,0,0,0,0,Matches
160,Carlos Baleba,cm CMR,MF,Brighton,eng Premier League,21-303,2004,6.3,5,0.79,4,0,0,0,1,0,0,0.00,0,0,0,0,0,0,Matches
161,Leonardo Balerdi,ar ARG,DF,Marseille,fr Ligue 1,26-280,1999,6.7,11,1.63,8,0,0,3,0,0,0,0.00,0,0,0,0,0,0,Matches
162,Daniel Ballard,nir NIR,DF,Sunderland,eng Premier League,26-041,1999,4.5,7,1.57,6,0,0,0,0,1,0,0.00,0,0,0,0,0,0,Matches
163,Iván Balliu,al ALB,DF,Rayo Vallecano,es La Liga,33-305,1992,1.5,4,2.71,4,0,0,0,0,0,0,0.00,0,0,0,0,0,0,Matches
164,Fodé Ballo-Touré,sn SEN,DF,Metz,fr Ligue 1,28-303,1997,2.5,2,0.81,2,0,0,0,0,0,0,0.00,0,0,0,0,0,0,Matches
165,Folarin Balogun,us USA,FW,Monaco,fr Ligue 1,24-122,2001,6.0,13,2.18,9,0,1,1,2,0,1,0.17,0,0,0,0,1,0,Matches
166,Abdoulaye Bamba,ci CIV,DF,Angers,fr Ligue 1,35-191,1990,0.1,0,0.00,0,0,0,0,0,0,0,0.00,0,0,0,0,0,0,Matches
167,Aladji Bamba,fr FRA,MF,Monaco,fr Ligue 1,19-111,2006,1.5,3,2.06,3,0,0,0,0,0,0,0.00,0,0,0,0,0,0,Matches
168,Mohamed Bamba,ci CIV,FW,Lorient,fr Ligue 1,23-327,2001,5.5,5,0.90,5,0,0,0,0,0,2,0.36,2,0,0,0,0,0,Matches
169,Lameck Banda,zm ZAM,FW,Lecce,it Serie A,24-277,2001,2.5,5,2.04,3,0,1,0,1,0,1,0.41,0,0,0,0,1,0,Matches
170,Noahkai Banks,us USA,DF,Augsburg,de Bundesliga,18-336,2006,4.2,3,0.71,2,0,0,1,0,0,0,0.00,0,0,0,0,0,0,Matches
171,Ezechiel Banzuzi,nl NED,MF,RB Leipzig,de Bundesliga,20-259,2005,3.0,10,3.38,9,0,0,1,0,0,1,0.34,1,0,0,0,0,0,Matches
172,Tommaso Barbieri,it ITA,FWDF,Cremonese,it Serie A,23-068,2002,3.5,6,1.70,4,0,0,1,0,1,0,0.00,0,0,0,0,0,0,Matches
173,Valentín Barco,ar ARG,MFDF,Strasbourg,fr Ligue 1,21-102,2004,9.0,33,3.68,24,4,0,1,2,2,8,0.89,6,0,0,0,0,2,Matches
174,Bradley Barcola,fr FRA,FW,Paris S-G,fr Ligue 1,23-061,2002,7.0,24,3.41,20,0,3,0,1,0,3,0.43,1,0,1,0,1,0,Matches
175,Melvin Bard,fr FRA,DFMF,Nice,fr Ligue 1,24-361,2000,10.5,15,1.43,13,2,0,0,0,0,0,0.00,0,0,0,0,0,0,Matches
176,Roony Bardghji,se SWE,FW,Barcelona,es La Liga,19-352,2005,1.9,14,7.24,8,2,4,0,0,0,1,0.52,1,0,0,0,0,0,Matches
177,Nicolò Barella,it ITA,MF,Inter,it Serie A,28-268,1997,7.9,35,4.41,26,6,1,0,1,1,6,0.76,4,1,1,0,0,0,Matches
178,Kike Barja,es ESP,MFFW,Osasuna,es La Liga,28-215,1997,0.6,0,0.00,0,0,0,0,0,0,0,0.00,0,0,0,0,0,0,Matches
179,Ross Barkley,eng ENG,MF,Aston Villa,eng Premier League,31-332,1993,0.7,1,1.38,1,0,0,0,0,0,0,0.00,0,0,0,0,0,0,Matches
180,Ashley Barnes,eng ENG,FW,Burnley,eng Premier League,36-003,1989,0.1,0,0.00,0,0,0,0,0,0,0,0.00,0,0,0,0,0,0,Matches
181,Harvey Barnes,eng ENG,FW,Newcastle Utd,eng Premier League,27-328,1997,4.1,12,2.93,11,0,1,0,0,0,0,0.00,0,0,0,0,0,0,Matches
182,Ander Barrenetxea,es ESP,MFFW,Real Sociedad,es La Liga,23-310,2001,9.2,46,4.98,34,8,4,0,0,0,5,0.54,4,0,1,0,0,0,Matches
183,Pablo Barrios,es ESP,MF,Atlético Madrid,es La Liga,22-140,2003,8.8,20,2.26,15,0,3,1,1,0,0,0.00,0,0,0,0,0,0,Matches
184,Thierno Barry,fr FRA,FW,Everton,eng Premier League,23-012,2002,2.8,3,1.07,3,0,0,0,0,0,0,0.00,0,0,0,0,0,0,Matches
185,Davide Bartesaghi,it ITA,DFFW,Milan,it Serie A,19-308,2005,4.2,11,2.63,8,2,1,0,0,0,0,0.00,0,0,0,0,0,0,Matches
186,Marc Bartra,es ESP,DF,Betis,es La Liga,34-291,1991,5.5,5,0.91,3,0,0,0,0,2,0,0.00,0,0,0,0,0,0,Matches
187,Federico Baschirotto,it ITA,DF,Cremonese,it Serie A,29-043,1996,10.0,2,0.20,1,1,0,0,0,0,1,0.10,1,0,0,0,0,0,Matches
188,Toma Bašić,hr CRO,MF,Lazio,it Serie A,28-342,1996,3.9,6,1.56,5,0,0,0,0,1,1,0.26,1,0,0,0,0,0,Matches
189,Calvin Bassey,ng NGA,DF,Fulham,eng Premier League,25-306,1999,9.1,6,0.66,6,0,0,0,0,0,0,0.00,0,0,0,0,0,0,Matches
190,Alessandro Bastoni,it ITA,DF,Inter,it Serie A,26-203,1999,7.6,18,2.37,16,1,1,0,0,0,4,0.53,4,0,0,0,0,0,Matches
191,Augusto Batalla,ar ARG,GK,Rayo Vallecano,es La Liga,29-186,1996,11.0,5,0.45,3,2,0,0,0,0,0,0.00,0,0,0,0,0,0,Matches
192,Michy Batshuayi,be BEL,FW,Eint Frankfurt,de Bundesliga,32-031,1993,0.7,0,0.00,0,0,0,0,0,0,0,0.00,0,0,0,0,0,0,Matches
193,Martin Baturina,hr CRO,FWMF,Como,it Serie A,22-259,2003,1.1,7,6.12,4,3,0,0,0,0,0,0.00,0,0,0,0,0,0,Matches
194,Oliver Baumann,de GER,GK,Hoffenheim,de Bundesliga,35-153,1990,8.0,1,0.12,1,0,0,0,0,0,1,0.12,1,0,0,0,0,0,Matches
195,Christoph Baumgartner,at AUT,MF,RB Leipzig,de Bundesliga,26-093,1999,7.6,21,2.76,16,0,1,2,2,0,4,0.52,3,0,0,1,0,0,Matches
196,Altay Bayındır,tr TUR,GK,Manchester Utd,eng Premier League,27-202,1998,6.0,3,0.50,3,0,0,0,0,0,0,0.00,0,0,0,0,0,0,Matches
197,Vakoun Bayo,ci CIV,FW,Udinese,it Serie A,28-296,1997,2.8,5,1.78,5,0,0,0,0,0,1,0.36,1,0,0,0,0,0,Matches
198,Ihlas Bebou,tg TOG,FW,Hoffenheim,de Bundesliga,31-193,1994,0.6,1,1.76,1,0,0,0,0,0,0,0.00,0,0,0,0,0,0,Matches
199,Samu Becerra,es ESP,DFMF,Rayo Vallecano,es La Liga,19-305,2006,0.1,1,7.50,1,0,0,0,0,0,0,0.00,0,0,0,0,0,0,Matches
200,Adrian Beck,de GER,MFFW,Heidenheim,de Bundesliga,28-146,1997,3.4,14,4.12,12,0,0,0,1,1,0,0.00,0,0,0,0,0,0,Matches
201,Sheraldo Becker,sr SUR,MF,Osasuna,es La Liga,30-266,1995,1.0,3,3.14,3,0,0,0,0,0,0,0.00,0,0,0,0,0,0,Matches
202,Donny van de Beek,nl NED,MF,Girona,es La Liga,28-198,1997,0.5,0,0.00,0,0,0,0,0,0,0,0.00,0,0,0,0,0,0,Matches
203,Tjaš Begić,si SVN,DF,Parma,it Serie A,22-125,2003,0.0,0,0.00,0,0,0,0,0,0,0,0.00,0,0,0,0,0,0,Matches
204,Maximilian Beier,de GER,MFFW,Dortmund,de Bundesliga,23-016,2002,5.5,17,3.11,14,1,1,0,1,0,3,0.55,3,0,0,0,0,0,Matches
205,Ismael Bekhoucha,ma MAR,DF,Getafe,es La Liga,20-347,2004,1.2,3,2.48,2,0,1,0,0,0,2,1.65,2,0,0,0,0,0,Matches
206,Reda Belahyane,ma MAR,MF,Lazio,it Serie A,21-154,2004,1.7,9,5.26,8,0,1,0,0,0,2,1.17,2,0,0,0,0,0,Matches
207,Rafik Belghali,dz ALG,DFFW,Hellas Verona,it Serie A,23-148,2002,6.4,22,3.44,17,0,3,2,0,0,1,0.16,1,0,0,0,0,0,Matches
208,Haris Belkebla,dz ALG,MF,Angers,fr Ligue 1,31-278,1994,9.9,12,1.21,10,0,0,1,1,0,2,0.20,1,0,0,0,1,0,Matches
209,Yassin Belkhdim,fr FRA,MFFW,Angers,fr Ligue 1,23-261,2002,9.4,11,1.17,11,0,0,0,0,0,2,0.21,2,0,0,0,0,0,Matches
210,Stefan Bell,de GER,DF,Mainz 05,de Bundesliga,34-070,1991,3.6,4,1.10,3,0,0,1,0,0,1,0.28,1,0,0,0,0,0,Matches
211,Armel Bella Kotchap,de GER,DF,Hellas Verona,it Serie A,23-326,2001,2.6,2,0.76,2,0,0,0,0,0,0,0.00,0,0,0,0,0,0,Matches
212,Raoul Bellanova,it ITA,DF,Atalanta,it Serie A,25-169,2000,6.3,21,3.35,18,2,0,1,0,0,0,0.00,0,0,0,0,0,0,Matches
213,Jean-Ricner Bellegarde,ht HAI,MFFW,Wolves,eng Premier League,27-128,1998,4.5,9,1.98,4,2,0,1,2,0,1,0.22,1,0,0,0,0,0,Matches
214,Héctor Bellerín,es ESP,DF,Betis,es La Liga,30-228,1995,8.6,21,2.44,19,0,2,0,0,0,1,0.12,1,0,0,0,0,0,Matches
215,Jobe Bellingham,eng ENG,MF,Dortmund,de Bundesliga,20-040,2005,2.7,5,1.86,5,0,0,0,0,0,1,0.37,1,0,0,0,0,0,Matches
216,Jude Bellingham,eng ENG,MF,Real Madrid,es La Liga,22-126,2003,4.2,27,6.36,18,0,2,2,4,1,4,0.94,3,0,1,0,0,0,Matches
217,Jeanuël Belocian,fr FRA,DF,Leverkusen,de Bundesliga,20-258,2005,1.1,2,1.78,2,0,0,0,0,0,0,0.00,0,0,0,0,0,0,Matches
218,Andrea Belotti,it ITA,FW,Cagliari,it Serie A,31-317,1993,2.1,3,1.44,1,0,0,1,1,0,2,0.96,0,0,0,1,1,0,Matches
219,Fran Beltrán,es ESP,MF,Celta Vigo,es La Liga,26-272,1999,2.5,3,1.21,3,0,0,0,0,0,0,0.00,0,0,0,0,0,0,Matches
220,Lucas Beltrán,ar ARG,FW,Valencia,es La Liga,24-218,2001,3.0,5,1.65,3,0,1,0,1,0,0,0.00,0,0,0,0,0,0,Matches
221,Eliesse Ben Seghir,ma MAR,MFFW,Monaco,fr Ligue 1,20-259,2005,0.5,1,2.00,1,0,0,0,0,0,0,0.00,0,0,0,0,0,0,Matches
222,Eliesse Ben Seghir,ma MAR,MF,Leverkusen,de Bundesliga,20-259,2005,1.7,6,3.53,5,0,0,1,0,0,0,0.00,0,0,0,0,0,0,Matches
223,Carlos Benavídez,uy URU,MF,Alavés,es La Liga,27-217,1998,0.3,1,2.90,1,0,0,0,0,0,0,0.00,0,0,0,0,0,0,Matches
224,Adrian Benedyczak,pl POL,MFFW,Parma,it Serie A,24-343,2000,1.3,7,5.53,4,0,0,0,1,2,1,0.79,1,0,0,0,0,0,Matches
225,Yassine Benhattab,fr FRA,MFFW,Nantes,fr Ligue 1,22-349,2002,4.1,12,2.92,8,0,1,1,1,1,1,0.24,1,0,0,0,0,0,Matches
226,Iker Benito,es ESP,DFFW,Osasuna,es La Liga,23-084,2002,1.7,3,1.80,2,0,1,0,0,0,0,0.00,0,0,0,0,0,0,Matches
227,Ramy Bensebaini,dz ALG,DF,Dortmund,de Bundesliga,30-200,1995,8.5,14,1.65,12,0,0,1,1,0,2,0.24,2,0,0,0,0,0,Matches
228,Nabil Bentaleb,dz ALG,MF,Lille,fr Ligue 1,30-343,1994,2.6,8,3.03,6,1,0,1,0,0,0,0.00,0,0,0,0,0,0,Matches
229,Rodrigo Bentancur,uy URU,MF,Tottenham,eng Premier League,28-130,1997,7.2,13,1.81,12,0,1,0,0,0,2,0.28,2,0,0,0,0,0,Matches
230,Lucas Beraldo,br BRA,DF,Paris S-G,fr Ligue 1,21-343,2003,6.4,6,0.93,5,0,0,1,0,0,2,0.31,2,0,0,0,0,0,Matches
231,Domenico Berardi,it ITA,FW,Sassuolo,it Serie A,31-093,1994,6.5,18,2.76,13,2,0,2,0,1,2,0.31,2,0,0,0,0,0,Matches
232,Yuri Berchiche,es ESP,DF,Athletic Club,es La Liga,35-265,1990,10.5,17,1.62,13,1,0,1,1,1,0,0.00,0,0,0,0,0,0,Matches
233,Álex Berenguer,es ESP,FWMF,Athletic Club,es La Liga,30-121,1995,7.4,29,3.91,14,12,1,1,1,0,2,0.27,1,1,0,0,0,0,Matches
234,Sander Berge,no NOR,MF,Fulham,eng Premier League,27-261,1998,9.6,16,1.66,14,0,0,2,0,0,1,0.10,0,0,0,1,0,0,Matches
235,Lucas Bergvall,se SWE,MFFW,Tottenham,eng Premier League,19-273,2006,4.6,9,1.96,4,3,1,1,0,0,1,0.22,1,0,0,0,0,0,Matches
236,Medon Berisha,al ALB,MF,Lecce,it Serie A,22-012,2003,5.5,18,3.25,5,10,1,1,1,0,1,0.18,0,1,0,0,0,0,Matches
237,Anthony Bermont,fr FRA,DFMF,Lens,fr Ligue 1,20-265,2005,0.5,4,8.78,3,0,1,0,0,0,1,2.20,1,0,0,0,0,0,Matches
238,Adrian Bernabe,es ESP,MFDF,Parma,it Serie A,24-160,2001,7.7,26,3.36,16,6,1,3,0,0,0,0.00,0,0,0,0,0,0,Matches
239,Marc Bernal,es ESP,MF,Barcelona,es La Liga,18-160,2007,0.1,1,8.18,1,0,0,0,0,0,1,8.18,1,0,0,0,0,0,Matches
240,Federico Bernardeschi,it ITA,FWMF,Bologna,it Serie A,31-259,1994,3.6,24,6.71,16,2,3,2,1,0,2,0.56,1,1,0,0,0,0,Matches
241,Bernardo,br BRA,DF,Hoffenheim,de Bundesliga,30-172,1995,7.9,8,1.01,7,1,0,0,0,0,0,0.00,0,0,0,0,0,0,Matches
242,Lorenzo Bernasconi,it ITA,DF,Atalanta,it Serie A,21-351,2003,2.8,10,3.52,4,5,0,1,0,0,0,0.00,0,0,0,0,0,0,Matches
243,Antoine Bernede,fr FRA,MF,Hellas Verona,it Serie A,26-160,1999,7.6,21,2.76,18,1,0,1,1,0,0,0.00,0,0,0,0,0,0,Matches
244,Nicolò Bertola,it ITA,DF,Udinese,it Serie A,22-224,2003,3.8,4,1.06,4,0,0,0,0,0,0,0.00,0,0,0,0,0,0,Matches
245,Jan-Niklas Beste,de GER,FW,Freiburg,de Bundesliga,26-302,1999,5.3,13,2.45,6,5,0,0,2,0,2,0.38,1,0,0,0,1,0,Matches
246,Beto,gw GNB,FW,Everton,eng Premier League,27-275,1998,6.3,9,1.44,5,0,0,3,1,0,1,0.16,0,0,0,1,0,0,Matches
247,Sam Beukema,nl NED,DF,Napoli,it Serie A,26-350,1998,4.0,2,0.50,2,0,0,0,0,0,0,0.00,0,0,0,0,0,0,Matches
248,Matteo Bianchetti,it ITA,DF,Cremonese,it Serie A,32-230,1993,8.7,7,0.80,5,0,0,2,0,0,1,0.11,0,0,0,1,0,0,Matches
249,Mika Biereth,dk DEN,FWMF,Monaco,fr Ligue 1,22-267,2003,6.2,10,1.62,8,0,0,1,1,0,2,0.32,1,0,0,1,0,0,Matches
250,Pedro Bigas,es ESP,DF,Elche,es La Liga,35-048,1990,8.6,5,0.58,5,0,0,0,0,0,0,0.00,0,0,0,0,0,0,Matches
251,Jaka Bijol,si SVN,DF,Leeds United,eng Premier League,26-270,1999,2.0,0,0.00,0,0,0,0,0,0,0,0.00,0,0,0,0,0,0,Matches
252,Cristiano Biraghi,it ITA,DFMF,Torino,it Serie A,33-062,1992,4.9,11,2.24,8,3,0,0,0,0,0,0.00,0,0,0,0,0,0,Matches
253,Tom Bischof,de GER,DFMF,Bayern Munich,de Bundesliga,20-127,2005,3.4,17,5.05,15,1,1,0,0,0,3,0.89,3,0,0,0,0,0,Matches
254,Leonardo Bittencourt,de GER,MF,Werder Bremen,de Bundesliga,31-318,1993,2.0,6,3.02,6,0,0,0,0,0,0,0.00,0,0,0,0,0,0,Matches
255,Emmanuel Biumla,fr FRA,DF,Angers,fr Ligue 1,20-178,2005,1.5,1,0.70,0,1,0,0,0,0,0,0.00,0,0,0,0,0,0,Matches
256,Marco Bizot,nl NED,GK,Aston Villa,eng Premier League,34-237,1991,2.0,0,0.00,0,0,0,0,0,0,0,0.00,0,0,0,0,0,0,Matches
257,Antonio Blanco,es ESP,MF,Alavés,es La Liga,25-102,2000,8.4,12,1.43,12,0,0,0,0,0,0,0.00,0,0,0,0,0,0,Matches
258,Ludovic Blas,fr FRA,MFDF,Rennes,fr Ligue 1,27-306,1997,6.0,25,4.18,17,2,1,3,2,0,4,0.67,2,1,0,1,0,0,Matches
259,Daley Blind,nl NED,DF,Girona,es La Liga,35-238,1990,9.6,13,1.36,12,1,0,0,0,0,1,0.10,1,0,0,0,0,0,Matches
260,Adam Boayar,ma MAR,MF,Elche,es La Liga,20-020,2005,0.1,0,0.00,0,0,0,0,0,0,0,0.00,0,0,0,0,0,0,Matches
261,Oscar Bobb,no NOR,MFFW,Manchester City,eng Premier League,22-113,2003,5.0,20,3.96,14,0,5,0,1,0,3,0.59,2,0,1,0,0,0,Matches
262,Ben Bobzien,de GER,FW,Mainz 05,de Bundesliga,22-187,2003,0.1,0,0.00,0,0,0,0,0,0,0,0.00,0,0,0,0,0,0,Matches
263,Arnaud Bodart,be BEL,GK,Lille,fr Ligue 1,27-236,1998,2.0,0,0.00,0,0,0,0,0,0,0,0.00,0,0,0,0,0,0,Matches
264,Sacha Boey,fr FRA,DF,Bayern Munich,de Bundesliga,25-050,2000,5.1,8,1.56,7,0,0,1,0,0,1,0.19,0,0,0,1,0,0,Matches
265,Jeremie Boga,ci CIV,FWMF,Nice,fr Ligue 1,28-303,1997,6.5,25,3.83,17,3,3,2,0,0,2,0.31,1,0,0,1,0,0,Matches
266,Lamare Bogarde,nl NED,MF,Aston Villa,eng Premier League,21-301,2004,3.1,5,1.58,5,0,0,0,0,0,1,0.32,1,0,0,0,0,0,Matches
267,Jayden Bogle,eng ENG,DF,Leeds United,eng Premier League,25-098,2000,9.6,11,1.14,8,0,1,0,1,1,0,0.00,0,0,0,0,0,0,Matches
268,Adama Boiro,es ESP,DF,Athletic Club,es La Liga,23-133,2002,0.5,1,2.00,1,0,0,0,0,0,0,0.00,0,0,0,0,0,0,Matches
269,Morgan Bokelé Mputu,cm CMR,FWDF,Metz,fr Ligue 1,21-234,2004,1.9,3,1.60,1,0,0,0,2,0,0,0.00,0,0,0,0,0,0,Matches
270,Daniel Boloca,ro ROU,MF,Sassuolo,it Serie A,26-315,1998,1.5,4,2.67,3,0,0,0,0,1,0,0.00,0,0,0,0,0,0,Matches
271,Moïse Bombito,ca CAN,DF,Nice,fr Ligue 1,25-217,2000,1.6,1,0.62,1,0,0,0,0,0,0,0.00,0,0,0,0,0,0,Matches
272,Federico Bonazzoli,it ITA,FW,Cremonese,it Serie A,28-165,1997,5.2,7,1.35,6,0,0,0,1,0,1,0.19,1,0,0,0,0,0,Matches
273,Warren Bondo,fr FRA,MF,Cremonese,it Serie A,22-048,2003,7.4,10,1.35,8,0,1,0,1,0,0,0.00,0,0,0,0,0,0,Matches
274,Giovanni Bonfanti,it ITA,DF,Pisa,it Serie A,22-289,2003,3.6,3,0.83,2,1,0,0,0,0,0,0.00,0,0,0,0,0,0,Matches
275,Victor Boniface,ng NGA,FWMF,Werder Bremen,de Bundesliga,24-314,2000,2.9,10,3.50,6,0,2,1,1,0,2,0.70,2,0,0,0,0,0,Matches
276,Rahim Bonkano,ne NIG,DF,Oviedo,es La Liga,23-305,2002,8.4,15,1.79,13,1,1,0,0,0,0,0.00,0,0,0,0,0,0,Matches
277,Ange-Yoan Bonny,fr FRA,FW,Inter,it Serie A,22-008,2003,3.1,14,4.55,12,0,0,1,1,0,5,1.62,4,0,0,0,1,0,Matches
278,Gennaro Borrelli,it ITA,FW,Cagliari,it Serie A,25-237,2000,4.5,10,2.20,6,0,0,0,3,1,0,0.00,0,0,0,0,0,0,Matches
279,Sven Botman,nl NED,DF,Newcastle Utd,eng Premier League,25-294,2000,5.4,2,0.37,1,1,0,0,0,0,0,0.00,0,0,0,0,0,0,Matches
280,Ayyoub Bouaddi,fr FRA,MF,Lille,fr Ligue 1,18-031,2007,8.0,16,1.99,12,0,2,2,0,0,0,0.00,0,0,0,0,0,0,Matches
281,Badredine Bouanani,dz ALG,MF,Nice,fr Ligue 1,20-329,2004,1.0,3,2.90,3,0,0,0,0,0,0,0.00,0,0,0,0,0,0,Matches
282,Badredine Bouanani,dz ALG,FWMF,Stuttgart,de Bundesliga,20-329,2004,1.8,9,5.03,6,2,1,0,0,0,1,0.56,1,0,0,0,0,0,Matches
283,Hicham Boudaoui,dz ALG,MF,Nice,fr Ligue 1,26-040,1999,8.1,27,3.34,20,0,2,3,1,1,3,0.37,2,0,1,0,0,0,Matches
284,Justin Bourgault,fr FRA,MFDF,Brest,fr Ligue 1,20-049,2005,0.2,1,5.63,0,0,1,0,0,0,0,0.00,0,0,0,0,0,0,Matches
285,Jarrod Bowen,eng ENG,FWMF,West Ham,eng Premier League,28-317,1996,9.0,29,3.22,18,0,4,5,1,1,1,0.11,1,0,0,0,0,0,Matches
286,Lucas Boyé,ar ARG,FWMF,Alavés,es La Liga,29-247,1996,5.1,19,3.70,14,0,2,2,0,1,0,0.00,0,0,0,0,0,0,Matches
287,Enzo Boyomo,cm CMR,DF,Osasuna,es La Liga,24-026,2001,10.0,14,1.40,13,1,0,0,0,0,0,0.00,0,0,0,0,0,0,Matches
288,Domagoj Bradarić,hr CRO,DFFW,Hellas Verona,it Serie A,25-327,1999,6.9,12,1.74,10,1,0,0,0,1,0,0.00,0,0,0,0,0,0,Matches
289,Conor Bradley,nir NIR,DF,Liverpool,eng Premier League,22-116,2003,5.0,1,0.20,1,0,0,0,0,0,0,0.00,0,0,0,0,0,0,Matches
290,Bilal Brahimi,dz ALG,FW,Nice,fr Ligue 1,25-233,2000,0.0,1,90.00,1,0,0,0,0,0,0,0.00,0,0,0,0,0,0,Matches
291,Julian Brandt,de GER,FWMF,Dortmund,de Bundesliga,29-184,1996,4.0,11,2.73,10,0,0,1,0,0,2,0.50,2,0,0,0,0,0,Matches
292,Lilian Brassier,fr FRA,DF,Rennes,fr Ligue 1,26-000,1999,4.4,7,1.59,7,0,0,0,0,0,0,0.00,0,0,0,0,0,0,Matches
293,Iker Bravo,es ESP,FW,Udinese,it Serie A,20-293,2005,1.8,5,2.73,4,0,0,1,0,0,0,0.00,0,0,0,0,0,0,Matches
294,Josip Brekalo,hr CRO,FW,Oviedo,es La Liga,27-132,1998,3.4,12,3.50,10,1,1,0,0,0,0,0.00,0,0,0,0,0,0,Matches
295,Gleison Bremer,br BRA,DF,Juventus,it Serie A,28-229,1997,3.8,4,1.04,4,0,0,0,0,0,2,0.52,2,0,0,0,0,0,Matches
296,Marco Brescianini,it ITA,MFDF,Atalanta,it Serie A,25-286,2000,1.8,6,3.40,4,1,0,1,0,0,0,0.00,0,0,0,0,0,0,Matches
297,Abel Bretones,es ESP,DFMF,Osasuna,es La Liga,25-073,2000,8.0,17,2.13,13,1,0,0,2,1,1,0.13,1,0,0,0,0,0,Matches
298,Sascha Britschgi,ch SUI,DF,Parma,it Serie A,19-067,2006,4.5,3,0.67,1,1,0,1,0,0,0,0.00,0,0,0,0,0,0,Matches
299,Brian Brobbey,nl NED,FW,Sunderland,eng Premier League,23-274,2002,0.8,1,1.18,1,0,0,0,0,0,1,1.18,1,0,0,0,0,0,Matches
300,Marius Broholm,no NOR,FW,Lille,fr Ligue 1,20-311,2004,1.3,5,3.78,3,0,1,0,0,1,0,0.00,0,0,0,0,0,0,Matches
301,Armando Broja,al ALB,FW,Burnley,eng Premier League,24-053,2001,0.7,0,0.00,0,0,0,0,0,0,0,0.00,0,0,0,0,0,0,Matches
302,David Brooks,wls WAL,FWMF,Bournemouth,eng Premier League,28-117,1997,5.3,17,3.21,9,2,4,2,0,0,2,0.38,1,1,0,0,0,0,Matches
303,Nathaniel Brown,de GER,DFFW,Eint Frankfurt,de Bundesliga,22-139,2003,6.8,18,2.63,15,2,0,0,1,0,3,0.44,3,0,0,0,0,0,Matches
304,Brugui,es ESP,MF,Levante,es La Liga,28-363,1996,7.1,9,1.27,5,0,1,3,0,0,2,0.28,1,0,0,1,0,0,Matches
305,Paris Brunner,de GER,FW,Monaco,fr Ligue 1,19-260,2006,0.9,2,2.14,1,0,0,0,1,0,0,0.00,0,0,0,0,0,0,Matches
306,Jacob Bruun Larsen,dk DEN,FWMF,Burnley,eng Premier League,27-044,1998,4.4,7,1.61,6,0,0,0,0,1,1,0.23,1,0,0,0,0,0,Matches
307,Tajon Buchanan,ca CAN,MF,Villarreal,es La Liga,26-267,1999,7.2,17,2.36,11,0,1,1,4,0,1,0.14,0,0,1,0,0,0,Matches
308,Ante Budimir,hr CRO,FW,Osasuna,es La Liga,34-103,1991,9.1,10,1.10,5,0,1,3,1,0,1,0.11,0,0,0,0,1,0,Matches
309,Emi Buendía,ar ARG,FWMF,Aston Villa,eng Premier League,28-312,1996,4.0,14,3.53,14,0,0,0,0,0,2,0.50,2,0,0,0,0,0,Matches
310,Hugo Bueno,es ESP,DFMF,Wolves,eng Premier League,23-045,2002,7.8,24,3.08,21,1,1,0,1,0,0,0.00,0,0,0,0,0,0,Matches
311,Manu Bueno,es ESP,MF,Sevilla,es La Liga,21-098,2004,0.1,0,0.00,0,0,0,0,0,0,0,0.00,0,0,0,0,0,0,Matches
312,Santiago Bueno,uy URU,DF,Wolves,eng Premier League,26-358,1998,6.4,10,1.57,7,0,0,0,3,0,2,0.31,1,0,0,0,1,0,Matches
313,Louis Buffon,it ITA,FW,Pisa,it Serie A,17-309,2007,0.2,0,0.00,0,0,0,0,0,0,0,0.00,0,0,0,0,0,0,Matches
314,Adam Buksa,pl POL,FW,Udinese,it Serie A,29-113,1996,3.5,7,2.00,6,0,0,1,0,0,1,0.29,0,0,0,1,0,0,Matches
315,Andrija Bulatović,me MNE,MF,Lens,fr Ligue 1,18-310,2006,0.1,0,0.00,0,0,0,0,0,0,0,0.00,0,0,0,0,0,0,Matches
316,Marius Bülter,de GER,FWMF,Köln,de Bundesliga,32-218,1993,4.2,15,3.58,12,0,0,1,1,1,3,0.72,3,0,0,0,0,0,Matches
317,Facundo Buonanotte,ar ARG,MF,Chelsea,eng Premier League,20-314,2004,0.5,2,4.00,2,0,0,0,0,0,0,0.00,0,0,0,0,0,0,Matches
318,Alessandro Buongiorno,it ITA,DF,Napoli,it Serie A,26-149,1999,5.4,8,1.47,6,1,0,0,0,1,1,0.18,1,0,0,0,0,0,Matches
319,Wouter Burger,nl NED,MF,Hoffenheim,de Bundesliga,24-259,2001,6.0,14,2.32,14,0,0,0,0,0,1,0.17,1,0,0,0,0,0,Matches
320,Jonathan Burkardt,de GER,FW,Eint Frankfurt,de Bundesliga,25-114,2000,5.7,9,1.58,7,0,0,0,1,1,2,0.35,1,0,0,0,1,0,Matches
321,Oliver Burke,sct SCO,MFFW,Union Berlin,de Bundesliga,28-209,1997,4.5,15,3.33,9,0,1,2,3,0,1,0.22,1,0,0,0,0,0,Matches
322,Vincent Burlet,be BEL,DF,Lille,fr Ligue 1,20-040,2005,0.2,2,9.47,2,0,0,0,0,0,0,0.00,0,0,0,0,0,0,Matches
323,Dan Burn,eng ENG,DF,Newcastle Utd,eng Premier League,33-177,1992,9.0,7,0.78,7,0,0,0,0,0,1,0.11,1,0,0,0,0,0,Matches
324,Marnon Busch,de GER,DFMF,Heidenheim,de Bundesliga,30-329,1994,4.7,10,2.13,8,0,1,0,0,1,2,0.43,1,0,1,0,0,0,Matches
325,Aurélio Buta,pt POR,DF,Eint Frankfurt,de Bundesliga,28-265,1997,1.5,2,1.31,1,0,0,0,1,0,0,0.00,0,0,0,0,0,0,Matches
326,Jean Butez,fr FRA,GK,Como,it Serie A,30-147,1995,10.0,5,0.50,5,0,0,0,0,0,0,0.00,0,0,0,0,0,0,Matches
327,Sam Byram,eng ENG,DF,Leeds United,eng Premier League,32-047,1993,0.1,0,0.00,0,0,0,0,0,0,0,0.00,0,0,0,0,0,0,Matches
328,William Bøving,dk DEN,MFFW,Mainz 05,de Bundesliga,22-246,2003,0.8,2,2.47,2,0,0,0,0,0,0,0.00,0,0,0,0,0,0,Matches
329,Jorge Cabello,es ESP,DF,Levante,es La Liga,21-191,2004,2.7,2,0.75,2,0,0,0,0,0,0,0.00,0,0,0,0,0,0,Matches
330,Pape Cabral,fr FRA,MF,Monaco,fr Ligue 1,18-286,2007,0.5,2,3.83,1,0,0,1,0,0,0,0.00,0,0,0,0,0,0,Matches
331,Leandro Cabrera,uy URU,DF,Espanyol,es La Liga,34-138,1991,9.0,10,1.11,8,1,0,0,1,0,1,0.11,1,0,0,0,0,0,Matches
332,Anthony Caci,fr FRA,DFMF,Mainz 05,de Bundesliga,28-124,1997,3.4,18,5.23,13,1,2,1,1,0,0,0.00,0,0,0,0,0,0,Matches
333,Noah Cadiou,gp GLP,MF,Lorient,fr Ligue 1,27-007,1998,1.6,0,0.00,0,0,0,0,0,0,0,0.00,0,0,0,0,0,0,Matches
334,Mathieu Cafaro,fr FRA,FWMF,Paris FC,fr Ligue 1,28-222,1997,0.4,1,2.73,1,0,0,0,0,0,0,0.00,0,0,0,0,0,0,Matches
335,Moisés Caicedo,ec ECU,MF,Chelsea,eng Premier League,24-000,2001,9.5,23,2.42,20,0,0,2,0,1,4,0.42,3,0,0,0,0,1,Matches
336,Tom Cairney,sct SCO,MF,Fulham,eng Premier League,34-286,1991,2.3,3,1.34,2,0,0,1,0,0,0,0.00,0,0,0,0,0,0,Matches
337,Arturo Calabresi,it ITA,DF,Pisa,it Serie A,29-230,1996,1.6,2,1.25,1,1,0,0,0,0,0,0.00,0,0,0,0,0,0,Matches
338,Riccardo Calafiori,it ITA,DF,Arsenal,eng Premier League,23-167,2002,8.5,18,2.11,10,1,1,3,2,1,5,0.59,3,0,0,1,0,1,Matches
339,Calebe,br BRA,MFDF,Alavés,es La Liga,25-186,2000,1.9,11,5.82,6,2,2,0,1,0,1,0.53,0,0,0,0,1,0,Matches
340,Fernando Calero,es ESP,DF,Espanyol,es La Liga,30-049,1995,5.5,4,0.73,4,0,0,0,0,0,0,0.00,0,0,0,0,0,0,Matches
341,Duje Ćaleta-Car,hr CRO,DF,Real Sociedad,es La Liga,29-046,1996,7.7,7,0.90,7,0,0,0,0,0,0,0.00,0,0,0,0,0,0,Matches
342,Hakan Çalhanoğlu,tr TUR,MF,Inter,it Serie A,31-267,1994,5.8,23,3.95,11,9,1,2,0,0,1,0.17,1,0,0,0,0,0,Matches
343,Dominic Calvert-Lewin,eng ENG,FW,Leeds United,eng Premier League,28-231,1997,6.6,14,2.11,11,0,1,1,1,0,1,0.15,0,0,0,0,1,0,Matches
344,Dani Calvo,es ESP,DF,Oviedo,es La Liga,31-215,1994,6.0,1,0.17,1,0,0,0,0,0,0,0.00,0,0,0,0,0,0,Matches
345,Adama Camara,fr FRA,MF,Paris FC,fr Ligue 1,29-015,1996,7.0,12,1.71,8,0,1,1,0,2,1,0.14,1,0,0,0,0,0,Matches
346,Amady Camara,ml MLI,FWMF,Nantes,fr Ligue 1,20-158,2005,1.5,4,2.59,2,1,0,1,0,0,1,0.65,0,0,0,1,0,0,Matches
347,Dawda Camara,mr MTN,FW,Girona,es La Liga,22-363,2002,0.8,0,0.00,0,0,0,0,0,0,0,0.00,0,0,0,0,0,0,Matches
348,Lamine Camara,sn SEN,MF,Monaco,fr Ligue 1,21-305,2004,3.7,13,3.52,10,2,1,0,0,0,5,1.36,3,1,1,0,0,0,Matches
349,Mahdi Camara,fr FRA,MFDF,Rennes,fr Ligue 1,27-125,1998,6.0,12,2.00,10,0,2,0,0,0,0,0.00,0,0,0,0,0,0,Matches
350,Ousmane Camara,ml MLI,DF,Angers,fr Ligue 1,22-241,2003,8.7,4,0.46,3,0,0,0,0,1,0,0.00,0,0,0,0,0,0,Matches
351,Francesco Camarda,it ITA,FW,Lecce,it Serie A,17-237,2008,3.6,2,0.55,1,0,1,0,0,0,0,0.00,0,0,0,0,0,0,Matches
352,Eduardo Camavinga,fr FRA,MF,Real Madrid,es La Liga,22-357,2002,3.0,7,2.35,6,0,0,0,1,0,1,0.34,1,0,0,0,0,0,Matches
353,Nicolò Cambiaghi,it ITA,FW,Bologna,it Serie A,24-309,2000,6.3,19,3.01,13,0,3,1,2,0,3,0.48,2,0,0,0,1,0,Matches
354,Andrea Cambiaso,it ITA,DFFW,Juventus,it Serie A,25-255,2000,7.3,29,3.96,24,5,0,0,0,0,1,0.14,1,0,0,0,0,0,Matches
355,Axel Camblan,fr FRA,FWMF,Brest,fr Ligue 1,22-064,2003,0.1,2,15.00,2,0,0,0,0,0,0,0.00,0,0,0,0,0,0,Matches
356,Sergio Camello,es ESP,FWMF,Rayo Vallecano,es La Liga,24-265,2001,1.7,6,3.62,5,0,0,0,0,1,0,0.00,0,0,0,0,0,0,Matches
357,Cole Campbell,us USA,FW,Dortmund,de Bundesliga,19-255,2006,0.2,1,5.29,1,0,0,0,0,0,0,0.00,0,0,0,0,0,0,Matches
358,Matteo Cancellieri,it ITA,FW,Lazio,it Serie A,23-263,2002,4.6,11,2.41,7,0,0,2,2,0,1,0.22,1,0,0,0,0,0,Matches
359,Fali Candé,gw GNB,DF,Sassuolo,it Serie A,27-282,1998,2.4,2,0.84,2,0,0,0,0,0,0,0.00,0,0,0,0,0,0,Matches
360,Simone Canestrelli,it ITA,DF,Pisa,it Serie A,25-052,2000,9.0,8,0.89,7,0,0,1,0,0,1,0.11,0,0,0,1,0,0,Matches
361,Jaydee Canvot,fr FRA,DF,Crystal Palace,eng Premier League,19-096,2006,0.0,0,0.00,0,0,0,0,0,0,0,0.00,0,0,0,0,0,0,Matches
362,Jaydee Canvot,fr FRA,MFDF,Toulouse,fr Ligue 1,19-096,2006,2.0,0,0.00,0,0,0,0,0,0,0,0.00,0,0,0,0,0,0,Matches
363,Nicolás Capaldo,ar ARG,DFMF,Hamburger SV,de Bundesliga,28-049,1997,5.3,11,2.07,8,0,0,0,2,1,1,0.19,1,0,0,0,0,0,Matches
364,Pierrick Capelle,fr FRA,MF,Angers,fr Ligue 1,38-201,1987,0.6,3,5.00,3,0,0,0,0,0,0,0.00,0,0,0,0,0,0,Matches
365,Elia Caprile,it ITA,GK,Cagliari,it Serie A,24-069,2001,9.0,1,0.11,0,1,0,0,0,0,0,0.00,0,0,0,0,0,0,Matches
366,Maxence Caqueret,fr FRA,MFFW,Como,it Serie A,25-260,2000,4.5,22,4.91,19,1,0,0,1,1,1,0.22,1,0,0,0,0,0,Matches
367,Antonio Caracciolo,it ITA,DF,Pisa,it Serie A,35-125,1990,9.0,5,0.56,3,2,0,0,0,0,0,0.00,0,0,0,0,0,0,Matches
368,Valentin Carboni,ar ARG,MFFW,Genoa,it Serie A,20-242,2005,3.6,14,3.90,11,0,2,0,1,0,0,0.00,0,0,0,0,0,0,Matches
369,Sergi Cardona,es ESP,DF,Villarreal,es La Liga,26-117,1999,8.0,21,2.63,19,2,0,0,0,0,2,0.25,2,0,0,0,0,0,Matches
370,Fábio Cardoso,pt POR,DF,Sevilla,es La Liga,31-197,1994,1.4,0,0.00,0,0,0,0,0,0,0,0.00,0,0,0,0,0,0,Matches
371,Johnny Cardoso,us USA,MF,Atlético Madrid,es La Liga,24-043,2001,2.0,3,1.48,2,0,1,0,0,0,0,0.00,0,0,0,0,0,0,Matches
372,Igor Carioca,br BRA,DF,Lorient,fr Ligue 1,29-073,1996,4.5,10,2.22,5,3,1,0,0,1,0,0.00,0,0,0,0,0,0,Matches
373,Diego Carlos,br BRA,DF,Como,it Serie A,32-232,1993,6.4,0,0.00,0,0,0,0,0,0,0,0.00,0,0,0,0,0,0,Matches
374,Kevin Carlos,es ESP,FW,Nice,fr Ligue 1,24-206,2001,4.5,9,2.02,6,0,0,2,1,0,5,1.12,4,0,0,0,1,0,Matches
375,David Carmo,ao ANG,DF,Oviedo,es La Liga,26-106,1999,6.1,4,0.65,3,0,0,1,0,0,0,0.00,0,0,0,0,0,0,Matches
376,Carmona,es ESP,DFMF,Sevilla,es La Liga,23-277,2002,9.2,20,2.18,13,0,3,2,2,0,5,0.55,3,0,2,0,0,0,Matches
377,Marco Carnesecchi,it ITA,GK,Atalanta,it Serie A,25-124,2000,10.0,2,0.20,1,1,0,0,0,0,0,0.00,0,0,0,0,0,0,Matches
378,Sergio Carreira,es ESP,MFDF,Celta Vigo,es La Liga,25-020,2000,6.9,11,1.59,8,1,2,0,0,0,0,0.00,0,0,0,0,0,0,Matches
379,Álvaro Carreras,es ESP,DF,Real Madrid,es La Liga,22-224,2003,10.9,27,2.48,25,0,0,0,2,0,2,0.18,2,0,0,0,0,0,Matches
380,Dani Carvajal,es ESP,DF,Real Madrid,es La Liga,33-295,1992,4.2,4,0.96,3,0,0,1,0,0,0,0.00,0,0,0,0,0,0,Matches
381,Fabio Carvalho,pt POR,FWMF,Brentford,eng Premier League,23-064,2002,1.1,3,2.65,1,1,1,0,0,0,1,0.88,0,1,0,0,0,0,Matches
382,Cesare Casadei,it ITA,MF,Torino,it Serie A,22-296,2003,8.2,18,2.20,14,0,0,0,1,3,0,0.00,0,0,0,0,0,0,Matches
383,Marc Casado,es ESP,MF,Barcelona,es La Liga,22-049,2003,3.4,13,3.79,13,0,0,0,0,0,3,0.87,3,0,0,0,0,0,Matches
384,Nicolò Casale,it ITA,DF,Bologna,it Serie A,27-261,1998,0.6,0,0.00,0,0,0,0,0,0,0,0.00,0,0,0,0,0,0,Matches
385,Casemiro,br BRA,MF,Manchester Utd,eng Premier League,33-252,1992,6.0,9,1.49,8,0,0,0,0,1,2,0.33,2,0,0,0,0,0,Matches
386,Matty Cash,pl POL,DF,Aston Villa,eng Premier League,28-087,1997,9.7,15,1.54,9,6,0,0,0,0,1,0.10,1,0,0,0,0,0,Matches
387,Josué Casimir,ht HAI,MFDF,Auxerre,fr Ligue 1,24-039,2001,8.7,19,2.19,10,4,1,3,1,0,0,0.00,0,0,0,0,0,0,Matches
388,Cristian Cásseres Jr.,ve VEN,MF,Toulouse,fr Ligue 1,25-286,2000,8.0,21,2.63,11,8,0,0,2,0,2,0.25,1,0,0,0,1,0,Matches
389,Timothy Castagne,be BEL,DFFW,Fulham,eng Premier League,29-332,1995,4.4,12,2.71,7,2,0,3,0,0,0,0.00,0,0,0,0,0,0,Matches
390,Valentín Castellanos,ar ARG,FW,Lazio,it Serie A,27-030,1998,4.8,12,2.52,7,0,2,1,2,0,5,1.05,4,0,0,0,1,0,Matches
391,Castrin,es ESP,DF,Sevilla,es La Liga,22-305,2003,3.7,1,0.27,1,0,0,0,0,0,0,0.00,0,0,0,0,0,0,Matches
392,Jonny Castro,es ESP,DF,Alavés,es La Liga,31-244,1994,9.9,18,1.82,16,1,0,1,0,0,0,0.00,0,0,0,0,0,0,Matches
393,Santiago Castro,ar ARG,FW,Bologna,it Serie A,21-034,2004,5.8,12,2.05,11,0,0,1,0,0,1,0.17,1,0,0,0,0,0,Matches
394,Alessio Castro-Montes,be BEL,DFFW,Köln,de Bundesliga,28-169,1997,0.3,2,6.67,1,1,0,0,0,0,1,3.33,1,0,0,0,0,0,Matches
395,Danilo Cataldi,it ITA,MF,Lazio,it Serie A,31-088,1994,6.8,12,1.77,11,1,0,0,0,0,1,0.15,1,0,0,0,0,0,Matches
396,Catena,es ESP,DF,Osasuna,es La Liga,31-005,1994,10.0,6,0.60,5,0,0,0,1,0,1,0.10,1,0,0,0,0,0,Matches
397,Nicolò Cavuoti,it ITA,DF,Cagliari,it Serie A,22-212,2003,0.1,0,0.00,0,0,0,0,0,0,0,0.00,0,0,0,0,0,0,Matches
398,Santi Cazorla,es ESP,MFFW,Oviedo,es La Liga,40-324,1984,2.2,5,2.25,2,3,0,0,0,0,0,0.00,0,0,0,0,0,0,Matches
399,Dani Ceballos,es ESP,MF,Real Madrid,es La Liga,29-087,1996,3.1,9,2.88,8,1,0,0,0,0,0,0.00,0,0,0,0,0,0,Matches
400,Federico Ceccherini,it ITA,DF,Cremonese,it Serie A,33-175,1992,1.2,0,0.00,0,0,0,0,0,0,0,0.00,0,0,0,0,0,0,Matches
401,Abdoulie Ceesay,gm GAM,FW,St. Pauli,de Bundesliga,21-301,2004,1.4,4,2.79,2,0,0,0,2,0,1,0.70,0,0,0,0,1,0,Matches
402,Zeki Çelik,tr TUR,DF,Roma,it Serie A,28-258,1997,6.2,8,1.28,8,0,0,0,0,0,1,0.16,1,0,0,0,0,0,Matches
403,Fabien Centonze,fr FRA,DF,Nantes,fr Ligue 1,29-290,1996,0.2,0,0.00,0,0,0,0,0,0,0,0.00,0,0,0,0,0,0,Matches
404,Václav Černý,cz CZE,FW,Wolfsburg,de Bundesliga,28-016,1997,0.5,1,1.91,0,0,0,1,0,0,0,0.00,0,0,0,0,0,0,Matches
405,Julian Chabot,de GER,DF,Stuttgart,de Bundesliga,27-263,1998,7.1,12,1.70,10,0,1,1,0,0,1,0.14,1,0,0,0,0,0,Matches
406,El Chadaille Bitshiabu,fr FRA,DF,RB Leipzig,de Bundesliga,20-170,2005,0.2,0,0.00,0,0,0,0,0,0,0,0.00,0,0,0,0,0,0,Matches
407,Fares Chaïbi,dz ALG,MF,Eint Frankfurt,de Bundesliga,22-339,2002,6.6,30,4.54,22,7,0,0,1,0,8,1.21,7,1,0,0,0,0,Matches
408,Ilyas Chaira,ma MAR,FWMF,Oviedo,es La Liga,24-273,2001,5.6,18,3.21,11,0,1,3,2,1,0,0.00,0,0,0,0,0,0,Matches
409,Trevoh Chalobah,eng ENG,DF,Chelsea,eng Premier League,26-120,1999,8.3,11,1.32,8,0,1,2,0,0,1,0.12,1,0,0,0,0,0,Matches
410,Fallou Cham,gm GAM,DF,Hellas Verona,it Serie A,19-261,2006,2.4,6,2.52,2,1,0,3,0,0,0,0.00,0,0,0,0,0,0,Matches
411,Brendan Chardonnet,fr FRA,DF,Brest,fr Ligue 1,30-315,1994,7.8,8,1.03,5,0,0,2,1,0,1,0.13,0,0,0,0,1,0,Matches
412,Pep Chavarría,es ESP,DF,Rayo Vallecano,es La Liga,27-206,1998,10.2,25,2.44,22,0,1,1,1,0,3,0.29,3,0,0,0,0,0,Matches
413,Arthur Chaves,br BRA,DF,Hoffenheim,de Bundesliga,24-277,2001,2.7,1,0.37,1,0,0,0,0,0,0,0.00,0,0,0,0,0,0,Matches
414,Walid Cheddira,ma MAR,FW,Sassuolo,it Serie A,27-284,1998,0.7,4,5.54,3,0,0,1,0,0,1,1.38,1,0,0,0,0,0,Matches
415,Chema,es ESP,MF,Stuttgart,de Bundesliga,20-191,2005,4.5,10,2.24,9,0,0,1,0,0,0,0.00,0,0,0,0,0,0,Matches
416,Samir Chergui,dz ALG,DF,Paris FC,fr Ligue 1,26-269,1999,9.2,6,0.66,5,0,1,0,0,0,0,0.00,0,0,0,0,0,0,Matches
417,Sidiki Cherif,fr FRA,FWMF,Angers,fr Ligue 1,18-322,2006,5.9,7,1.20,3,0,2,1,1,0,0,0.00,0,0,0,0,0,0,Matches
418,Rayan Cherki,fr FRA,MFFW,Manchester City,eng Premier League,22-077,2003,1.0,7,6.85,5,1,0,0,1,0,0,0.00,0,0,0,0,0,0,Matches
419,Lucas Chevalier,fr FRA,GK,Paris S-G,fr Ligue 1,23-361,2001,11.0,0,0.00,0,0,0,0,0,0,0,0.00,0,0,0,0,0,0,Matches
420,Fabio Chiarodia,it ITA,DF,Gladbach,de Bundesliga,20-150,2005,3.1,4,1.29,2,0,0,0,0,2,0,0.00,0,0,0,0,0,0,Matches
421,Federico Chiesa,it ITA,FWMF,Liverpool,eng Premier League,28-008,1997,1.3,5,3.85,2,0,1,2,0,0,2,1.54,1,0,0,1,0,0,Matches
422,Ben Chilwell,eng ENG,DFFW,Strasbourg,fr Ligue 1,28-316,1996,3.8,2,0.52,2,0,0,0,0,0,0,0.00,0,0,0,0,0,0,Matches
423,Joris Chotard,fr FRA,MF,Brest,fr Ligue 1,24-039,2001,8.2,12,1.47,11,0,0,1,0,0,0,0.00,0,0,0,0,0,0,Matches
424,Andreas Christensen,dk DEN,DF,Barcelona,es La Liga,29-206,1996,3.5,2,0.57,2,0,0,0,0,0,0,0.00,0,0,0,0,0,0,Matches
425,Ryan Christie,sct SCO,MF,Bournemouth,eng Premier League,30-253,1995,2.1,5,2.39,3,0,0,1,1,0,2,0.96,1,0,0,0,1,0,Matches
426,Carney Chukwuemeka,eng ENG,FWMF,Dortmund,de Bundesliga,22-013,2003,2.4,5,2.07,5,0,0,0,0,0,0,0.00,0,0,0,0,0,0,Matches
427,Samuel Chukwueze,ng NGA,FWMF,Fulham,eng Premier League,26-164,1999,0.5,7,12.86,5,0,2,0,0,0,1,1.84,1,0,0,0,0,0,Matches
428,Samuel Chukwueze,ng NGA,FW,Milan,it Serie A,26-164,1999,0.3,1,3.46,1,0,0,0,0,0,0,0.00,0,0,0,0,0,0,Matches
429,Víctor Chust,es ESP,DF,Elche,es La Liga,25-242,2000,5.7,3,0.53,3,0,0,0,0,0,0,0.00,0,0,0,0,0,0,Matches
430,Alessandro Circati,au AUS,DF,Parma,it Serie A,22-023,2003,9.0,6,0.67,5,0,0,0,1,0,0,0.00,0,0,0,0,0,0,Matches
431,Pathé Ciss,sn SEN,MFDF,Rayo Vallecano,es La Liga,31-231,1994,8.3,15,1.80,12,1,0,0,1,1,0,0.00,0,0,0,0,0,0,Matches
432,Djaoui Cissé,fr FRA,MF,Rennes,fr Ligue 1,21-275,2004,3.8,14,3.68,11,0,1,1,0,1,0,0.00,0,0,0,0,0,0,Matches
433,Alexis Claude-Maurice,fr FRA,MFFW,Augsburg,de Bundesliga,27-149,1998,4.1,11,2.66,7,1,0,3,0,0,0,0.00,0,0,0,0,0,0,Matches
434,Jonathan Clauss,fr FRA,DFMF,Nice,fr Ligue 1,33-038,1992,6.8,24,3.51,14,8,0,1,0,1,2,0.29,2,0,0,0,0,0,Matches
435,Nathaniel Clyne,eng ENG,DF,Crystal Palace,eng Premier League,34-211,1991,0.1,0,0.00,0,0,0,0,0,0,0,0.00,0,0,0,0,0,0,Matches
436,Saúl Coco,gq EQG,DF,Torino,it Serie A,26-266,1999,9.0,4,0.44,3,0,0,0,1,0,1,0.11,1,0,0,0,0,0,Matches
437,Séamus Coleman,ie IRL,FW,Everton,eng Premier League,37-022,1988,0.0,0,0.00,0,0,0,0,0,0,0,0.00,0,0,0,0,0,0,Matches
438,Maxime Colin,fr FRA,DF,Metz,fr Ligue 1,33-352,1991,2.9,2,0.70,2,0,0,0,0,0,0,0.00,0,0,0,0,0,0,Matches
439,Nathan Collins,ie IRL,DF,Brentford,eng Premier League,24-186,2001,10.0,7,0.70,6,0,0,0,1,0,0,0.00,0,0,0,0,0,0,Matches
440,Nnamdi Collins,de GER,DF,Eint Frankfurt,de Bundesliga,21-296,2004,5.0,4,0.80,4,0,0,0,0,0,1,0.20,1,0,0,0,0,0,Matches
441,Michele Collocolo,it ITA,MF,Cremonese,it Serie A,25-359,1999,3.2,4,1.26,3,0,0,1,0,0,0,0.00,0,0,0,0,0,0,Matches
442,Santiago Colombatto,ar ARG,MF,Oviedo,es La Liga,28-289,1997,4.1,11,2.70,6,3,0,0,1,1,2,0.49,0,2,0,0,0,0,Matches
443,Lorenzo Colombo,it ITA,FWMF,Genoa,it Serie A,23-239,2002,4.7,2,0.43,0,0,0,2,0,0,0,0.00,0,0,0,0,0,0,Matches
444,Eray Cömert,ch SUI,DF,Valencia,es La Liga,27-271,1998,0.5,0,0.00,0,0,0,0,0,0,0,0.00,0,0,0,0,0,0,Matches
445,Santi Comesaña,es ESP,MF,Villarreal,es La Liga,29-028,1996,7.0,20,2.86,17,1,0,0,1,1,1,0.14,1,0,0,0,0,0,Matches
446,Pietro Comuzzo,it ITA,DF,Fiorentina,it Serie A,20-255,2005,3.3,2,0.60,2,0,0,0,0,0,0,0.00,0,0,0,0,0,0,Matches
447,Francisco Conceição,pt POR,MFFW,Juventus,it Serie A,22-323,2002,5.6,23,4.10,13,3,4,0,2,1,3,0.53,1,0,2,0,0,0,Matches
448,Sirlord Conteh,de GER,FWMF,Heidenheim,de Bundesliga,29-116,1996,2.6,7,2.68,6,0,0,0,1,0,1,0.38,1,0,0,0,0,0,Matches
449,Lewis Cook,eng ENG,MF,Bournemouth,eng Premier League,28-272,1997,0.1,0,0.00,0,0,0,0,0,0,0,0.00,0,0,0,0,0,0,Matches
450,Copete,es ESP,DF,Valencia,es La Liga,26-023,1999,6.8,12,1.77,7,0,2,2,0,1,0,0.00,0,0,0,0,0,0,Matches
451,Diego Coppola,it ITA,DF,Brighton,eng Premier League,21-309,2003,0.2,1,5.29,1,0,0,0,0,0,0,0.00,0,0,0,0,0,0,Matches
452,Francis Coquelin,fr FRA,MF,Nantes,fr Ligue 1,34-173,1991,1.7,2,1.21,1,0,0,1,0,0,0,0.00,0,0,0,0,0,0,Matches
453,Derek Cornelius,ca CAN,DF,Marseille,fr Ligue 1,27-342,1997,0.6,0,0.00,0,0,0,0,0,0,0,0.00,0,0,0,0,0,0,Matches
454,Maxwel Cornet,ci CIV,FWDF,Genoa,it Serie A,29-036,1996,0.8,4,4.80,2,1,0,1,0,0,0,0.00,0,0,0,0,0,0,Matches
455,Félix Correia,pt POR,FW,Lille,fr Ligue 1,24-284,2001,7.8,41,5.23,34,3,1,3,0,0,7,0.89,6,0,1,0,0,0,Matches
456,Thierry Correia,pt POR,DF,Valencia,es La Liga,26-238,1999,3.8,6,1.57,4,0,0,1,1,0,0,0.00,0,0,0,0,0,0,Matches
457,Coba da Costa,es ESP,MFFW,Getafe,es La Liga,23-099,2002,2.7,9,3.32,5,0,3,1,0,0,1,0.37,1,0,0,0,0,0,Matches
458,Danny da Costa,de GER,DF,Mainz 05,de Bundesliga,32-112,1993,8.2,11,1.35,9,0,1,0,0,1,0,0.00,0,0,0,0,0,0,Matches
459,Samu Costa,pt POR,MF,Mallorca,es La Liga,24-340,2000,5.6,8,1.43,6,0,0,1,0,1,0,0.00,0,0,0,0,0,0,Matches
460,David Costas,es ESP,DF,Oviedo,es La Liga,30-221,1995,3.9,1,0.26,1,0,0,0,0,0,0,0.00,0,0,0,0,0,0,Matches
461,Grégoire Coudert,fr FRA,GK,Brest,fr Ligue 1,26-213,1999,2.4,0,0.00,0,0,0,0,0,0,0,0.00,0,0,0,0,0,0,Matches
462,Vladimír Coufal,cz CZE,DF,Hoffenheim,de Bundesliga,33-072,1992,7.9,25,3.17,15,7,1,1,1,0,4,0.51,3,0,1,0,0,0,Matches
463,Abdoul Coulibaly,de GER,DF,Werder Bremen,de Bundesliga,18-163,2007,8.0,5,0.62,5,0,0,0,0,0,0,0.00,0,0,0,0,0,0,Matches
464,Lassana Coulibaly,ml MLI,MF,Lecce,it Serie A,29-206,1996,7.3,13,1.79,12,0,0,1,0,0,0,0.00,0,0,0,0,0,0,Matches
465,Lasso Coulibaly,ci CIV,MFDF,Auxerre,fr Ligue 1,23-014,2002,2.3,2,0.87,0,1,0,0,0,1,0,0.00,0,0,0,0,0,0,Matches
466,Mamadou Coulibaly,fr FRA,MF,Monaco,fr Ligue 1,21-195,2004,4.8,9,1.87,9,0,0,0,0,0,1,0.21,1,0,0,0,0,0,Matches
467,Soumaïla Coulibaly,fr FRA,DF,Brest,fr Ligue 1,22-019,2003,3.0,1,0.33,1,0,0,0,0,0,0,0.00,0,0,0,0,0,0,Matches
468,Woyo Coulibaly,ml MLI,DF,Sassuolo,it Serie A,26-166,1999,2.6,4,1.53,4,0,0,0,0,0,1,0.38,1,0,0,0,0,0,Matches
469,Marius Courcoul,fr FRA,MF,Angers,fr Ligue 1,18-305,2007,1.2,1,0.84,1,0,0,0,0,0,0,0.00,0,0,0,0,0,0,Matches
470,Thibaut Courtois,be BEL,GK,Real Madrid,es La Liga,33-175,1992,11.0,1,0.09,1,0,0,0,0,0,0,0.00,0,0,0,0,0,0,Matches
471,Yan Couto,br BRA,DFMF,Dortmund,de Bundesliga,23-152,2002,5.2,18,3.45,10,2,2,2,1,1,3,0.57,2,0,1,0,0,0,Matches
472,Patrice Čović,hr CRO,MFFW,Werder Bremen,de Bundesliga,18-130,2007,2.3,3,1.32,3,0,0,0,0,0,0,0.00,0,0,0,0,0,0,Matches
473,Nicolas Cozza,fr FRA,DF,Nantes,fr Ligue 1,26-298,1999,5.4,6,1.12,3,2,0,0,1,0,0,0.00,0,0,0,0,0,0,Matches
474,Ben Cremaschi,us USA,MF,Parma,it Serie A,20-245,2005,0.2,0,0.00,0,0,0,0,0,0,0,0.00,0,0,0,0,0,0,Matches
475,Charlie Cresswell,eng ENG,DF,Toulouse,fr Ligue 1,23-077,2002,10.0,13,1.30,8,2,0,3,0,0,2,0.20,1,0,0,1,0,0,Matches
476,Bryan Cristante,it ITA,MF,Roma,it Serie A,30-244,1995,8.3,17,2.04,11,0,0,5,1,0,2,0.24,0,0,0,2,0,0,Matches
477,Juan Cruz Armada,es ESP,DF,Osasuna,es La Liga,33-097,1992,5.4,6,1.11,5,1,0,0,0,0,0,0.00,0,0,0,0,0,0,Matches
478,Juan Cuadrado,co COL,DFMF,Pisa,it Serie A,37-160,1988,3.0,14,4.60,8,3,1,2,0,0,1,0.33,0,0,0,1,0,0,Matches
479,Pau Cubarsí,es ESP,DF,Barcelona,es La Liga,18-284,2007,6.7,9,1.35,7,0,1,1,0,0,1,0.15,1,0,0,0,0,0,Matches
480,Cucho,co COL,FW,Betis,es La Liga,26-196,1999,9.4,22,2.33,17,0,3,2,0,0,3,0.32,1,0,0,2,0,0,Matches
481,Marc Cucurella,es ESP,DF,Chelsea,eng Premier League,27-103,1998,9.0,20,2.23,16,1,1,1,0,1,2,0.22,2,0,0,0,0,0,Matches
482,Jorge Cuenca,es ESP,DF,Fulham,eng Premier League,25-350,1999,1.9,1,0.53,1,0,0,0,0,0,0,0.00,0,0,0,0,0,0,Matches
483,Josh Cullen,ie IRL,MF,Burnley,eng Premier League,29-209,1996,9.5,21,2.22,17,3,0,0,1,0,4,0.42,4,0,0,0,0,0,Matches
484,Pablo Cuñat,es ESP,GK,Levante,es La Liga,23-188,2002,2.0,0,0.00,0,0,0,0,0,0,0,0.00,0,0,0,0,0,0,Matches
485,Jair Cunha,br BRA,DF,Nott'ham Forest,eng Premier League,20-240,2005,1.0,0,0.00,0,0,0,0,0,0,0,0.00,0,0,0,0,0,0,Matches
486,Matheus Cunha,br BRA,MFFW,Manchester Utd,eng Premier League,26-159,1999,6.8,29,4.26,17,0,5,4,2,1,0,0.00,0,0,0,0,0,0,Matches
487,Patrick Cutrone,it ITA,FW,Parma,it Serie A,27-303,1998,6.4,6,0.94,3,0,1,2,0,0,0,0.00,0,0,0,0,0,0,Matches
488,Lucas Da Cunha,fr FRA,MF,Como,it Serie A,24-146,2001,7.4,21,2.85,14,5,2,0,0,0,1,0.14,1,0,0,0,0,0,Matches
489,Adam Daghim,dk DEN,FW,Wolfsburg,de Bundesliga,20-035,2005,4.0,12,2.98,9,0,2,1,0,0,1,0.25,0,0,1,0,0,0,Matches
490,Finn Dahmen,de GER,GK,Augsburg,de Bundesliga,27-220,1998,9.0,2,0.22,2,0,0,0,0,0,0,0.00,0,0,0,0,0,0,Matches
491,Mahmoud Dahoud,de GER,MF,Eint Frankfurt,de Bundesliga,29-305,1996,0.1,0,0.00,0,0,0,0,0,0,0,0.00,0,0,0,0,0,0,Matches
492,Ameen Al-Dakhil,be BEL,DF,Stuttgart,de Bundesliga,23-241,2002,1.4,4,2.77,3,0,0,1,0,0,1,0.69,1,0,0,0,0,0,Matches
493,Thijs Dallinga,nl NED,FWMF,Bologna,it Serie A,25-091,2000,2.9,7,2.44,6,0,0,0,1,0,3,1.05,2,0,0,0,1,0,Matches
494,Diogo Dalot,pt POR,DF,Manchester Utd,eng Premier League,26-229,1999,6.5,17,2.62,14,1,1,0,1,0,4,0.62,2,1,1,0,0,0,Matches
495,Muhammed Damar,de GER,FWMF,Hoffenheim,de Bundesliga,21-207,2004,2.4,13,5.37,7,4,0,2,0,0,0,0.00,0,0,0,0,0,0,Matches
496,Mikkel Damsgaard,dk DEN,MF,Brentford,eng Premier League,25-122,2000,7.0,24,3.42,13,7,3,0,1,0,2,0.28,2,0,0,0,0,0,Matches
497,Arnaut Danjuma,nl NED,FWMF,Valencia,es La Liga,28-275,1997,8.9,10,1.13,4,0,4,1,1,0,2,0.23,1,0,1,0,0,0,Matches
498,Kévin Danois,fr FRA,MF,Auxerre,fr Ligue 1,21-127,2004,8.8,24,2.73,19,4,0,1,0,0,0,0.00,0,0,0,0,0,0,Matches
499,Kevin Danso,at AUT,DF,Tottenham,eng Premier League,27-044,1998,2.9,2,0.70,2,0,0,0,0,0,0,0.00,0,0,0,0,0,0,Matches
500,Dante,br BRA,DF,Nice,fr Ligue 1,42-015,1983,1.5,2,1.29,2,0,0,0,0,0,0,0.00,0,0,0,0,0,0,Matches
501,Bence Dárdai,hu HUN,MF,Wolfsburg,de Bundesliga,19-282,2006,0.4,1,2.57,1,0,0,0,0,0,0,0.00,0,0,0,0,0,0,Matches
502,Aiman Dardari,lu LUX,MF,Augsburg,de Bundesliga,20-226,2005,0.2,0,0.00,0,0,0,0,0,0,0,0.00,0,0,0,0,0,0,Matches
503,Sergi Darder,es ESP,MFFW,Mallorca,es La Liga,31-315,1993,8.7,31,3.55,21,7,0,1,2,0,1,0.11,1,0,0,0,0,0,Matches
504,Karl Darlow,wls WAL,GK,Leeds United,eng Premier League,35-025,1990,5.0,2,0.40,1,1,0,0,0,0,0,0.00,0,0,0,0,0,0,Matches
505,Matteo Darmian,it ITA,DF,Inter,it Serie A,35-335,1989,0.2,0,0.00,0,0,0,0,0,0,0,0.00,0,0,0,0,0,0,Matches
506,Juan David Cabal,co COL,DF,Juventus,it Serie A,24-298,2001,0.4,1,2.81,1,0,0,0,0,0,0,0.00,0,0,0,0,0,0,Matches
507,Jonathan David,ca CAN,FW,Juventus,it Serie A,25-292,2000,4.6,16,3.46,11,0,1,2,2,0,1,0.22,1,0,0,0,0,0,Matches
508,Davinchi,es ESP,DF,Getafe,es La Liga,18-017,2007,4.8,12,2.52,7,2,1,1,0,1,0,0.00,0,0,0,0,0,0,Matches
509,Keinan Davis,eng ENG,FW,Udinese,it Serie A,27-262,1998,6.0,17,2.84,15,0,1,1,0,0,1,0.17,1,0,0,0,0,0,Matches
510,Kevin De Bruyne,be BEL,MF,Napoli,it Serie A,34-127,1991,6.3,22,3.49,18,4,0,0,0,0,0,0.00,0,0,0,0,0,0,Matches
511,Mathys De Carvalho,fr FRA,MF,Lyon,fr Ligue 1,20-185,2005,1.1,1,0.88,0,0,0,0,0,1,0,0.00,0,0,0,0,0,0,Matches
512,Maxim De Cuyper,be BEL,DF,Brighton,eng Premier League,24-315,2000,4.5,13,2.86,9,3,0,0,0,1,1,0.22,1,0,0,0,0,0,Matches
513,Charles De Ketelaere,be BEL,MFFW,Atalanta,it Serie A,24-237,2001,5.8,32,5.56,25,0,2,2,2,1,2,0.35,1,0,0,0,0,1,Matches
514,Jeffrey De Lange,nl NED,GK,Marseille,fr Ligue 1,27-215,1998,2.0,0,0.00,0,0,0,0,0,0,0,0.00,0,0,0,0,0,0,Matches
515,Manuel De Luca,it ITA,FW,Cremonese,it Serie A,27-108,1998,0.2,1,6.00,0,0,0,1,0,0,0,0.00,0,0,0,0,0,0,Matches
516,Théo De Percin,mq MTQ,GK,Auxerre,fr Ligue 1,24-273,2001,2.5,1,0.40,0,0,0,0,1,0,0,0.00,0,0,0,0,0,0,Matches
517,Lorenzo De Silvestri,it ITA,DF,Bologna,it Serie A,37-163,1988,1.6,3,1.93,2,1,0,0,0,0,0,0.00,0,0,0,0,0,0,Matches
518,Thibault De Smet,be BEL,DF,Paris FC,fr Ligue 1,27-150,1998,6.3,5,0.79,4,0,0,0,1,0,1,0.16,1,0,0,0,0,0,Matches
519,Koni De Winter,be BEL,DF,Milan,it Serie A,23-143,2002,1.9,0,0.00,0,0,0,0,0,0,0,0.00,0,0,0,0,0,0,Matches
520,Alessandro Deiola,it ITA,MFDF,Cagliari,it Serie A,30-093,1995,4.8,4,0.83,3,1,0,0,0,0,0,0.00,0,0,0,0,0,0,Matches
521,Romain Del Castillo,fr FRA,FWMF,Brest,fr Ligue 1,29-218,1996,8.3,35,4.22,19,10,4,1,0,1,4,0.48,3,0,1,0,0,0,Matches
522,Enrico Del Prato,it ITA,DF,Parma,it Serie A,25-357,1999,9.0,11,1.22,4,2,0,4,1,0,2,0.22,0,0,0,2,0,0,Matches
523,Thomas Delaine,fr FRA,DFFW,Le Havre,fr Ligue 1,33-223,1992,2.1,5,2.41,3,1,1,0,0,0,0,0.00,0,0,0,0,0,0,Matches
524,Liam Delap,eng ENG,FW,Chelsea,eng Premier League,22-267,2003,1.0,1,0.98,1,0,0,0,0,0,0,0.00,0,0,0,0,0,0,Matches
525,Fisayo Dele-Bashiru,ng NGA,MF,Lazio,it Serie A,24-269,2001,2.3,3,1.29,3,0,0,0,0,0,0,0.00,0,0,0,0,0,0,Matches
526,Ali Dembélé,fr FRA,DF,Torino,it Serie A,21-301,2004,0.1,0,0.00,0,0,0,0,0,0,0,0.00,0,0,0,0,0,0,Matches
527,Ousmane Dembélé,fr FRA,FW,Paris S-G,fr Ligue 1,28-171,1997,3.1,21,6.68,18,2,0,1,0,0,4,1.27,1,2,0,1,0,0,Matches
528,Jessy Deminguet,fr FRA,MF,Metz,fr Ligue 1,27-299,1998,5.6,8,1.42,7,0,0,1,0,0,1,0.18,1,0,0,0,0,0,Matches
529,Ermedin Demirović,ba BIH,FW,Stuttgart,de Bundesliga,27-222,1998,5.5,13,2.38,8,0,1,1,2,1,3,0.55,1,0,1,0,1,0,Matches
530,Rav van den Berg,nl NED,DF,Köln,de Bundesliga,21-118,2004,1.8,0,0.00,0,0,0,0,0,0,0,0.00,0,0,0,0,0,0,Matches
531,Sepp van den Berg,nl NED,DF,Brentford,eng Premier League,23-317,2001,10.0,3,0.30,2,1,0,0,0,0,0,0.00,0,0,0,0,0,0,Matches
532,Leander Dendoncker,be BEL,MF,Oviedo,es La Liga,30-201,1995,8.6,11,1.28,9,1,0,0,0,1,0,0.00,0,0,0,0,0,0,Matches
533,Daniel Denoon,ch SUI,DF,Pisa,it Serie A,21-278,2004,1.4,0,0.00,0,0,0,0,0,0,0,0.00,0,0,0,0,0,0,Matches
534,Nelson Deossa,co COL,MF,Betis,es La Liga,25-269,2000,0.9,4,4.62,2,0,1,1,0,0,0,0.00,0,0,0,0,0,0,Matches
535,Rémy Descamps,fr FRA,GK,Lyon,fr Ligue 1,29-130,1996,4.0,0,0.00,0,0,0,0,0,0,0,0.00,0,0,0,0,0,0,Matches
536,Bahmed Deuff,mr MTN,MFFW,Nantes,fr Ligue 1,19-234,2006,0.9,1,1.15,1,0,0,0,0,0,0,0.00,0,0,0,0,0,0,Matches
537,Justin Devenny,nir NIR,MFFW,Crystal Palace,eng Premier League,22-022,2003,1.8,8,4.44,8,0,0,0,0,0,0,0.00,0,0,0,0,0,0,Matches
538,Kiernan Dewsbury-Hall,eng ENG,MF,Everton,eng Premier League,27-057,1998,7.9,30,3.78,19,7,2,0,2,0,3,0.38,3,0,0,0,0,0,Matches
539,Michele Di Gregorio,it ITA,GK,Juventus,it Serie A,28-098,1997,9.0,2,0.22,1,1,0,0,0,0,0,0.00,0,0,0,0,0,0,Matches
540,Giovanni Di Lorenzo,it ITA,DF,Napoli,it Serie A,32-090,1993,10.0,22,2.20,18,1,0,1,2,0,3,0.30,1,0,0,0,2,0,Matches
541,Alessandro Di Pardo,it ITA,DF,Cagliari,it Serie A,26-107,1999,0.6,0,0.00,0,0,0,0,0,0,0,0.00,0,0,0,0,0,0,Matches
542,Boulaye Dia,sn SEN,FWMF,Lazio,it Serie A,28-351,1996,5.6,7,1.24,3,0,1,1,1,1,2,0.35,0,0,0,1,0,1,Matches
543,Bambo Diaby,sn SEN,DF,Elche,es La Liga,27-320,1997,0.5,0,0.00,0,0,0,0,0,0,0,0.00,0,0,0,0,0,0,Matches
544,Mouctar Diakhaby,gn GUI,DF,Valencia,es La Liga,28-318,1996,5.0,6,1.19,5,0,0,0,1,0,2,0.40,2,0,0,0,0,0,Matches
545,Bafodé Diakité,fr FRA,DF,Bournemouth,eng Premier League,24-300,2001,7.0,4,0.57,4,0,0,0,0,0,0,0.00,0,0,0,0,0,0,Matches
546,Amad Diallo,ci CIV,DFMF,Manchester Utd,eng Premier League,23-114,2002,7.4,33,4.47,24,0,2,3,3,1,5,0.68,4,0,0,0,1,0,Matches
547,Habib Diallo,sn SEN,FW,Metz,fr Ligue 1,30-137,1995,6.8,10,1.47,5,0,1,2,2,0,2,0.29,1,0,0,1,0,0,Matches
548,Grady Diangana,cd COD,MFFW,Elche,es La Liga,27-197,1998,1.6,1,0.63,1,0,0,0,0,0,0,0.00,0,0,0,0,0,0,Matches
549,Assane Diao,sn SEN,FW,Como,it Serie A,20-056,2005,2.1,3,1.44,1,1,1,0,0,0,0,0.00,0,0,0,0,0,0,Matches
550,Soriba Diaoune,fr FRA,FW,Lille,fr Ligue 1,18-080,2007,0.0,2,180.00,1,0,1,0,0,0,1,90.00,1,0,0,0,0,0,Matches
551,Habib Diarra,sn SEN,MF,Sunderland,eng Premier League,21-303,2004,3.8,6,1.57,3,0,1,1,1,0,1,0.26,0,0,0,0,1,0,Matches
552,Moussa Diarra,ml MLI,DF,Alavés,es La Liga,24-357,2000,2.4,2,0.83,2,0,0,0,0,0,0,0.00,0,0,0,0,0,0,Matches
553,Rúben Dias,pt POR,DF,Manchester City,eng Premier League,28-172,1997,8.1,4,0.50,3,0,0,1,0,0,1,0.12,1,0,0,0,0,0,Matches
554,Krépin Diatta,sn SEN,DFFW,Monaco,fr Ligue 1,26-250,1999,6.1,16,2.60,16,0,0,0,0,0,2,0.33,2,0,0,0,0,0,Matches
555,Mory Diaw,sn SEN,GK,Le Havre,fr Ligue 1,32-133,1993,10.0,4,0.40,4,0,0,0,0,0,2,0.20,2,0,0,0,0,0,Matches
556,Brahim Díaz,ma MAR,FWMF,Real Madrid,es La Liga,26-091,1999,2.5,11,4.40,11,0,0,0,0,0,3,1.20,3,0,0,0,0,0,Matches
557,Junior Diaz,ci CIV,DF,Brest,fr Ligue 1,22-102,2003,6.2,2,0.32,1,0,0,1,0,0,0,0.00,0,0,0,0,0,0,Matches
558,Luis Díaz,co COL,FW,Bayern Munich,de Bundesliga,28-293,1997,7.9,38,4.80,30,0,4,3,1,0,8,1.01,4,0,2,1,1,0,Matches
559,Pedro Díaz,es ESP,MFFW,Rayo Vallecano,es La Liga,27-150,1998,8.3,23,2.78,17,1,2,3,0,0,0,0.00,0,0,0,0,0,0,Matches
560,Tyler Dibling,eng ENG,FW,Everton,eng Premier League,19-235,2006,0.7,1,1.38,0,0,0,0,1,0,0,0.00,0,0,0,0,0,0,Matches
561,Nouha Dicko,ml MLI,FW,Paris FC,fr Ligue 1,33-172,1992,0.5,3,5.63,1,0,0,1,1,0,1,1.87,0,0,0,1,0,0,Matches
562,Bamba Dieng,sn SEN,MFFW,Lorient,fr Ligue 1,25-224,2000,0.3,1,2.90,0,0,0,1,0,0,1,2.90,0,0,0,1,0,0,Matches
563,Eric Dier,eng ENG,DF,Monaco,fr Ligue 1,31-291,1994,6.0,8,1.33,7,0,0,0,0,1,1,0.17,1,0,0,0,0,0,Matches
564,Lucas Digne,fr FRA,DF,Aston Villa,eng Premier League,32-105,1993,8.1,18,2.23,11,6,0,1,0,0,4,0.49,3,1,0,0,0,0,Matches
565,Kevin Diks,id IDN,DF,Gladbach,de Bundesliga,29-027,1996,7.8,10,1.28,8,0,1,0,1,0,0,0.00,0,0,0,0,0,0,Matches
566,Federico Dimarco,it ITA,DF,Inter,it Serie A,27-357,1997,7.3,41,5.59,26,13,0,1,0,1,4,0.55,3,1,0,0,0,0,Matches
567,Junior Dina Ebimbe,fr FRA,FWMF,Brest,fr Ligue 1,24-346,2000,3.5,2,0.58,1,0,0,0,0,1,0,0.00,0,0,0,0,0,0,Matches
568,Eren Dinkçi,de GER,FWMF,Freiburg,de Bundesliga,23-324,2001,2.5,6,2.44,5,0,0,0,0,1,0,0.00,0,0,0,0,0,0,Matches
569,Sinaly Diomande,ci CIV,DF,Auxerre,fr Ligue 1,24-207,2001,1.7,1,0.57,1,0,0,0,0,0,0,0.00,0,0,0,0,0,0,Matches
570,Yan Diomandé,ci CIV,FW,RB Leipzig,de Bundesliga,18-353,2006,5.2,20,3.85,16,0,4,0,0,0,4,0.77,3,0,1,0,0,0,Matches
571,Issa Diop,fr FRA,DF,Fulham,eng Premier League,28-297,1997,2.5,1,0.40,1,0,0,0,0,0,0,0.00,0,0,0,0,0,0,Matches
572,Sérigné Diop,sn SEN,FW,Brest,fr Ligue 1,20-174,2005,0.1,1,7.50,0,1,0,0,0,0,0,0.00,0,0,0,0,0,0,Matches
573,Sofiane Diop,fr FRA,MFFW,Nice,fr Ligue 1,25-146,2000,7.0,21,3.01,19,0,1,1,0,0,1,0.14,1,0,0,0,0,0,Matches
574,Andy Diouf,fr FRA,MF,Inter,it Serie A,22-169,2003,0.3,1,3.21,1,0,0,0,0,0,0,0.00,0,0,0,0,0,0,Matches
575,Andy Diouf,fr FRA,MF,Lens,fr Ligue 1,22-169,2003,1.0,0,0.00,0,0,0,0,0,0,0,0.00,0,0,0,0,0,0,Matches
576,El Hadji Malick Diouf,sn SEN,DF,West Ham,eng Premier League,20-309,2004,8.5,14,1.65,9,3,2,0,0,0,3,0.35,2,1,0,0,0,0,Matches
577,Yehvann Diouf,sn SEN,GK,Nice,fr Ligue 1,25-351,1999,11.0,1,0.09,1,0,0,0,0,0,0,0.00,0,0,0,0,0,0,Matches
578,Assane Dioussé,sn SEN,MF,Auxerre,fr Ligue 1,28-043,1997,1.5,6,3.94,5,1,0,0,0,0,0,0.00,0,0,0,0,0,0,Matches
579,Matías Dituro,ar ARG,GK,Elche,es La Liga,38-178,1987,5.0,3,0.60,1,2,0,0,0,0,2,0.40,0,2,0,0,0,0,Matches
580,Djené,tg TOG,DF,Getafe,es La Liga,33-306,1991,8.4,3,0.36,3,0,0,0,0,0,0,0.00,0,0,0,0,0,0,Matches
581,Harouna Djibrin,cm CMR,FW,Angers,fr Ligue 1,18-362,2006,0.4,3,7.94,3,0,0,0,0,0,0,0.00,0,0,0,0,0,0,Matches
582,Berat Djimsiti,al ALB,DF,Atalanta,it Serie A,32-256,1993,8.2,7,0.85,6,0,1,0,0,0,0,0.00,0,0,0,0,0,0,Matches
583,Marko Dmitrović,rs SRB,GK,Espanyol,es La Liga,33-282,1992,10.0,0,0.00,0,0,0,0,0,0,0,0.00,0,0,0,0,0,0,Matches
584,Ritsu Doan,jp JPN,FWMF,Eint Frankfurt,de Bundesliga,27-139,1998,8.0,28,3.50,14,7,0,2,4,1,5,0.63,3,1,0,1,0,0,Matches
585,Dodô,br BRA,DF,Fiorentina,it Serie A,26-350,1998,8.9,24,2.70,17,2,3,0,2,0,2,0.23,1,0,1,0,0,0,Matches
586,Danilho Doekhi,nl NED,DF,Union Berlin,de Bundesliga,27-125,1998,9.0,11,1.22,7,0,0,3,0,1,2,0.22,1,0,0,1,0,0,Matches
587,Matt Doherty,ie IRL,DF,Wolves,eng Premier League,33-290,1992,3.2,4,1.24,3,0,0,0,0,1,0,0.00,0,0,0,0,0,0,Matches
588,Josh Doig,sct SCO,DF,Sassuolo,it Serie A,23-168,2002,7.4,9,1.22,6,3,0,0,0,0,0,0.00,0,0,0,0,0,0,Matches
589,Jeremy Doku,be BEL,MFFW,Manchester City,eng Premier League,23-159,2002,5.3,33,6.24,25,0,7,1,0,0,3,0.57,2,0,1,0,0,0,Matches
590,Tyrhys Dolan,eng ENG,FWMF,Espanyol,es La Liga,23-309,2001,7.4,26,3.52,17,1,2,2,4,0,3,0.41,2,0,0,0,1,0,Matches
591,Marc Domenech,es ESP,FWMF,Mallorca,es La Liga,19-305,2006,2.4,4,1.68,2,0,0,0,2,0,1,0.42,1,0,0,0,0,0,Matches
592,Benjamín Domínguez,ar ARG,FWMF,Bologna,it Serie A,22-044,2003,1.2,4,3.21,4,0,0,0,0,0,1,0.80,1,0,0,0,0,0,Matches
593,Carlos Dominguez,es ESP,DF,Celta Vigo,es La Liga,24-264,2001,4.5,4,0.89,3,0,0,0,0,1,1,0.22,0,0,0,0,0,1,Matches
594,Nicolás Domínguez,ar ARG,MFFW,Nott'ham Forest,eng Premier League,27-127,1998,0.6,2,3.40,2,0,0,0,0,0,0,0.00,0,0,0,0,0,0,Matches
595,Jean-Luc Dompé,fr FRA,FW,Hamburger SV,de Bundesliga,30-082,1995,5.1,30,5.84,23,2,2,3,0,0,0,0.00,0,0,0,0,0,0,Matches
596,John Donald,es ESP,MFDF,Elche,es La Liga,25-064,2000,1.8,0,0.00,0,0,0,0,0,0,0,0.00,0,0,0,0,0,0,Matches
597,Gianluigi Donnarumma,it ITA,GK,Manchester City,eng Premier League,26-250,1999,6.0,0,0.00,0,0,0,0,0,0,0,0.00,0,0,0,0,0,0,Matches
598,Patrick Dorgu,dk DEN,DF,Manchester Utd,eng Premier League,21-007,2004,6.1,16,2.63,14,0,1,1,0,0,2,0.33,1,0,0,1,0,0,Matches
599,Niklas Dorsch,de GER,MF,Heidenheim,de Bundesliga,27-291,1998,5.7,14,2.45,9,1,0,2,2,0,1,0.18,1,0,0,0,0,0,Matches
600,Lohann Doucet,fr FRA,MF,Paris FC,fr Ligue 1,23-049,2002,0.9,4,4.34,4,0,0,0,0,0,0,0.00,0,0,0,0,0,0,Matches
601,Fodé Doucouré,ml MLI,MFFW,Le Havre,fr Ligue 1,24-272,2001,5.7,23,4.05,19,1,0,3,0,0,1,0.18,1,0,0,0,0,0,Matches
602,Désiré Doué,fr FRA,FWMF,Paris S-G,fr Ligue 1,20-152,2005,3.5,16,4.63,11,0,0,0,5,0,3,0.87,1,0,0,0,2,0,Matches
603,Guela Doué,ci CIV,DF,Strasbourg,fr Ligue 1,23-016,2002,5.3,7,1.33,6,1,0,0,0,0,2,0.38,2,0,0,0,0,0,Matches
604,Ismaël Doukouré,fr FRA,DFMF,Strasbourg,fr Ligue 1,22-101,2003,7.2,7,0.97,4,0,0,1,1,1,3,0.42,2,0,0,1,0,0,Matches
605,Kamory Doumbia,ml MLI,MF,Brest,fr Ligue 1,22-257,2003,6.9,22,3.18,16,2,0,2,2,0,2,0.29,2,0,0,0,0,0,Matches
606,Anastasios Douvikas,gr GRE,FW,Como,it Serie A,26-092,1999,4.8,9,1.88,7,0,0,0,1,1,2,0.42,2,0,0,0,0,0,Matches
607,Artem Dovbyk,ua UKR,FW,Roma,it Serie A,28-134,1997,3.0,10,3.31,10,0,0,0,0,0,1,0.33,1,0,0,0,0,0,Matches
608,Max Dowman,eng ENG,FW,Arsenal,eng Premier League,15-306,2009,0.3,2,6.21,0,0,0,0,2,0,1,3.10,0,0,0,0,1,0,Matches
609,Domingos Duarte,pt POR,DF,Getafe,es La Liga,30-237,1995,8.5,4,0.47,3,0,0,1,0,0,0,0.00,0,0,0,0,0,0,Matches
610,Martin Dúbravka,sk SVK,GK,Burnley,eng Premier League,36-291,1989,10.0,0,0.00,0,0,0,0,0,0,0,0.00,0,0,0,0,0,0,Matches
611,Denzel Dumfries,nl NED,DF,Inter,it Serie A,29-198,1996,7.0,14,2.01,8,2,1,2,1,0,0,0.00,0,0,0,0,0,0,Matches
612,Lewis Dunk,eng ENG,DF,Brighton,eng Premier League,33-346,1991,10.0,5,0.50,4,0,0,1,0,0,1,0.10,0,0,0,1,0,0,Matches
613,Pablo Durán,es ESP,FWMF,Celta Vigo,es La Liga,24-161,2001,4.7,5,1.05,4,0,0,1,0,0,1,0.21,0,0,0,1,0,0,Matches
614,Hugo Duro,es ESP,FW,Valencia,es La Liga,25-357,1999,6.6,9,1.38,6,0,0,3,0,0,0,0.00,0,0,0,0,0,0,Matches
615,Paulo Dybala,ar ARG,FWMF,Roma,it Serie A,31-352,1993,4.1,29,7.13,11,11,0,4,3,0,2,0.49,1,1,0,0,0,0,Matches
616,Edin Džeko,ba BIH,FW,Fiorentina,it Serie A,39-230,1986,1.6,4,2.43,1,0,0,2,1,0,0,0.00,0,0,0,0,0,0,Matches
617,Adam Dźwigała,pl POL,DF,St. Pauli,de Bundesliga,30-038,1995,4.5,1,0.22,1,0,0,0,0,0,0,0.00,0,0,0,0,0,0,Matches
618,Aron Dønnum,no NOR,MFFW,Toulouse,fr Ligue 1,27-196,1998,10.0,46,4.60,23,11,5,3,3,1,4,0.40,1,1,1,0,1,0,Matches
619,Simon Ebonog,cm CMR,MF,Le Havre,fr Ligue 1,21-078,2004,3.7,8,2.18,4,0,1,1,1,1,1,0.27,1,0,0,0,0,0,Matches
620,Enzo Ebosse,cm CMR,DF,Hellas Verona,it Serie A,26-236,1999,0.6,0,0.00,0,0,0,0,0,0,0,0.00,0,0,0,0,0,0,Matches
621,Claudio Echeverri,ar ARG,MFFW,Leverkusen,de Bundesliga,19-304,2006,1.2,2,1.68,1,1,0,0,0,0,0,0.00,0,0,0,0,0,0,Matches
622,Éderson,br BRA,MF,Atalanta,it Serie A,26-118,1999,5.0,10,1.99,9,0,0,1,0,0,0,0.00,0,0,0,0,0,0,Matches
623,Noah Edjouma,fr FRA,FWMF,Toulouse,fr Ligue 1,20-029,2005,2.1,10,4.84,8,0,0,0,0,2,1,0.48,1,0,0,0,0,0,Matches
624,Odsonne Édouard,fr FRA,FW,Crystal Palace,eng Premier League,27-290,1998,0.0,0,0.00,0,0,0,0,0,0,0,0.00,0,0,0,0,0,0,Matches
625,Odsonne Édouard,fr FRA,FW,Lens,fr Ligue 1,27-290,1998,4.1,5,1.22,3,0,0,0,2,0,1,0.24,0,0,0,0,1,0,Matches
626,Marcus Edwards,eng ENG,MFFW,Burnley,eng Premier League,26-334,1998,0.2,0,0.00,0,0,0,0,0,0,0,0.00,0,0,0,0,0,0,Matches
627,CJ Egan-Riley,eng ENG,DF,Marseille,fr Ligue 1,22-304,2003,4.3,4,0.93,4,0,0,0,0,0,0,0.00,0,0,0,0,0,0,Matches
628,Maximilian Eggestein,de GER,MF,Freiburg,de Bundesliga,28-329,1996,9.0,15,1.67,13,1,0,1,0,0,0,0.00,0,0,0,0,0,0,Matches
629,Kingsley Ehizibue,nl NED,DF,Udinese,it Serie A,30-161,1995,5.2,4,0.77,3,0,0,0,1,0,1,0.19,1,0,0,0,0,0,Matches
630,Ovie Ejaria,eng ENG,MF,Oviedo,es La Liga,27-349,1997,1.7,1,0.58,1,0,0,0,0,0,0,0.00,0,0,0,0,0,0,Matches
631,Chidera Ejuke,ng NGA,FWMF,Sevilla,es La Liga,27-304,1998,2.6,9,3.42,6,0,2,0,1,0,1,0.38,1,0,0,0,0,0,Matches
632,Hjalmar Ekdal,se SWE,DF,Burnley,eng Premier League,27-012,1998,5.9,2,0.34,2,0,0,0,0,0,0,0.00,0,0,0,0,0,0,Matches
633,Jeff Ekhator,it ITA,FW,Genoa,it Serie A,18-356,2006,3.1,6,1.91,4,0,0,0,2,0,0,0.00,0,0,0,0,0,0,Matches
634,Hugo Ekitike,fr FRA,FW,Liverpool,eng Premier League,23-135,2002,6.4,16,2.50,8,0,4,4,0,0,2,0.31,1,0,1,0,0,0,Matches
635,Jurgen Ekkelenkamp,nl NED,MF,Udinese,it Serie A,25-211,2000,3.4,5,1.47,4,0,0,0,0,1,1,0.29,1,0,0,0,0,0,Matches
636,Jacques Ekomie,ga GAB,DF,Angers,fr Ligue 1,22-075,2003,6.3,13,2.05,11,0,0,1,0,1,0,0.00,0,0,0,0,0,0,Matches
637,Caleb Ekuban,gh GHA,FW,Genoa,it Serie A,31-224,1994,2.8,10,3.52,6,1,0,3,0,0,1,0.35,1,0,0,0,0,0,Matches
638,Anthony Elanga,se SWE,FWMF,Newcastle Utd,eng Premier League,23-189,2002,4.3,9,2.08,8,0,0,0,0,1,0,0.00,0,0,0,0,0,0,Matches
639,Daniel Elfadli,ly LBY,DF,Hamburger SV,de Bundesliga,28-210,1997,7.3,9,1.23,7,0,0,0,0,2,1,0.14,0,0,0,0,0,1,Matches
640,Unai Elgezabal,es ESP,DF,Levante,es La Liga,32-191,1993,7.0,5,0.71,5,0,0,0,0,0,0,0.00,0,0,0,0,0,0,Matches
641,Mikael Ellertsson,is ISL,FWDF,Genoa,it Serie A,23-236,2002,7.8,13,1.66,10,0,1,2,0,0,0,0.00,0,0,0,0,0,0,Matches
642,Harvey Elliott,eng ENG,MFFW,Liverpool,eng Premier League,22-212,2003,0.0,0,0.00,0,0,0,0,0,0,0,0.00,0,0,0,0,0,0,Matches
643,Harvey Elliott,eng ENG,MFFW,Aston Villa,eng Premier League,22-212,2003,1.1,4,3.67,4,0,0,0,0,0,1,0.92,1,0,0,0,0,0,Matches
644,Elif Elmas,mk MKD,MFFW,Napoli,it Serie A,26-039,1999,2.8,9,3.21,5,2,2,0,0,0,0,0.00,0,0,0,0,0,0,Matches
645,Aritz Elustondo,es ESP,DF,Real Sociedad,es La Liga,31-219,1994,1.1,1,0.95,1,0,0,0,0,0,0,0.00,0,0,0,0,0,0,Matches
646,Nico Elvedi,ch SUI,DF,Gladbach,de Bundesliga,29-033,1996,9.0,3,0.33,3,0,0,0,0,0,0,0.00,0,0,0,0,0,0,Matches
647,Breel Embolo,ch SUI,FW,Rennes,fr Ligue 1,28-261,1997,5.2,13,2.49,9,0,1,1,2,0,1,0.19,1,0,0,0,0,0,Matches
648,Emanuel Emegha,nl NED,FW,Strasbourg,fr Ligue 1,22-272,2003,2.5,3,1.19,1,0,0,2,0,0,2,0.79,1,0,0,1,0,0,Matches
649,Emersonn,br BRA,FW,Toulouse,fr Ligue 1,21-109,2004,3.3,7,2.14,5,0,2,0,0,0,1,0.31,1,0,0,0,0,0,Matches
650,Julio Enciso,py PAR,MFFW,Strasbourg,fr Ligue 1,21-283,2004,1.8,4,2.26,2,0,2,0,0,0,0,0.00,0,0,0,0,0,0,Matches
651,Wataru Endo,jp JPN,MFDF,Liverpool,eng Premier League,32-266,1993,0.4,2,4.62,2,0,0,0,0,0,1,2.31,1,0,0,0,0,0,Matches
652,Endrick,br BRA,FW,Real Madrid,es La Liga,19-104,2006,0.1,0,0.00,0,0,0,0,0,0,0,0.00,0,0,0,0,0,0,Matches
653,Yannik Engelhardt,de GER,MF,Gladbach,de Bundesliga,24-268,2001,6.0,7,1.17,5,1,0,1,0,0,1,0.17,1,0,0,0,0,0,Matches
654,Christian Eriksen,dk DEN,MF,Wolfsburg,de Bundesliga,33-261,1992,2.7,9,3.38,6,1,0,2,0,0,2,0.75,2,0,0,0,0,0,Matches
655,Aarón Escandell,es ESP,GK,Oviedo,es La Liga,30-036,1995,10.0,1,0.10,1,0,0,0,0,0,0,0.00,0,0,0,0,0,0,Matches
656,Carlos Espí,es ESP,FW,Levante,es La Liga,20-101,2005,0.4,0,0.00,0,0,0,0,0,0,0,0.00,0,0,0,0,0,0,Matches
657,Alfonso Espino,uy URU,DFFW,Rayo Vallecano,es La Liga,33-301,1992,1.4,4,2.93,2,1,0,0,1,0,0,0.00,0,0,0,0,0,0,Matches
658,Francesco Esposito,it ITA,FW,Inter,it Serie A,20-127,2005,3.2,11,3.39,8,0,1,1,1,0,1,0.31,1,0,0,0,0,0,Matches
659,Sebastiano Esposito,it ITA,FWMF,Cagliari,it Serie A,23-123,2002,6.5,23,3.52,16,4,1,1,0,1,0,0.00,0,0,0,0,0,0,Matches
660,Romain Esse,eng ENG,FW,Crystal Palace,eng Premier League,20-173,2005,0.3,0,0.00,0,0,0,0,0,0,0,0.00,0,0,0,0,0,0,Matches
661,Samuel Essende,cd COD,FW,Augsburg,de Bundesliga,27-283,1998,1.8,2,1.11,1,0,0,1,0,0,1,0.56,0,0,0,1,0,0,Matches
662,Marco Esteban,es ESP,DF,Oviedo,es La Liga,19-305,2006,0.5,0,0.00,0,0,0,0,0,0,0,0.00,0,0,0,0,0,0,Matches
663,Maxime Estève,fr FRA,DF,Burnley,eng Premier League,23-160,2002,9.9,6,0.61,4,0,0,1,1,0,1,0.10,1,0,0,0,0,0,Matches
664,Nahuel Estévez,ar ARG,MF,Parma,it Serie A,29-353,1995,3.2,6,1.90,3,3,0,0,0,0,0,0.00,0,0,0,0,0,0,Matches
665,Pervis Estupiñán,ec ECU,DF,Milan,it Serie A,27-285,1998,4.1,10,2.43,8,1,1,0,0,0,1,0.24,1,0,0,0,0,0,Matches
666,Karl Etta Eyong,cm CMR,FW,Villarreal,es La Liga,22-019,2003,2.8,6,2.11,5,0,0,0,1,0,2,0.70,2,0,0,0,0,0,Matches
667,Karl Etta Eyong,cm CMR,FW,Levante,es La Liga,22-019,2003,6.0,10,1.65,6,0,1,2,1,0,3,0.50,2,0,1,0,0,0,Matches
668,Evanilson,br BRA,FW,Bournemouth,eng Premier League,26-027,1999,6.8,16,2.34,13,0,0,1,2,0,1,0.15,0,0,0,0,1,0,Matches
669,Edu Expósito,es ESP,MF,Espanyol,es La Liga,29-093,1996,7.2,40,5.56,22,16,1,1,0,0,6,0.83,3,3,0,0,0,0,Matches
670,Eberechi Eze,eng ENG,MFFW,Arsenal,eng Premier League,27-126,1998,5.9,16,2.71,12,0,1,3,0,0,3,0.51,2,0,0,1,0,0,Matches
671,Eberechi Eze,eng ENG,MF,Crystal Palace,eng Premier League,27-126,1998,0.9,3,3.25,1,0,0,2,0,0,0,0.00,0,0,0,0,0,0,Matches
672,Abde Ezzalzouli,ma MAR,FW,Betis,es La Liga,23-320,2001,4.6,19,4.15,14,0,4,0,1,0,2,0.44,2,0,0,0,0,0,Matches
673,Giovanni Fabbian,it ITA,MF,Bologna,it Serie A,22-292,2003,3.7,10,2.70,7,0,1,1,1,0,1,0.27,1,0,0,0,0,0,Matches
674,Alieu Fadera,gm GAM,FWMF,Sassuolo,it Serie A,23-364,2001,2.8,11,3.93,7,0,1,1,2,0,2,0.71,1,0,0,0,1,0,Matches
675,Nicolò Fagioli,it ITA,MF,Fiorentina,it Serie A,24-263,2001,4.4,12,2.71,8,3,0,0,1,0,1,0.23,1,0,0,0,0,0,Matches
676,Omar Falah,es ESP,DFMF,Oviedo,es La Liga,22-054,2003,0.2,0,0.00,0,0,0,0,0,0,0,0.00,0,0,0,0,0,0,Matches
677,Wladimiro Falcone,it ITA,GK,Lecce,it Serie A,30-204,1995,9.0,0,0.00,0,0,0,0,0,0,0,0.00,0,0,0,0,0,0,Matches
678,Ansu Fati,es ESP,MFFW,Monaco,fr Ligue 1,23-002,2002,3.7,14,3.83,12,0,1,1,0,0,1,0.27,1,0,0,0,0,0,Matches
679,Abdoulaye Faye,sn SEN,DF,Lorient,fr Ligue 1,21-041,2004,6.4,4,0.63,3,0,0,1,0,0,1,0.16,1,0,0,0,0,0,Matches
680,Jacopo Fazzini,it ITA,MFFW,Fiorentina,it Serie A,22-231,2003,4.0,11,2.73,9,1,1,0,0,0,0,0.00,0,0,0,0,0,0,Matches
681,Aleix Febas,es ESP,MF,Elche,es La Liga,29-273,1996,10.0,21,2.10,18,0,0,1,0,2,1,0.10,1,0,0,0,0,0,Matches
682,Mattia Felici,it ITA,DFFW,Cagliari,it Serie A,24-199,2001,2.5,8,3.24,4,2,1,1,0,0,3,1.22,2,0,1,0,0,0,Matches
683,Luiz Felipe,it ITA,DF,Rayo Vallecano,es La Liga,28-225,1997,2.4,2,0.82,2,0,0,0,0,0,0,0.00,0,0,0,0,0,0,Matches
684,Robin Fellhauer,de GER,MFDF,Augsburg,de Bundesliga,27-285,1998,7.5,14,1.87,13,0,0,0,0,1,1,0.13,1,0,0,0,0,0,Matches
685,Kiko Femenía,es ESP,DFFW,Getafe,es La Liga,34-273,1991,6.5,7,1.08,7,0,0,0,0,0,0,0.00,0,0,0,0,0,0,Matches
686,Evan Ferguson,ie IRL,FW,Roma,it Serie A,21-014,2004,3.4,12,3.56,9,0,1,2,0,0,2,0.59,2,0,0,0,0,0,Matches
687,Lewis Ferguson,sct SCO,MF,Bologna,it Serie A,26-070,1999,4.9,7,1.42,6,0,0,1,0,0,0,0.00,0,0,0,0,0,0,Matches
688,Bruno Fernandes,pt POR,MF,Manchester Utd,eng Premier League,31-055,1994,9.9,64,6.47,45,11,1,5,1,1,5,0.51,4,1,0,0,0,0,Matches
689,Mateus Fernandes,pt POR,MFFW,West Ham,eng Premier League,21-115,2004,5.2,8,1.54,8,0,0,0,0,0,0,0.00,0,0,0,0,0,0,Matches
690,Enzo Fernández,ar ARG,MF,Chelsea,eng Premier League,24-289,2001,8.9,32,3.61,27,2,0,0,2,1,4,0.45,2,2,0,0,0,0,Matches
691,Ezequiél Fernández,ar ARG,MF,Leverkusen,de Bundesliga,23-100,2002,3.3,10,3.03,9,0,1,0,0,0,1,0.30,1,0,0,0,0,0,Matches
692,Manu Fernández,es ESP,DF,Celta Vigo,es La Liga,24-193,2001,4.3,3,0.69,3,0,0,0,0,0,2,0.46,2,0,0,0,0,0,Matches
693,Pedro Fernandez,es ESP,MF,Barcelona,es La Liga,17-294,2008,0.5,3,6.00,3,0,0,0,0,0,0,0.00,0,0,0,0,0,0,Matches
694,Pelayo Fernandez,es ESP,DF,Rayo Vallecano,es La Liga,22-187,2003,0.5,0,0.00,0,0,0,0,0,0,0,0.00,0,0,0,0,0,0,Matches
695,Roberto Férnandez,es ESP,FW,Espanyol,es La Liga,23-122,2002,7.9,18,2.27,14,0,0,2,2,0,4,0.50,3,0,0,0,1,0,Matches
696,Toni Fernández,es ESP,FW,Barcelona,es La Liga,17-110,2008,0.5,0,0.00,0,0,0,0,0,0,0,0.00,0,0,0,0,0,0,Matches
697,Matias Fernandez-Pardo,be BEL,FW,Lille,fr Ligue 1,20-272,2005,8.3,38,4.59,26,2,3,4,3,0,7,0.85,3,0,2,1,1,0,Matches
698,Junior Firpo,do DOM,DF,Betis,es La Liga,29-072,1996,4.8,12,2.51,11,0,0,0,0,1,2,0.42,2,0,0,0,0,0,Matches
699,Jonathan Fischer,dk DEN,GK,Metz,fr Ligue 1,23-358,2001,9.2,1,0.11,1,0,0,0,0,0,0,0.00,0,0,0,0,0,0,Matches
700,Kilian Fischer,de GER,DF,Wolfsburg,de Bundesliga,25-021,2000,6.7,14,2.09,12,2,0,0,0,0,1,0.15,1,0,0,0,0,0,Matches
701,Mark Flekken,nl NED,GK,Leverkusen,de Bundesliga,32-142,1993,9.0,2,0.22,2,0,0,0,0,0,0,0.00,0,0,0,0,0,0,Matches
702,Zian Flemming,nl NED,FWMF,Burnley,eng Premier League,27-093,1998,3.1,3,0.97,1,0,0,1,1,0,0,0.00,0,0,0,0,0,0,Matches
703,Romano Floriani,it ITA,DFFW,Cremonese,it Serie A,22-279,2003,4.5,6,1.35,5,0,0,0,1,0,1,0.22,0,0,0,0,1,0,Matches
704,Phil Foden,eng ENG,MF,Manchester City,eng Premier League,25-158,2000,5.9,29,4.90,15,10,1,3,0,0,3,0.51,3,0,0,0,0,0,Matches
705,Malick Fofana,be BEL,FW,Lyon,fr Ligue 1,20-216,2005,8.0,26,3.25,15,0,3,4,4,0,1,0.12,0,0,1,0,0,0,Matches
706,Rayan Fofana,fr FRA,FW,Lens,fr Ligue 1,19-263,2006,4.3,12,2.78,5,0,4,2,1,0,1,0.23,0,0,0,0,1,0,Matches
707,Seko Fofana,ci CIV,MF,Rennes,fr Ligue 1,30-179,1995,7.0,21,2.98,19,0,2,0,0,0,1,0.14,1,0,0,0,0,0,Matches
708,Wesley Fofana,fr FRA,DF,Chelsea,eng Premier League,24-320,2000,2.4,1,0.41,1,0,0,0,0,0,0,0.00,0,0,0,0,0,0,Matches
709,Youssouf Fofana,fr FRA,MF,Milan,it Serie A,26-296,1999,8.0,22,2.74,19,0,1,1,1,0,1,0.12,1,0,0,0,0,0,Matches
710,Jonas Föhrenbach,de GER,DF,Heidenheim,de Bundesliga,29-280,1996,8.6,21,2.44,12,8,0,0,1,0,1,0.12,1,0,0,0,0,0,Matches
711,Francesco Folino,it ITA,DF,Cremonese,it Serie A,23-283,2002,0.2,0,0.00,0,0,0,0,0,0,0,0.00,0,0,0,0,0,0,Matches
712,Michael Folorunsho,it ITA,MFFW,Cagliari,it Serie A,27-268,1998,8.1,11,1.36,8,0,0,1,2,0,1,0.12,1,0,0,0,0,0,Matches
713,Álex Forés,es ESP,FW,Oviedo,es La Liga,24-204,2001,1.2,3,2.39,2,1,0,0,0,0,0,0.00,0,0,0,0,0,0,Matches
714,Pablo Fornals,es ESP,MF,Betis,es La Liga,29-253,1996,9.3,47,5.06,40,3,0,2,0,2,7,0.75,7,0,0,0,0,0,Matches
715,Héctor Fort,es ESP,DF,Elche,es La Liga,19-092,2006,1.0,5,4.89,1,0,3,1,0,0,0,0.00,0,0,0,0,0,0,Matches
716,Niccolò Fortini,it ITA,DFMF,Fiorentina,it Serie A,19-262,2006,1.4,3,2.08,1,1,0,0,1,0,0,0.00,0,0,0,0,0,0,Matches
717,Lyle Foster,za RSA,FW,Burnley,eng Premier League,25-060,2000,6.4,10,1.55,6,0,0,2,2,0,0,0.00,0,0,0,0,0,0,Matches
718,Dimitri Foulquier,fr FRA,DF,Valencia,es La Liga,32-224,1993,7.0,7,1.00,7,0,0,0,0,0,3,0.43,3,0,0,0,0,0,Matches
719,Juan Foyth,ar ARG,DF,Villarreal,es La Liga,27-294,1998,6.0,4,0.67,4,0,0,0,0,0,0,0.00,0,0,0,0,0,0,Matches
720,Alejandro Francés,es ESP,DF,Girona,es La Liga,23-093,2002,2.9,6,1.66,6,0,0,0,0,0,1,0.28,1,0,0,0,0,0,Matches
721,Przemysław Frankowski,pl POL,DF,Rennes,fr Ligue 1,30-204,1995,4.8,14,2.92,6,6,0,1,1,0,3,0.62,2,1,0,0,0,0,Matches
722,Davide Frattesi,it ITA,MFFW,Inter,it Serie A,26-011,1999,2.1,6,2.81,4,0,1,1,0,0,0,0.00,0,0,0,0,0,0,Matches
723,Oscar Fraulo,dk DEN,MFDF,Gladbach,de Bundesliga,21-331,2003,0.5,1,2.14,1,0,0,0,0,0,0,0.00,0,0,0,0,0,0,Matches
724,Morten Frendrup,dk DEN,MF,Genoa,it Serie A,24-209,2001,7.7,5,0.65,4,1,0,0,0,0,0,0.00,0,0,0,0,0,0,Matches
725,Martin Frese,dk DEN,DF,Hellas Verona,it Serie A,27-302,1998,7.2,14,1.94,4,8,0,1,0,1,0,0.00,0,0,0,0,0,0,Matches
726,Remo Freuler,ch SUI,MF,Bologna,it Serie A,33-201,1992,7.0,11,1.57,9,2,0,0,0,0,1,0.14,1,0,0,0,0,0,Matches
727,Marco Friedl,at AUT,DF,Werder Bremen,de Bundesliga,27-231,1998,7.9,5,0.63,5,0,0,0,0,0,0,0.00,0,0,0,0,0,0,Matches
728,Marvin Friedrich,de GER,DF,Gladbach,de Bundesliga,29-324,1995,1.0,0,0.00,0,0,0,0,0,0,0,0.00,0,0,0,0,0,0,Matches
729,Jeremie Frimpong,nl NED,DFMF,Liverpool,eng Premier League,24-327,2000,1.0,3,3.14,3,0,0,0,0,0,1,1.05,1,0,0,0,0,0,Matches
730,Jorge de Frutos,es ESP,FWMF,Rayo Vallecano,es La Liga,28-255,1997,8.6,18,2.09,15,1,0,0,1,1,3,0.35,1,0,0,0,1,1,Matches
731,Chris Führich,de GER,FWMF,Stuttgart,de Bundesliga,27-297,1998,3.3,16,4.90,14,0,1,1,0,0,1,0.31,1,0,0,0,0,0,Matches
732,Joel Fujita,jp JPN,MF,St. Pauli,de Bundesliga,23-259,2002,8.8,22,2.51,19,0,1,0,0,2,1,0.11,1,0,0,0,0,0,Matches
733,Niclas Füllkrug,de GER,FW,West Ham,eng Premier League,32-266,1993,4.2,6,1.42,6,0,0,0,0,0,0,0.00,0,0,0,0,0,0,Matches
734,Matteo Gabbia,it ITA,DF,Milan,it Serie A,26-012,1999,9.0,6,0.67,5,0,0,1,0,0,0,0.00,0,0,0,0,0,0,Matches
735,Tiago Gabriel,pt POR,DF,Lecce,it Serie A,20-311,2004,8.1,2,0.25,1,0,0,1,0,0,0,0.00,0,0,0,0,0,0,Matches
736,Gianluca Gaetano,it ITA,MFFW,Cagliari,it Serie A,25-181,2000,3.0,11,3.60,7,2,0,1,1,0,3,0.98,1,1,0,0,1,0,Matches
737,Roberto Gagliardini,it ITA,MF,Hellas Verona,it Serie A,31-209,1994,4.4,8,1.83,8,0,0,0,0,0,0,0.00,0,0,0,0,0,0,Matches
738,Cody Gakpo,nl NED,FWMF,Liverpool,eng Premier League,26-179,1999,8.8,39,4.42,31,2,3,1,2,0,4,0.45,3,0,0,1,0,0,Matches
739,Javi Galán,es ESP,DF,Atlético Madrid,es La Liga,30-348,1994,1.5,4,2.69,3,0,0,0,1,0,0,0.00,0,0,0,0,0,0,Matches
740,Iñigo Ruiz de Galarreta,es ESP,MF,Athletic Club,es La Liga,32-088,1993,7.2,14,1.93,12,1,0,1,0,0,0,0.00,0,0,0,0,0,0,Matches
741,Conor Gallagher,eng ENG,MF,Atlético Madrid,es La Liga,25-269,2000,3.8,8,2.14,6,0,0,0,1,1,1,0.27,0,0,0,0,1,0,Matches
742,Antonino Gallo,it ITA,DF,Lecce,it Serie A,25-301,2000,8.3,16,1.94,13,2,0,0,0,1,1,0.12,1,0,0,0,0,0,Matches
743,Idrissa Gana Gueye,sn SEN,MF,Everton,eng Premier League,36-037,1989,8.5,12,1.40,11,0,0,0,1,0,2,0.23,2,0,0,0,0,0,Matches
744,Ismaëlo Ganiou,bf BFA,DF,Lens,fr Ligue 1,20-233,2005,0.8,0,0.00,0,0,0,0,0,0,0,0.00,0,0,0,0,0,0,Matches
745,Ben Gannon-Doak,sct SCO,FW,Bournemouth,eng Premier League,19-356,2005,0.5,3,5.87,2,0,0,0,1,0,2,3.91,2,0,0,0,0,0,Matches
746,Facundo Garcés,my MAS,DF,Alavés,es La Liga,26-058,1999,6.0,2,0.33,2,0,0,0,0,0,1,0.17,1,0,0,0,0,0,Matches
747,Aleix García,es ESP,MF,Leverkusen,de Bundesliga,28-127,1997,8.0,25,3.12,19,5,0,1,0,0,4,0.50,4,0,0,0,0,0,Matches
748,Álvaro García,es ESP,MFFW,Rayo Vallecano,es La Liga,33-006,1992,7.8,18,2.31,13,1,1,3,0,0,3,0.39,1,0,1,1,0,0,Matches
749,Eric García,es ESP,DF,Barcelona,es La Liga,24-297,2001,8.4,31,3.70,25,2,0,1,0,3,4,0.48,3,1,0,0,0,0,Matches
750,Fran Garcia,es ESP,DFMF,Real Madrid,es La Liga,26-080,1999,1.3,3,2.39,2,0,0,0,1,0,0,0.00,0,0,0,0,0,0,Matches
751,Gonzalo García,es ESP,FWMF,Real Madrid,es La Liga,21-223,2004,1.1,5,4.55,4,0,0,0,0,1,1,0.91,1,0,0,0,0,0,Matches
752,Joan García,es ESP,GK,Barcelona,es La Liga,24-182,2001,6.0,0,0.00,0,0,0,0,0,0,0,0.00,0,0,0,0,0,0,Matches
753,Pablo Garcia,es ESP,FW,Betis,es La Liga,19-142,2006,2.0,1,0.49,0,0,1,0,0,0,0,0.00,0,0,0,0,0,0,Matches
754,Rubén García,es ESP,FWMF,Osasuna,es La Liga,32-111,1993,4.1,10,2.42,4,6,0,0,0,0,3,0.73,1,2,0,0,0,0,Matches
755,Ulisses Garcia,ch SUI,DF,Marseille,fr Ligue 1,29-295,1996,2.3,2,0.85,1,1,0,0,0,0,0,0.00,0,0,0,0,0,0,Matches
756,Víctor García,es ESP,MFDF,Levante,es La Liga,28-047,1997,1.8,1,0.55,1,0,0,0,0,0,0,0.00,0,0,0,0,0,0,Matches
757,Alejandro Garnacho,ar ARG,FW,Chelsea,eng Premier League,21-124,2004,2.8,5,1.78,4,0,0,0,1,0,0,0.00,0,0,0,0,0,0,Matches
758,James Garner,eng ENG,MFDF,Everton,eng Premier League,24-234,2001,9.0,24,2.67,17,5,0,1,1,0,1,0.11,1,0,0,0,0,0,Matches
759,Federico Gatti,it ITA,DF,Juventus,it Serie A,27-131,1998,8.1,9,1.11,7,0,0,1,0,1,0,0.00,0,0,0,0,0,0,Matches
760,Gavi,es ESP,MFDF,Barcelona,es La Liga,21-089,2004,0.7,3,4.03,3,0,0,0,0,0,1,1.34,1,0,0,0,0,0,Matches
761,Jusuf Gazibegović,ba BIH,DF,Köln,de Bundesliga,25-236,2000,0.3,1,3.91,1,0,0,0,0,0,0,0.00,0,0,0,0,0,0,Matches
762,Paulo Gazzaniga,ar ARG,GK,Girona,es La Liga,33-304,1992,9.5,0,0.00,0,0,0,0,0,0,0,0.00,0,0,0,0,0,0,Matches
763,Jean-Philippe Gbamin,ci CIV,DF,Metz,fr Ligue 1,30-038,1995,9.2,9,0.98,7,1,0,1,0,0,1,0.11,1,0,0,0,0,0,Matches
764,Yann Gboho,fr FRA,FWMF,Toulouse,fr Ligue 1,24-292,2001,9.1,34,3.74,27,0,5,1,0,1,3,0.33,2,0,1,0,0,0,Matches
765,David de Gea,es ESP,GK,Fiorentina,it Serie A,34-360,1990,9.0,4,0.44,3,1,0,0,0,0,0,0.00,0,0,0,0,0,0,Matches
766,Lutsharel Geertruida,nl NED,DFMF,Sunderland,eng Premier League,25-107,2000,1.9,2,1.08,2,0,0,0,0,0,1,0.54,1,0,0,0,0,0,Matches
767,Tyrique George,eng ENG,FW,Chelsea,eng Premier League,19-271,2006,1.6,4,2.48,3,0,0,1,0,0,2,1.24,1,0,0,1,0,0,Matches
768,Yannick Gerhardt,de GER,DF,Wolfsburg,de Bundesliga,31-234,1994,0.0,0,0.00,0,0,0,0,0,0,0,0.00,0,0,0,0,0,0,Matches
769,Willem Geubbels,fr FRA,FW,Paris FC,fr Ligue 1,24-078,2001,5.2,9,1.75,7,0,0,2,0,0,0,0.00,0,0,0,0,0,0,Matches
770,Ismaël Gharbi,tn TUN,MF,Augsburg,de Bundesliga,21-206,2004,0.5,2,3.75,1,0,0,0,1,0,0,0.00,0,0,0,0,0,0,Matches
771,Mourad El Ghezouani,ma MAR,FW,Elche,es La Liga,27-159,1998,0.6,2,3.46,2,0,0,0,0,0,0,0.00,0,0,0,0,0,0,Matches
772,Rachid Ghezzal,dz ALG,FWMF,Lyon,fr Ligue 1,33-177,1992,0.7,2,2.90,0,1,0,0,0,1,1,1.45,0,1,0,0,0,0,Matches
773,Daniele Ghilardi,it ITA,DF,Roma,it Serie A,22-300,2003,0.1,0,0.00,0,0,0,0,0,0,0,0.00,0,0,0,0,0,0,Matches
774,Andrea Ghion,it ITA,FWMF,Sassuolo,it Serie A,25-252,2000,0.1,0,0.00,0,0,0,0,0,0,0,0.00,0,0,0,0,0,0,Matches
775,Dimitris Giannoulis,gr GRE,DFMF,Augsburg,de Bundesliga,30-016,1995,5.0,4,0.79,3,1,0,0,0,0,0,0.00,0,0,0,0,0,0,Matches
776,Morgan Gibbs-White,eng ENG,MFFW,Nott'ham Forest,eng Premier League,25-279,2000,9.1,31,3.41,24,2,2,3,0,0,1,0.11,1,0,0,0,0,0,Matches
777,Bryan Gil,es ESP,FWMF,Girona,es La Liga,24-264,2001,3.4,7,2.06,6,0,0,1,0,0,1,0.29,1,0,0,0,0,0,Matches
778,Mario Gila,es ESP,DF,Lazio,it Serie A,25-065,2000,8.6,8,0.93,6,0,0,2,0,0,0,0.00,0,0,0,0,0,0,Matches
779,Billy Gilmour,sct SCO,MF,Napoli,it Serie A,24-144,2001,4.6,18,3.92,14,1,1,1,1,0,2,0.44,0,0,1,0,1,0,Matches
780,Benedikt Gimber,de GER,DFMF,Heidenheim,de Bundesliga,28-256,1997,3.8,2,0.53,2,0,0,0,0,0,0,0.00,0,0,0,0,0,0,Matches
781,Santiago Giménez,mx MEX,FW,Milan,it Serie A,24-198,2001,6.9,16,2.32,7,0,2,4,3,0,2,0.29,0,0,0,1,1,0,Matches
782,Gvidas Gineitis,lt LTU,MFFW,Torino,it Serie A,21-201,2004,2.3,6,2.60,5,0,0,0,1,0,0,0.00,0,0,0,0,0,0,Matches
783,Matthias Ginter,de GER,DF,Freiburg,de Bundesliga,31-287,1994,9.0,6,0.67,6,0,0,0,0,0,3,0.33,3,0,0,0,0,0,Matches
784,Giovane,br BRA,FW,Hellas Verona,it Serie A,21-343,2003,8.0,35,4.36,17,4,6,3,5,0,5,0.62,1,1,0,1,2,0,Matches
785,Olivier Giroud,fr FRA,FW,Lille,fr Ligue 1,39-033,1986,6.6,12,1.81,12,0,0,0,0,0,1,0.15,1,0,0,0,0,0,Matches
786,Jamie Gittens,eng ENG,FW,Chelsea,eng Premier League,21-086,2004,2.7,10,3.66,8,0,0,2,0,0,0,0.00,0,0,0,0,0,0,Matches
787,Robert Glatzel,de GER,FW,Hamburger SV,de Bundesliga,31-298,1994,0.7,1,1.48,1,0,0,0,0,0,0,0.00,0,0,0,0,0,0,Matches
788,Serge Gnabry,de GER,MFFW,Bayern Munich,de Bundesliga,30-111,1995,5.0,17,3.42,16,0,1,0,0,0,6,1.21,5,0,1,0,0,0,Matches
789,Wilfried Gnonto,it ITA,FW,Leeds United,eng Premier League,21-362,2003,2.1,4,1.87,3,0,1,0,0,0,0,0.00,0,0,0,0,0,0,Matches
790,Giorgi Gocholeishvili,ge GEO,MF,Hamburger SV,de Bundesliga,24-261,2001,4.6,16,3.46,10,2,2,1,1,0,2,0.43,1,0,0,1,0,0,Matches
791,Martial Godo,eng ENG,MFFW,Strasbourg,fr Ligue 1,22-233,2003,2.8,3,1.08,1,0,1,0,1,0,1,0.36,0,0,0,0,1,0,Matches
792,Maxima Goffi,fr FRA,DF,Lille,fr Ligue 1,17-283,2008,0.4,0,0.00,0,0,0,0,0,0,0,0.00,0,0,0,0,0,0,Matches
793,Saba Goglichidze,ge GEO,DF,Udinese,it Serie A,21-130,2004,4.7,5,1.07,4,0,0,1,0,0,1,0.21,1,0,0,0,0,0,Matches
794,Edoardo Goldaniga,it ITA,DF,Como,it Serie A,32-000,1993,0.0,0,0.00,0,0,0,0,0,0,0,0.00,0,0,0,0,0,0,Matches
795,Aleksandr Golovin,ru RUS,MFFW,Monaco,fr Ligue 1,29-156,1996,4.5,10,2.24,7,0,0,3,0,0,2,0.45,1,0,0,1,0,0,Matches
796,André Gomes,pt POR,MF,Lille,fr Ligue 1,32-095,1993,0.0,0,0.00,0,0,0,0,0,0,0,0.00,0,0,0,0,0,0,Matches
797,Angel Gomes,eng ENG,MF,Marseille,fr Ligue 1,25-063,2000,7.7,27,3.49,25,2,0,0,0,0,3,0.39,3,0,0,0,0,0,Matches
798,João Gomes,br BRA,MF,Wolves,eng Premier League,24-263,2001,8.3,21,2.54,18,1,1,0,0,1,0,0.00,0,0,0,0,0,0,Matches
799,Rodrigo Gomes,pt POR,FWDF,Wolves,eng Premier League,22-118,2003,3.7,10,2.70,5,0,2,1,2,0,0,0.00,0,0,0,0,0,0,Matches
800,Toti Gomes,pt POR,DF,Wolves,eng Premier League,26-290,1999,4.8,6,1.24,5,1,0,0,0,0,0,0.00,0,0,0,0,0,0,Matches
801,Diego Gómez,py PAR,MFFW,Brighton,eng Premier League,22-220,2003,5.1,14,2.76,9,0,1,0,2,2,0,0.00,0,0,0,0,0,0,Matches
802,Joe Gomez,eng ENG,DF,Liverpool,eng Premier League,28-163,1997,0.4,1,2.31,0,0,0,1,0,0,0,0.00,0,0,0,0,0,0,Matches
803,Moi Gómez,es ESP,MF,Osasuna,es La Liga,31-132,1994,5.8,19,3.29,15,2,1,0,0,1,2,0.35,2,0,0,0,0,0,Matches
804,Sergio Gómez,es ESP,DF,Real Sociedad,es La Liga,25-059,2000,8.3,23,2.79,18,4,0,0,0,1,0,0.00,0,0,0,0,0,0,Matches
805,Unai Gómez,es ESP,MFFW,Athletic Club,es La Liga,22-161,2003,1.3,5,3.75,3,0,1,0,1,0,0,0.00,0,0,0,0,0,0,Matches
806,Valentín Gómez,ar ARG,DF,Betis,es La Liga,22-129,2003,4.5,3,0.67,2,0,1,0,0,0,0,0.00,0,0,0,0,0,0,Matches
807,Tidiam Gomis,fr FRA,FW,RB Leipzig,de Bundesliga,19-086,2006,0.3,1,3.21,1,0,0,0,0,0,0,0.00,0,0,0,0,0,0,Matches
808,Rafael Gonçalves,pt POR,MF,Strasbourg,fr Ligue 1,20-257,2005,2.7,7,2.64,5,0,1,0,0,1,0,0.00,0,0,0,0,0,0,Matches
809,Nicolás González,es ESP,MF,Manchester City,eng Premier League,23-303,2002,5.2,14,2.69,11,0,0,2,0,1,2,0.38,2,0,0,0,0,0,Matches
810,Nicolás González,ar ARG,MFDF,Juventus,it Serie A,27-210,1998,0.2,2,9.47,1,0,0,0,1,0,0,0.00,0,0,0,0,0,0,Matches
811,Nicolás González,ar ARG,MFFW,Atlético Madrid,es La Liga,27-210,1998,6.2,22,3.55,14,0,3,4,1,0,1,0.16,0,0,0,0,1,0,Matches
812,Urko González,es ESP,MF,Espanyol,es La Liga,24-227,2001,3.9,5,1.29,4,0,0,0,1,0,0,0.00,0,0,0,0,0,0,Matches
813,Urko González,es ESP,MF,Real Sociedad,es La Liga,24-227,2001,0.1,1,8.18,1,0,0,0,0,0,0,0.00,0,0,0,0,0,0,Matches
814,Anthony Gordon,eng ENG,FW,Newcastle Utd,eng Premier League,24-251,2001,4.6,17,3.70,13,0,3,0,1,0,1,0.22,1,0,0,0,0,0,Matches
815,Leon Goretzka,de GER,MF,Bayern Munich,de Bundesliga,30-269,1995,5.7,19,3.33,16,0,1,0,0,2,3,0.53,3,0,0,0,0,0,Matches
816,Andoni Gorosabel,es ESP,DF,Athletic Club,es La Liga,29-090,1996,1.7,8,4.77,6,1,1,0,0,0,2,1.19,1,0,1,0,0,0,Matches
817,Jon Gorrotxategi,es ESP,MF,Real Sociedad,es La Liga,23-273,2002,8.7,12,1.38,8,0,0,3,1,0,2,0.23,1,0,0,1,0,0,Matches
818,Alimami Gory,ml MLI,FWMF,Paris FC,fr Ligue 1,29-064,1996,1.9,2,1.08,2,0,0,0,0,0,0,0.00,0,0,0,0,0,0,Matches
819,Robin Gosens,de GER,DF,Fiorentina,it Serie A,31-120,1994,8.0,13,1.62,9,1,0,2,1,0,1,0.12,0,0,0,1,0,0,Matches
820,Mikel Goti,es ESP,MF,Real Sociedad,es La Liga,23-163,2002,0.7,2,2.77,1,0,0,1,0,0,1,1.38,0,0,0,1,0,0,Matches
821,Mario Götze,de GER,MF,Eint Frankfurt,de Bundesliga,33-152,1992,1.9,4,2.06,1,3,0,0,0,0,0,0.00,0,0,0,0,0,0,Matches
822,Amine Gouiri,dz ALG,FWMF,Marseille,fr Ligue 1,25-259,2000,4.2,14,3.33,5,7,1,1,0,0,3,0.71,2,0,1,0,0,0,Matches
823,Tiago Gouveia,pt POR,DFMF,Nice,fr Ligue 1,24-137,2001,3.2,4,1.24,3,0,0,0,1,0,1,0.31,1,0,0,0,0,0,Matches
824,Jeffrey Gouweleeuw,nl NED,DF,Augsburg,de Bundesliga,34-115,1991,3.7,5,1.34,5,0,0,0,0,0,0,0.00,0,0,0,0,0,0,Matches
825,Kamil Grabara,pl POL,GK,Wolfsburg,de Bundesliga,26-298,1999,8.0,2,0.25,2,0,0,0,0,0,0,0.00,0,0,0,0,0,0,Matches
826,Jonathan Gradit,fr FRA,DF,Lens,fr Ligue 1,32-343,1992,7.0,6,0.86,5,1,0,0,0,0,0,0.00,0,0,0,0,0,0,Matches
827,Alberto Grassi,it ITA,MF,Cremonese,it Serie A,30-240,1995,4.1,4,0.98,3,0,0,0,1,0,2,0.49,2,0,0,0,0,0,Matches
828,Ryan Gravenberch,nl NED,MF,Liverpool,eng Premier League,23-170,2002,7.7,31,4.04,23,0,1,3,2,2,2,0.26,2,0,0,0,0,0,Matches
829,Archie Gray,eng ENG,MF,Tottenham,eng Premier League,19-235,2006,0.8,2,2.50,2,0,0,0,0,0,0,0.00,0,0,0,0,0,0,Matches
830,Jack Grealish,eng ENG,FW,Everton,eng Premier League,30-053,1995,7.2,36,5.02,31,0,1,1,2,1,6,0.84,6,0,0,0,0,0,Matches
831,Mason Greenwood,eng ENG,FWMF,Marseille,fr Ligue 1,24-032,2001,8.7,46,5.28,29,6,5,4,2,0,4,0.46,2,2,0,0,0,0,Matches
832,Dominik Greif,sk SVK,GK,Lyon,fr Ligue 1,28-210,1997,6.0,1,0.17,1,0,0,0,0,0,1,0.17,1,0,0,0,0,0,Matches
833,Antoine Griezmann,fr FRA,FWMF,Atlético Madrid,es La Liga,34-226,1991,4.6,14,3.03,9,4,1,0,0,0,0,0.00,0,0,0,0,0,0,Matches
834,Vincenzo Grifo,it ITA,FW,Freiburg,de Bundesliga,32-209,1993,5.6,21,3.72,14,6,1,0,0,0,1,0.18,1,0,0,0,0,0,Matches
835,Álex Grimaldo,es ESP,DF,Leverkusen,de Bundesliga,30-043,1995,7.5,30,4.00,19,5,1,0,4,1,4,0.53,2,1,0,0,1,0,Matches
836,Pascal Groß,de GER,MF,Dortmund,de Bundesliga,34-140,1991,4.7,19,4.08,15,2,2,0,0,0,2,0.43,2,0,0,0,0,0,Matches
837,Brajan Gruda,de GER,MFFW,Brighton,eng Premier League,21-155,2004,2.5,10,4.04,6,0,3,0,1,0,2,0.81,1,0,1,0,0,0,Matches
838,Ilia Gruev,bg BUL,MF,Leeds United,eng Premier League,25-180,2000,2.4,0,0.00,0,0,0,0,0,0,0,0.00,0,0,0,0,0,0,Matches
839,Marco Grüll,at AUT,FW,Werder Bremen,de Bundesliga,27-119,1998,7.0,19,2.72,10,1,2,3,2,1,4,0.57,2,0,1,1,0,0,Matches
840,Albert Grønbaek,dk DEN,FW,Genoa,it Serie A,24-163,2001,0.7,4,6.10,3,0,1,0,0,0,0,0.00,0,0,0,0,0,0,Matches
841,Nemanja Gudelj,rs SRB,MF,Sevilla,es La Liga,33-351,1991,6.4,6,0.94,4,0,1,1,0,0,1,0.16,1,0,0,0,0,0,Matches
842,Gabriel Gudmundsson,se SWE,DF,Leeds United,eng Premier League,26-187,1999,9.2,20,2.17,17,0,0,0,1,2,0,0.00,0,0,0,0,0,0,Matches
843,Gonçalo Guedes,pt POR,MFFW,Real Sociedad,es La Liga,28-338,1996,4.7,17,3.63,11,2,3,1,0,0,3,0.64,2,0,1,0,0,0,Matches
844,Marc Guéhi,eng ENG,DF,Crystal Palace,eng Premier League,25-112,2000,10.0,18,1.80,14,2,0,1,1,0,4,0.40,2,0,0,1,1,0,Matches
845,Mattéo Guendouzi,fr FRA,MF,Lazio,it Serie A,26-202,1999,6.9,13,1.89,12,0,0,1,0,0,0,0.00,0,0,0,0,0,0,Matches
846,Javier Guerra,es ESP,MF,Valencia,es La Liga,22-305,2003,6.8,14,2.05,10,2,1,1,0,0,2,0.29,1,1,0,0,0,0,Matches
847,Raphaël Guerreiro,pt POR,MFDF,Bayern Munich,de Bundesliga,31-315,1993,2.2,14,6.46,14,0,0,0,0,0,2,0.92,2,0,0,0,0,0,Matches
848,Daniel Guerrero,es ESP,MF,Betis,es La Liga,20-099,2005,0.0,0,0.00,0,0,0,0,0,0,0,0.00,0,0,0,0,0,0,Matches
849,Ismaël Guerti,fr FRA,MF,Metz,fr Ligue 1,21-095,2004,0.3,0,0.00,0,0,0,0,0,0,0,0.00,0,0,0,0,0,0,Matches
850,Evann Guessand,ci CIV,FW,Aston Villa,eng Premier League,24-124,2001,4.6,7,1.50,5,0,0,0,2,0,0,0.00,0,0,0,0,0,0,Matches
851,Ander Guevara,es ESP,MF,Alavés,es La Liga,28-118,1997,2.3,2,0.86,2,0,0,0,0,0,0,0.00,0,0,0,0,0,0,Matches
852,Idrissa Guèye,sn SEN,FW,Udinese,it Serie A,19-047,2006,0.2,0,0.00,0,0,0,0,0,0,0,0.00,0,0,0,0,0,0,Matches
853,Idrissa Guèye,sn SEN,FW,Metz,fr Ligue 1,19-047,2006,1.5,0,0.00,0,0,0,0,0,0,0,0.00,0,0,0,0,0,0,Matches
854,Pape Gueye,sn SEN,MF,Villarreal,es La Liga,26-282,1999,7.4,26,3.52,23,0,0,1,2,0,5,0.68,4,0,0,1,0,0,Matches
855,Morgan Guilavogui,gn GUI,MFFW,Lens,fr Ligue 1,27-237,1998,4.2,14,3.30,10,0,1,2,1,0,0,0.00,0,0,0,0,0,0,Matches
856,Luis Guilherme,br BRA,FWMF,West Ham,eng Premier League,19-266,2006,0.6,0,0.00,0,0,0,0,0,0,0,0.00,0,0,0,0,0,0,Matches
857,Bruno Guimarães,br BRA,MF,Newcastle Utd,eng Premier League,27-351,1997,7.9,30,3.78,20,0,2,1,5,2,5,0.63,1,0,1,0,2,1,Matches
858,Daouda Guindo,ml MLI,DFFW,Brest,fr Ligue 1,23-019,2002,1.2,0,0.00,0,0,0,0,0,0,0,0.00,0,0,0,0,0,0,Matches
859,Bahereba Guirassy,fr FRA,FWMF,Nantes,fr Ligue 1,19-065,2006,5.0,11,2.20,7,0,3,1,0,0,2,0.40,2,0,0,0,0,0,Matches
860,Serhou Guirassy,gn GUI,FW,Dortmund,de Bundesliga,29-235,1996,7.8,11,1.42,9,0,1,1,0,0,1,0.13,1,0,0,0,0,0,Matches
861,Marc Guiu,es ESP,FW,Sunderland,eng Premier League,19-302,2006,0.2,2,12.00,2,0,0,0,0,0,0,0.00,0,0,0,0,0,0,Matches
862,Marc Guiu,es ESP,FW,Chelsea,eng Premier League,19-302,2006,1.5,2,1.31,0,0,0,1,1,0,1,0.66,0,0,0,0,1,0,Matches
863,Péter Gulácsi,hu HUN,GK,RB Leipzig,de Bundesliga,35-180,1990,9.0,1,0.11,1,0,0,0,0,0,0,0.00,0,0,0,0,0,0,Matches
864,Arda Güler,tr TUR,MF,Real Madrid,es La Liga,20-250,2005,7.7,46,5.94,33,10,1,1,0,1,7,0.90,6,0,0,0,0,1,Matches
865,Gerard Gumbau,es ESP,MFFW,Rayo Vallecano,es La Liga,30-319,1994,0.8,0,0.00,0,0,0,0,0,0,0,0.00,0,0,0,0,0,0,Matches
866,Christian Günter,de GER,DF,Freiburg,de Bundesliga,32-247,1993,3.2,10,3.10,4,6,0,0,0,0,1,0.31,0,1,0,0,0,0,Matches
867,Jon Guridi,es ESP,MFFW,Alavés,es La Liga,30-247,1995,3.5,6,1.70,4,0,1,0,0,1,0,0.00,0,0,0,0,0,0,Matches
868,Gorka Guruzeta,es ESP,FW,Athletic Club,es La Liga,29-051,1996,5.6,11,1.96,4,1,0,4,2,0,0,0.00,0,0,0,0,0,0,Matches
869,Malo Gusto,fr FRA,DFMF,Chelsea,eng Premier League,22-167,2003,5.3,19,3.60,17,0,0,1,0,1,3,0.57,3,0,0,0,0,0,Matches
870,Miguel Gutiérrez,es ESP,DF,Napoli,it Serie A,24-098,2001,1.7,6,3.58,5,0,0,0,0,1,0,0.00,0,0,0,0,0,0,Matches
871,Albert Guðmundsson,is ISL,MFFW,Fiorentina,it Serie A,28-140,1997,4.9,15,3.04,13,0,0,1,1,0,1,0.20,1,0,0,0,0,0,Matches
872,Joško Gvardiol,hr CRO,DF,Manchester City,eng Premier League,23-283,2002,4.8,5,1.05,5,0,0,0,0,0,2,0.42,2,0,0,0,0,0,Matches
873,Viktor Gyökeres,se SWE,FW,Arsenal,eng Premier League,27-151,1998,8.9,20,2.25,13,0,1,5,1,0,2,0.23,1,0,1,0,0,0,Matches
874,Erling Haaland,no NOR,FW,Manchester City,eng Premier League,25-104,2000,8.6,15,1.75,9,0,2,4,0,0,2,0.23,2,0,0,0,0,0,Matches
875,Janik Haberer,de GER,MFDF,Union Berlin,de Bundesliga,31-214,1994,5.6,6,1.07,2,2,0,2,0,0,0,0.00,0,0,0,0,0,0,Matches
876,Robin Hack,de GER,FWMF,Gladbach,de Bundesliga,27-067,1998,2.7,14,5.27,11,1,2,0,0,0,0,0.00,0,0,0,0,0,0,Matches
877,Albian Hajdari,xk KVX,DF,Hoffenheim,de Bundesliga,22-168,2003,5.0,6,1.20,4,0,0,2,0,0,0,0.00,0,0,0,0,0,0,Matches
878,Achraf Hakimi,ma MAR,DF,Paris S-G,fr Ligue 1,26-363,1998,7.3,26,3.56,23,0,1,1,1,0,3,0.41,2,0,0,0,1,0,Matches
879,Lewis Hall,eng ENG,DF,Newcastle Utd,eng Premier League,21-055,2004,1.5,1,0.67,1,0,0,0,0,0,0,0.00,0,0,0,0,0,0,Matches
880,Pierre-Yves Hamel,fr FRA,FW,Paris FC,fr Ligue 1,31-272,1994,0.9,0,0.00,0,0,0,0,0,0,0,0.00,0,0,0,0,0,0,Matches
881,Andreas Hanche-Olsen,no NOR,DF,Mainz 05,de Bundesliga,28-289,1997,6.3,2,0.32,1,0,0,1,0,0,0,0.00,0,0,0,0,0,0,Matches
882,Dávid Hancko,sk SVK,DF,Atlético Madrid,es La Liga,27-324,1997,9.8,15,1.53,12,1,0,1,0,1,3,0.31,2,1,0,0,0,0,Matches
883,Florent Hanin,dz ALG,DF,Angers,fr Ligue 1,35-271,1990,4.1,3,0.74,3,0,0,0,0,0,0,0.00,0,0,0,0,0,0,Matches
884,Isak Hansen-Aarøen,no NOR,FW,Werder Bremen,de Bundesliga,21-072,2004,0.0,0,0.00,0,0,0,0,0,0,0,0.00,0,0,0,0,0,0,Matches
885,Conrad Harder,dk DEN,FW,RB Leipzig,de Bundesliga,20-209,2005,0.9,5,5.63,5,0,0,0,0,0,0,0.00,0,0,0,0,0,0,Matches
886,Jack Harrison,eng ENG,FW,Leeds United,eng Premier League,28-347,1996,2.9,4,1.38,3,0,0,0,0,1,0,0.00,0,0,0,0,0,0,Matches
887,Abdou Harroui,nl NED,MFFW,Hellas Verona,it Serie A,27-293,1998,0.9,2,2.17,1,0,0,0,0,1,0,0.00,0,0,0,0,0,0,Matches
888,Quilindschy Hartman,nl NED,DF,Burnley,eng Premier League,23-353,2001,10.0,16,1.61,11,5,0,0,0,0,5,0.50,4,1,0,0,0,0,Matches
889,Haissem Hassan,fr FRA,FWMF,Oviedo,es La Liga,23-267,2002,6.7,18,2.69,10,0,5,2,0,1,2,0.30,1,0,0,0,0,1,Matches
890,Hans Hateboer,nl NED,DF,Rennes,fr Ligue 1,31-297,1994,0.2,0,0.00,0,0,0,0,0,0,0,0.00,0,0,0,0,0,0,Matches
891,Hans Hateboer,nl NED,DF,Lyon,fr Ligue 1,31-297,1994,0.2,0,0.00,0,0,0,0,0,0,0,0.00,0,0,0,0,0,0,Matches
892,Jorrel Hato,nl NED,DF,Chelsea,eng Premier League,19-240,2006,1.9,0,0.00,0,0,0,0,0,0,0,0.00,0,0,0,0,0,0,Matches
893,Kai Havertz,de GER,FW,Arsenal,eng Premier League,26-144,1999,0.3,3,8.71,2,0,0,0,1,0,0,0.00,0,0,0,0,0,0,Matches
894,Ayden Heaven,eng ENG,DF,Manchester Utd,eng Premier League,19-041,2006,0.3,1,3.00,1,0,0,0,0,0,1,3.00,1,0,0,0,0,0,Matches
895,Jan Paul van Hecke,nl NED,DF,Brighton,eng Premier League,25-147,2000,10.0,11,1.10,8,0,0,2,0,1,2,0.20,2,0,0,0,0,0,Matches
896,Hwang Hee-chan,kr KOR,FW,Wolves,eng Premier League,29-280,1996,3.3,9,2.70,7,1,0,0,1,0,0,0.00,0,0,0,0,0,0,Matches
897,Torbjørn Heggem,no NOR,DF,Bologna,it Serie A,26-294,1999,6.9,4,0.58,4,0,0,0,0,0,1,0.14,1,0,0,0,0,0,Matches
898,Gauthier Hein,fr FRA,MF,Metz,fr Ligue 1,29-087,1996,8.1,27,3.33,19,6,1,0,0,1,1,0.12,0,1,0,0,0,0,Matches
899,Dominique Heintz,de GER,DF,Köln,de Bundesliga,32-079,1993,1.8,3,1.65,3,0,0,0,0,0,0,0.00,0,0,0,0,0,0,Matches
900,Dean Henderson,eng ENG,GK,Crystal Palace,eng Premier League,28-235,1997,10.0,2,0.20,2,0,0,0,0,0,0,0.00,0,0,0,0,0,0,Matches
901,Jordan Henderson,eng ENG,MF,Brentford,eng Premier League,35-138,1990,8.2,18,2.19,17,1,0,0,0,0,2,0.24,2,0,0,0,0,0,Matches
902,Ramon Hendriks,nl NED,DF,Stuttgart,de Bundesliga,24-107,2001,4.0,2,0.50,1,1,0,0,0,0,0,0.00,0,0,0,0,0,0,Matches
903,Luis Henrique,br BRA,DF,Inter,it Serie A,23-323,2001,1.8,6,3.35,5,0,0,1,0,0,0,0.00,0,0,0,0,0,0,Matches
904,Rico Henry,eng ENG,DF,Brentford,eng Premier League,28-117,1997,1.9,3,1.55,2,0,1,0,0,0,0,0.00,0,0,0,0,0,0,Matches
905,Mads Hermansen,dk DEN,GK,West Ham,eng Premier League,25-114,2000,4.0,0,0.00,0,0,0,0,0,0,0,0.00,0,0,0,0,0,0,Matches
906,Mario Hermoso,es ESP,DF,Roma,it Serie A,30-137,1995,5.4,6,1.10,6,0,0,0,0,0,0,0.00,0,0,0,0,0,0,Matches
907,Lucas Hernández,fr FRA,DF,Paris S-G,fr Ligue 1,29-261,1996,5.4,10,1.85,8,1,0,0,1,0,1,0.18,0,1,0,0,0,0,Matches
908,Hernani,br BRA,DF,Parma,it Serie A,31-220,1994,0.2,0,0.00,0,0,0,0,0,0,0,0.00,0,0,0,0,0,0,Matches
909,Jorge Herrando,es ESP,DF,Osasuna,es La Liga,24-247,2001,3.0,2,0.67,1,0,0,1,0,0,1,0.34,1,0,0,0,0,0,Matches
910,Sergio Herrera,es ESP,GK,Osasuna,es La Liga,32-150,1993,10.0,1,0.10,1,0,0,0,0,0,0,0.00,0,0,0,0,0,0,Matches
911,Yangel Herrera,ve VEN,MF,Girona,es La Liga,27-292,1998,1.2,0,0.00,0,0,0,0,0,0,0,0.00,0,0,0,0,0,0,Matches
912,Yangel Herrera,ve VEN,MF,Real Sociedad,es La Liga,27-292,1998,1.0,1,1.02,1,0,0,0,0,0,0,0.00,0,0,0,0,0,0,Matches
913,Charles Herrmann,de GER,MF,Gladbach,de Bundesliga,19-285,2006,0.1,1,18.00,0,1,0,0,0,0,1,18.00,0,1,0,0,0,0,Matches
914,Daniel Heuer Fernandes,pt POR,GK,Hamburger SV,de Bundesliga,32-354,1992,8.0,2,0.25,1,1,0,0,0,0,1,0.12,0,1,0,0,0,0,Matches
915,Aaron Hickey,sct SCO,DF,Brentford,eng Premier League,23-145,2002,2.1,2,0.96,1,1,0,0,0,0,0,0.00,0,0,0,0,0,0,Matches
916,Santiago Hidalgo,ar ARG,FWMF,Toulouse,fr Ligue 1,20-258,2005,1.7,2,1.18,2,0,0,0,0,0,1,0.59,1,0,0,0,0,0,Matches
917,Isak Hien,se SWE,DF,Atalanta,it Serie A,26-293,1999,8.3,6,0.72,4,0,1,0,0,1,2,0.24,1,0,0,0,0,1,Matches
918,Omar El Hilali,ma MAR,DF,Espanyol,es La Liga,22-051,2003,7.8,14,1.79,12,2,0,0,0,0,2,0.26,2,0,0,0,0,0,Matches
919,James Hill,eng ENG,DF,Bournemouth,eng Premier League,23-296,2002,3.1,4,1.30,3,1,0,0,0,0,0,0.00,0,0,0,0,0,0,Matches
920,Piero Hincapié,ec ECU,DF,Arsenal,eng Premier League,23-297,2002,0.3,0,0.00,0,0,0,0,0,0,0,0.00,0,0,0,0,0,0,Matches
921,Piero Hincapié,ec ECU,DF,Leverkusen,de Bundesliga,23-297,2002,1.0,0,0.00,0,0,0,0,0,0,0,0.00,0,0,0,0,0,0,Matches
922,Jack Hinshelwood,eng ENG,MF,Brighton,eng Premier League,20-205,2005,1.2,0,0.00,0,0,0,0,0,0,0,0.00,0,0,0,0,0,0,Matches
923,Ki-Jana Hoever,nl NED,DFMF,Wolves,eng Premier League,23-288,2002,2.8,5,1.80,5,0,0,0,0,0,0,0.00,0,0,0,0,0,0,Matches
924,Nicolas Höfler,de GER,MF,Freiburg,de Bundesliga,35-238,1990,0.3,0,0.00,0,0,0,0,0,0,0,0.00,0,0,0,0,0,0,Matches
925,Jonas Hofmann,de GER,MF,Leverkusen,de Bundesliga,33-111,1992,2.2,9,4.07,4,0,1,1,2,1,4,1.81,1,0,1,0,1,1,Matches
926,Malthe Hojholt,dk DEN,MF,Pisa,it Serie A,24-200,2001,0.5,0,0.00,0,0,0,0,0,0,0,0.00,0,0,0,0,0,0,Matches
927,Lucas Höler,de GER,MFFW,Freiburg,de Bundesliga,31-115,1994,7.0,12,1.72,8,0,0,2,2,0,0,0.00,0,0,0,0,0,0,Matches
928,Benedict Hollerbach,de GER,FWMF,Mainz 05,de Bundesliga,24-169,2001,3.3,6,1.84,5,0,0,0,1,0,1,0.31,1,0,0,0,0,0,Matches
929,Emil Holm,se SWE,DF,Bologna,it Serie A,25-173,2000,2.8,2,0.72,2,0,0,0,0,0,2,0.72,2,0,0,0,0,0,Matches
930,Franck Honorat,fr FRA,MFFW,Gladbach,de Bundesliga,29-083,1996,4.8,21,4.37,15,5,0,0,0,1,1,0.21,1,0,0,0,0,0,Matches
931,Mathias Honsak,at AUT,FWMF,Heidenheim,de Bundesliga,28-317,1996,3.2,7,2.22,4,0,1,2,0,0,1,0.32,1,0,0,0,0,0,Matches
932,Ali Houary,ma MAR,MF,Elche,es La Liga,20-089,2005,1.4,0,0.00,0,0,0,0,0,0,0,0.00,0,0,0,0,0,0,Matches
933,Andreas Hountondji,bj BEN,FWMF,St. Pauli,de Bundesliga,23-114,2002,4.9,10,2.04,5,0,1,3,1,0,1,0.20,0,0,0,1,0,0,Matches
934,Lukáš Hrádecký,fi FIN,GK,Monaco,fr Ligue 1,35-343,1989,2.9,0,0.00,0,0,0,0,0,0,0,0.00,0,0,0,0,0,0,Matches
935,Robin Hranáč,cz CZE,DF,Hoffenheim,de Bundesliga,25-277,2000,7.6,3,0.39,2,0,0,1,0,0,0,0.00,0,0,0,0,0,0,Matches
936,Timo Hübers,de GER,DF,Köln,de Bundesliga,29-105,1996,7.5,3,0.40,3,0,0,0,0,0,3,0.40,3,0,0,0,0,0,Matches
937,Callum Hudson-Odoi,eng ENG,FW,Nott'ham Forest,eng Premier League,24-360,2000,6.3,29,4.58,23,1,2,1,0,2,0,0.00,0,0,0,0,0,0,Matches
938,Will Hughes,eng ENG,MF,Crystal Palace,eng Premier League,30-199,1995,4.9,12,2.44,8,4,0,0,0,0,1,0.20,1,0,0,0,0,0,Matches
939,Dean Huijsen,es ESP,DF,Real Madrid,es La Liga,20-202,2005,8.1,10,1.24,10,0,0,0,0,0,1,0.12,1,0,0,0,0,0,Matches
940,Trai Hume,nir NIR,DF,Sunderland,eng Premier League,23-229,2002,8.9,13,1.47,9,2,0,1,0,1,1,0.11,1,0,0,0,0,0,Matches
941,Bashir Humphreys,eng ENG,DF,Burnley,eng Premier League,22-232,2003,0.0,0,0.00,0,0,0,0,0,0,0,0.00,0,0,0,0,0,0,Matches
942,Denis Huseinbasic,ba BIH,MF,Köln,de Bundesliga,24-122,2001,2.4,4,1.69,3,0,0,1,0,0,0,0.00,0,0,0,0,0,0,Matches
943,Omari Hutchinson,eng ENG,FWMF,Nott'ham Forest,eng Premier League,22-003,2003,1.1,6,5.35,4,0,1,0,0,1,0,0.00,0,0,0,0,0,0,Matches
944,Kwon Hyeokkyu,kr KOR,MF,Nantes,fr Ligue 1,24-234,2001,4.9,7,1.43,3,0,0,2,2,0,0,0.00,0,0,0,0,0,0,Matches
945,Elseid Hysaj,al ALB,DF,Lazio,it Serie A,31-255,1994,1.7,2,1.17,2,0,0,0,0,0,0,0.00,0,0,0,0,0,0,Matches
946,Hong Hyunseok,kr KOR,MF,Nantes,fr Ligue 1,26-139,1999,3.2,5,1.58,3,2,0,0,0,0,1,0.32,1,0,0,0,0,0,Matches
947,Lucas Høgsberg,dk DEN,DF,Strasbourg,fr Ligue 1,19-132,2006,6.8,2,0.29,1,0,0,1,0,0,2,0.29,1,0,0,1,0,0,Matches
948,Pierre Højbjerg,dk DEN,MF,Marseille,fr Ligue 1,30-089,1995,9.5,22,2.31,19,0,1,0,2,0,0,0.00,0,0,0,0,0,0,Matches
949,Oscar Højlund,dk DEN,MF,Eint Frankfurt,de Bundesliga,20-302,2005,1.8,2,1.12,2,0,0,0,0,0,1,0.56,1,0,0,0,0,0,Matches
950,Rasmus Højlund,dk DEN,FW,Napoli,it Serie A,22-271,2003,4.6,5,1.08,4,0,0,1,0,0,1,0.22,0,0,0,1,0,0,Matches
951,Edoardo Iannoni,it ITA,MF,Sassuolo,it Serie A,24-205,2001,0.8,1,1.29,1,0,0,0,0,0,0,0.00,0,0,0,0,0,0,Matches
952,Pablo Ibáñez,es ESP,MF,Alavés,es La Liga,27-043,1998,7.1,17,2.39,14,0,1,1,0,1,1,0.14,1,0,0,0,0,0,Matches
953,Arijon Ibrahimović,de GER,MFFW,Heidenheim,de Bundesliga,19-326,2005,8.1,31,3.82,16,9,2,3,1,0,1,0.12,1,0,0,0,0,0,Matches
954,Riyad Idrissi,it ITA,DF,Cagliari,it Serie A,20-142,2005,2.4,8,3.30,6,1,0,0,1,0,0,0.00,0,0,0,0,0,0,Matches
955,Stanis Idumbo,be BEL,MF,Sevilla,es La Liga,20-126,2005,0.5,1,2.00,1,0,0,0,0,0,0,0.00,0,0,0,0,0,0,Matches
956,Stanis Idumbo,be BEL,MFDF,Monaco,fr Ligue 1,20-126,2005,1.4,5,3.60,3,0,0,2,0,0,1,0.72,1,0,0,0,0,0,Matches
957,Jay Idzes,id IDN,DF,Sassuolo,it Serie A,25-153,2000,8.0,2,0.25,2,0,0,0,0,0,0,0.00,0,0,0,0,0,0,Matches
958,Hamza Igamane,ma MAR,FWMF,Lille,fr Ligue 1,23-000,2002,3.0,14,4.74,8,0,4,2,0,0,4,1.35,1,0,2,1,0,0,Matches
959,Iglesias,es ESP,DF,Getafe,es La Liga,27-122,1998,9.3,9,0.97,4,3,0,0,2,0,1,0.11,0,0,0,0,1,0,Matches
960,Borja Iglesias,es ESP,FW,Celta Vigo,es La Liga,32-289,1993,6.3,14,2.23,12,0,1,1,0,0,2,0.32,1,0,0,1,0,0,Matches
961,Igor,br BRA,DF,West Ham,eng Premier League,27-268,1998,0.0,0,0.00,0,0,0,0,0,0,0,0.00,0,0,0,0,0,0,Matches
962,Jonathan Ikone,fr FRA,FWMF,Paris FC,fr Ligue 1,27-184,1998,1.3,1,0.77,1,0,0,0,0,0,0,0.00,0,0,0,0,0,0,Matches
963,George Ilenikhena,ng NGA,FWMF,Monaco,fr Ligue 1,19-078,2006,2.1,7,3.30,6,0,0,1,0,0,1,0.47,1,0,0,0,0,0,Matches
964,Andrej Ilic,rs SRB,FW,Union Berlin,de Bundesliga,25-213,2000,8.3,20,2.42,14,0,0,5,1,0,6,0.73,4,0,0,1,1,0,Matches
965,Ivan Ilić,rs SRB,MF,Torino,it Serie A,24-230,2001,2.5,5,2.00,5,0,0,0,0,0,0,0.00,0,0,0,0,0,0,Matches
966,Luka Ilić,rs SRB,MFFW,Oviedo,es La Liga,26-123,1999,5.6,3,0.54,3,0,0,0,0,0,0,0.00,0,0,0,0,0,0,Matches
967,Emirhan İlkhan,tr TUR,MF,Torino,it Serie A,21-154,2004,0.6,0,0.00,0,0,0,0,0,0,0,0.00,0,0,0,0,0,0,Matches
968,Ciro Immobile,it ITA,FW,Bologna,it Serie A,35-255,1990,0.3,0,0.00,0,0,0,0,0,0,0,0.00,0,0,0,0,0,0,Matches
969,Cyriaque Irié,bf BFA,FW,Freiburg,de Bundesliga,20-135,2005,0.3,3,8.71,2,0,1,0,0,0,0,0.00,0,0,0,0,0,0,Matches
970,Tim Iroegbunam,eng ENG,MF,Everton,eng Premier League,22-125,2003,3.0,4,1.35,2,0,1,0,1,0,1,0.34,0,0,0,0,1,0,Matches
971,Jackson Irvine,au AUS,MF,St. Pauli,de Bundesliga,32-240,1993,0.1,1,7.50,1,0,0,0,0,0,0,0.00,0,0,0,0,0,0,Matches
972,Andy Irving,sct SCO,MF,West Ham,eng Premier League,25-173,2000,1.7,2,1.19,1,1,0,0,0,0,0,0.00,0,0,0,0,0,0,Matches
973,Alexander Isak,se SWE,FW,Liverpool,eng Premier League,26-042,1999,2.8,2,0.72,2,0,0,0,0,0,0,0.00,0,0,0,0,0,0,Matches
974,Gustav Isaksen,dk DEN,FW,Lazio,it Serie A,24-197,2001,3.0,6,2.03,4,0,0,1,1,0,0,0.00,0,0,0,0,0,0,Matches
975,Wilson Isidor,fr FRA,FW,Sunderland,eng Premier League,25-067,2000,5.9,7,1.19,2,0,2,2,1,0,0,0.00,0,0,0,0,0,0,Matches
976,Ardian Ismajli,al ALB,DF,Torino,it Serie A,29-033,1996,3.6,3,0.82,3,0,0,0,0,0,1,0.27,1,0,0,0,0,0,Matches
977,Franco Israel,uy URU,GK,Torino,it Serie A,25-194,2000,7.0,1,0.14,0,1,0,0,0,0,0,0.00,0,0,0,0,0,0,Matches
978,Alex Iwobi,ng NGA,FWMF,Fulham,eng Premier League,29-183,1996,9.0,32,3.56,27,3,1,1,0,0,2,0.22,2,0,0,0,0,0,Matches
979,Urko Izeta,es ESP,MF,Athletic Club,es La Liga,26-034,1999,0.4,0,0.00,0,0,0,0,0,0,0,0.00,0,0,0,0,0,0,Matches
980,Jairo Izquierdo,es ESP,MFDF,Elche,es La Liga,32-011,1993,0.3,0,0.00,0,0,0,0,0,0,0,0.00,0,0,0,0,0,0,Matches
981,Nicolas Jackson,sn SEN,FW,Bayern Munich,de Bundesliga,24-135,2001,3.3,12,3.59,11,0,0,1,0,0,0,0.00,0,0,0,0,0,0,Matches
982,Jérémy Jacquet,fr FRA,DF,Rennes,fr Ligue 1,20-112,2005,10.0,9,0.90,8,0,0,1,0,0,1,0.10,0,0,0,1,0,0,Matches
983,Lee Jae-sung,kr KOR,MFFW,Mainz 05,de Bundesliga,33-084,1992,6.3,6,0.95,5,0,0,1,0,0,0,0.00,0,0,0,0,0,0,Matches
984,Kristijan Jakić,hr CRO,MFDF,Augsburg,de Bundesliga,28-172,1997,7.0,9,1.29,9,0,0,0,0,0,2,0.29,2,0,0,0,0,0,Matches
985,Karl Jakob Hein,ee EST,GK,Werder Bremen,de Bundesliga,23-203,2002,2.0,0,0.00,0,0,0,0,0,0,0,0.00,0,0,0,0,0,0,Matches
986,Daniel James,wls WAL,FWMF,Leeds United,eng Premier League,27-357,1997,3.0,10,3.31,6,1,0,2,1,0,0,0.00,0,0,0,0,0,0,Matches
987,Reece James,eng ENG,DF,Chelsea,eng Premier League,25-329,1999,7.7,21,2.72,11,7,1,0,1,1,4,0.52,3,1,0,0,0,0,Matches
988,Vitaly Janelt,de GER,MF,Brentford,eng Premier League,27-176,1998,1.6,5,3.10,2,2,0,1,0,0,0,0.00,0,0,0,0,0,0,Matches
989,Mathis Jangeal,fr FRA,MF,Paris S-G,fr Ligue 1,17-131,2008,0.1,0,0.00,0,0,0,0,0,0,0,0.00,0,0,0,0,0,0,Matches
990,Isak Jansson,se SWE,MFFW,Nice,fr Ligue 1,23-275,2002,3.7,4,1.09,3,0,0,0,1,0,0,0.00,0,0,0,0,0,0,Matches
991,Adnan Januzaj,be BEL,FWMF,Sevilla,es La Liga,30-270,1995,1.7,6,3.60,5,0,0,0,1,0,2,1.20,2,0,0,0,0,0,Matches
992,Luca Jaquez,ch SUI,DF,Stuttgart,de Bundesliga,22-153,2003,4.6,5,1.10,5,0,0,0,0,0,1,0.22,1,0,0,0,0,0,Matches
993,Ardon Jashari,ch SUI,MF,Milan,it Serie A,23-095,2002,0.2,0,0.00,0,0,0,0,0,0,0,0.00,0,0,0,0,0,0,Matches
994,Mikel Jauregizar,es ESP,MF,Athletic Club,es La Liga,21-355,2003,10.9,25,2.30,21,0,1,0,2,1,1,0.09,0,0,0,0,0,1,Matches
995,Finn Jeltsch,de GER,DF,Stuttgart,de Bundesliga,19-108,2006,4.0,2,0.50,2,0,0,0,0,0,0,0.00,0,0,0,0,0,0,Matches
996,Castrop Jens,kr KOR,MF,Gladbach,de Bundesliga,22-096,2003,3.9,10,2.56,10,0,0,0,0,0,1,0.26,1,0,0,0,0,0,Matches
997,Mathias Jensen,dk DEN,MF,Brentford,eng Premier League,29-305,1996,2.4,8,3.40,6,1,0,1,0,0,1,0.42,1,0,0,0,0,0,Matches
998,Oliver Jensen,dk DEN,MF,Parma,it Serie A,23-237,2002,5.4,6,1.11,6,0,0,0,0,0,0,0.00,0,0,0,0,0,0,Matches
999,Moritz Jenz,de GER,DF,Wolfsburg,de Bundesliga,26-186,1999,7.0,8,1.14,7,0,0,1,0,0,0,0.00,0,0,0,0,0,0,Matches
1000,Igor Jesus,br BRA,FWMF,Nott'ham Forest,eng Premier League,24-250,2001,3.0,5,1.64,2,0,0,3,0,0,1,0.33,0,0,0,1,0,0,Matches
1001,Juan Jesus,br BRA,DF,Napoli,it Serie A,34-145,1991,6.5,6,0.92,5,0,0,1,0,0,0,0.00,0,0,0,0,0,0,Matches
1002,Álex Jiménez,es ESP,DF,Bournemouth,eng Premier League,20-178,2005,3.5,5,1.43,5,0,0,0,0,0,1,0.29,1,0,0,0,0,0,Matches
1003,Álex Jiménez,es ESP,DF,Milan,it Serie A,20-178,2005,0.5,4,8.00,3,0,1,0,0,0,0,0.00,0,0,0,0,0,0,Matches
1004,Raúl Jiménez,mx MEX,FW,Fulham,eng Premier League,34-181,1991,4.4,10,2.27,7,0,1,2,0,0,2,0.45,1,0,0,1,0,0,Matches
1005,João Pedro,br BRA,FWMF,Chelsea,eng Premier League,24-037,2001,9.4,20,2.13,17,0,1,2,0,0,3,0.32,2,0,0,1,0,0,Matches
1006,Joelinton,br BRA,MF,Newcastle Utd,eng Premier League,29-080,1996,5.9,14,2.36,11,0,0,1,0,2,0,0.00,0,0,0,0,0,0,Matches
1007,Jofre,es ESP,FWMF,Espanyol,es La Liga,24-138,2001,1.7,3,1.76,3,0,0,0,0,0,0,0.00,0,0,0,0,0,0,Matches
1008,Þórir Jóhann Helgason,is ISL,MF,Lecce,it Serie A,25-035,2000,0.9,4,4.39,2,1,1,0,0,0,0,0.00,0,0,0,0,0,0,Matches
1009,Ísak Jóhannesson,is ISL,MF,Köln,de Bundesliga,22-224,2003,6.9,21,3.04,16,4,0,0,1,0,3,0.43,3,0,0,0,0,0,Matches
1010,Dennis Johnsen,no NOR,FWMF,Cremonese,it Serie A,27-258,1998,1.5,3,2.03,3,0,0,0,0,0,1,0.68,1,0,0,0,0,0,Matches
1011,Brennan Johnson,wls WAL,FW,Tottenham,eng Premier League,24-163,2001,4.2,6,1.42,5,0,1,0,0,0,1,0.24,0,0,1,0,0,0,Matches
1012,Karl-Johan Johnsson,se SWE,GK,Strasbourg,fr Ligue 1,35-278,1990,1.0,1,1.00,1,0,0,0,0,0,0,0.00,0,0,0,0,0,0,Matches
1013,Sam Johnstone,eng ENG,GK,Wolves,eng Premier League,32-222,1993,6.0,2,0.33,0,2,0,0,0,0,0,0.00,0,0,0,0,0,0,Matches
1014,Curtis Jones,eng ENG,MF,Liverpool,eng Premier League,24-276,2001,3.6,10,2.75,8,0,0,1,1,0,2,0.55,1,0,0,0,1,0,Matches
1015,Frenkie de Jong,nl NED,MF,Barcelona,es La Liga,28-174,1997,7.1,24,3.37,23,1,0,0,0,0,3,0.42,3,0,0,0,0,0,Matches
1016,Josan,es ESP,DFFW,Elche,es La Liga,35-334,1989,2.1,11,5.29,9,1,0,1,0,0,1,0.48,1,0,0,0,0,0,Matches
1017,Mateo Joseph,es ESP,FW,Mallorca,es La Liga,22-014,2003,5.8,13,2.26,9,0,1,1,2,0,3,0.52,2,0,0,0,1,0,Matches
1018,Lazar Jovanović,rs SRB,FWMF,Stuttgart,de Bundesliga,18-337,2006,0.4,1,2.50,1,0,0,0,0,0,0,0.00,0,0,0,0,0,0,Matches
1019,Juanmi,es ESP,FW,Getafe,es La Liga,32-166,1993,0.2,0,0.00,0,0,0,0,0,0,0,0.00,0,0,0,0,0,0,Matches
1020,Abdulai Juma Bah,sl SLE,DF,Nice,fr Ligue 1,19-205,2006,7.5,6,0.80,5,0,0,1,0,0,0,0.00,0,0,0,0,0,0,Matches
1021,Anthony Jung,de GER,DF,Freiburg,de Bundesliga,33-364,1991,1.3,1,0.80,1,0,0,0,0,0,0,0.00,0,0,0,0,0,0,Matches
1022,Eli Junior Kroupi,fr FRA,FWMF,Bournemouth,eng Premier League,19-132,2006,1.8,5,2.71,5,0,0,0,0,0,1,0.54,1,0,0,0,0,0,Matches
1023,Luiz Lúcio Reis Júnior,br BRA,GK,Villarreal,es La Liga,24-292,2001,8.0,1,0.12,1,0,0,0,0,0,0,0.00,0,0,0,0,0,0,Matches
1024,Hamed Junior Traorè,ci CIV,MF,Bournemouth,eng Premier League,25-259,2000,0.2,1,5.29,1,0,0,0,0,0,1,5.29,1,0,0,0,0,0,Matches
1025,Hamed Junior Traorè,ci CIV,MFFW,Marseille,fr Ligue 1,25-259,2000,0.9,2,2.12,2,0,0,0,0,0,0,0.00,0,0,0,0,0,0,Matches
1026,Vinicius Júnior,br BRA,FWMF,Real Madrid,es La Liga,25-113,2000,8.6,62,7.21,41,1,10,6,3,1,8,0.93,5,0,1,0,1,1,Matches
1027,Josip Juranović,hr CRO,DF,Union Berlin,de Bundesliga,30-078,1995,0.1,1,12.86,0,1,0,0,0,0,0,0.00,0,0,0,0,0,0,Matches
1028,James Justin,eng ENG,DF,Leeds United,eng Premier League,27-252,1998,0.9,0,0.00,0,0,0,0,0,0,0,0.00,0,0,0,0,0,0,Matches
1029,Ferran Jutglà,es ESP,FWMF,Celta Vigo,es La Liga,26-274,1999,5.0,14,2.78,11,0,1,1,1,0,1,0.20,1,0,0,0,0,0,Matches
1030,Filip Jørgensen,dk DEN,GK,Chelsea,eng Premier League,23-200,2002,0.9,0,0.00,0,0,0,0,0,0,0,0.00,0,0,0,0,0,0,Matches
1031,Martijn Kaars,nl NED,FWMF,St. Pauli,de Bundesliga,26-242,1999,4.3,11,2.57,10,0,0,1,0,0,0,0.00,0,0,0,0,0,0,Matches
1032,Mohamed Kaba,fr FRA,MFFW,Lecce,it Serie A,24-006,2001,1.6,3,1.90,3,0,0,0,0,0,0,0.00,0,0,0,0,0,0,Matches
1033,Ozan Kabak,tr TUR,DF,Hoffenheim,de Bundesliga,25-222,2000,0.1,0,0.00,0,0,0,0,0,0,0,0.00,0,0,0,0,0,0,Matches
1034,Christian Kabasele,be BEL,DF,Udinese,it Serie A,34-251,1991,4.7,1,0.21,1,0,0,0,0,0,0,0.00,0,0,0,0,0,0,Matches
1035,Anton Kade,de GER,DF,Augsburg,de Bundesliga,21-289,2004,2.7,5,1.87,3,0,0,1,1,0,1,0.37,0,0,0,0,1,0,Matches
1036,Ferdi Kadioglu,tr TUR,DFFW,Brighton,eng Premier League,26-026,1999,7.2,19,2.64,15,3,0,1,0,0,1,0.14,1,0,0,0,0,0,Matches
1037,Florian Kainz,at AUT,MFDF,Köln,de Bundesliga,33-009,1992,0.9,6,6.51,2,4,0,0,0,0,0,0.00,0,0,0,0,0,0,Matches
1038,Sasa Kalajdzic,at AUT,FW,Wolves,eng Premier League,28-118,1997,0.2,0,0.00,0,0,0,0,0,0,0,0.00,0,0,0,0,0,0,Matches
1039,Arnaud Kalimuendo,fr FRA,FW,Nott'ham Forest,eng Premier League,23-286,2002,0.8,2,2.54,2,0,0,0,0,0,0,0.00,0,0,0,0,0,0,Matches
1040,Pierre Kalulu,fr FRA,DF,Juventus,it Serie A,25-150,2000,10.0,26,2.60,21,0,0,4,0,1,1,0.10,1,0,0,0,0,0,Matches
1041,Justin-Noël Kalumba,fr FRA,FWMF,Angers,fr Ligue 1,20-312,2004,2.5,9,3.62,6,3,0,0,0,0,0,0.00,0,0,0,0,0,0,Matches
1042,Daichi Kamada,jp JPN,MF,Crystal Palace,eng Premier League,29-089,1996,7.5,17,2.27,12,2,0,1,1,1,2,0.27,1,0,0,0,1,0,Matches
1043,Warren Kamanzi,no NOR,MFDF,Toulouse,fr Ligue 1,24-356,2000,3.1,8,2.58,5,0,0,2,1,0,2,0.65,0,0,0,1,1,0,Matches
1044,Abu Kamara,eng ENG,FWMF,Getafe,es La Liga,22-104,2003,1.3,1,0.76,1,0,0,0,0,0,0,0.00,0,0,0,0,0,0,Matches
1045,Bingourou Kamara,sn SEN,GK,Lorient,fr Ligue 1,29-012,1996,3.0,0,0.00,0,0,0,0,0,0,0,0.00,0,0,0,0,0,0,Matches
1046,Boubacar Kamara,fr FRA,MF,Aston Villa,eng Premier League,25-344,1999,6.3,10,1.59,10,0,0,0,0,0,2,0.32,2,0,0,0,0,0,Matches
1047,Glen Kamara,fi FIN,MF,Rennes,fr Ligue 1,30-005,1995,0.2,0,0.00,0,0,0,0,0,0,0,0.00,0,0,0,0,0,0,Matches
1048,Hassane Kamara,ci CIV,DF,Udinese,it Serie A,31-242,1994,6.0,12,2.01,9,2,0,0,0,1,2,0.34,2,0,0,0,0,0,Matches
1049,Jakub Kamiński,pl POL,MFFW,Köln,de Bundesliga,23-150,2002,8.0,27,3.38,16,4,1,5,1,0,0,0.00,0,0,0,0,0,0,Matches
1050,Kevin Kampl,si SVN,MF,RB Leipzig,de Bundesliga,35-024,1990,0.0,0,0.00,0,0,0,0,0,0,0,0.00,0,0,0,0,0,0,Matches
1051,Harry Kane,eng ENG,FWMF,Bayern Munich,de Bundesliga,32-097,1993,7.8,38,4.88,33,0,2,0,3,0,10,1.28,8,0,1,0,1,0,Matches
1052,Lee Kang-in,kr KOR,MF,Paris S-G,fr Ligue 1,24-256,2001,5.6,33,5.90,24,5,1,2,1,0,4,0.72,3,1,0,0,0,0,Matches
1053,Adam Karabec,cz CZE,FW,Lyon,fr Ligue 1,22-123,2003,6.9,14,2.02,7,5,2,0,0,0,2,0.29,1,1,0,0,0,0,Matches
1054,Atakan Karazor,,MF,Stuttgart,de Bundesliga,29-020,1996,5.2,3,0.57,3,0,0,0,0,0,0,0.00,0,0,0,0,0,0,Matches
1055,Dermane Karim,tg TOG,MFFW,Lorient,fr Ligue 1,21-330,2003,5.4,17,3.15,9,3,0,1,4,0,3,0.56,1,1,0,0,1,0,Matches
1056,Lennart Karl,de GER,FW,Bayern Munich,de Bundesliga,17-253,2008,2.2,14,6.36,8,2,0,1,2,1,3,1.36,1,1,0,0,1,0,Matches
1057,Jesper Karlström,se SWE,MF,Udinese,it Serie A,30-134,1995,10.0,13,1.30,10,0,1,0,2,0,0,0.00,0,0,0,0,0,0,Matches
1058,Jon Karrikaburu,es ESP,FWMF,Real Sociedad,es La Liga,23-044,2002,0.8,4,4.93,1,0,0,2,1,0,0,0.00,0,0,0,0,0,0,Matches
1059,Grigoris Kastanos,cy CYP,MF,Hellas Verona,it Serie A,27-276,1998,0.2,2,8.57,1,1,0,0,0,0,0,0.00,0,0,0,0,0,0,Matches
1060,Panos Katseris,gr GRE,MFDF,Lorient,fr Ligue 1,24-120,2001,1.4,8,5.58,4,0,0,2,2,0,0,0.00,0,0,0,0,0,0,Matches
1061,Mikkel Kaufmann,dk DEN,FW,Heidenheim,de Bundesliga,24-303,2001,4.0,4,1.00,3,0,0,1,0,0,1,0.25,1,0,0,0,0,0,Matches
1062,Sota Kawasaki,jp JPN,MF,Mainz 05,de Bundesliga,24-095,2001,0.2,0,0.00,0,0,0,0,0,0,0,0.00,0,0,0,0,0,0,Matches
1063,Michael Kayode,it ITA,DF,Brentford,eng Premier League,21-115,2004,9.6,19,1.98,13,6,0,0,0,0,2,0.21,1,1,0,0,0,0,Matches
1064,Moise Kean,it ITA,FW,Fiorentina,it Serie A,25-247,2000,8.8,15,1.70,5,0,3,5,2,0,2,0.23,0,0,0,2,0,0,Matches
1065,Michael Keane,eng ENG,DF,Everton,eng Premier League,32-295,1993,8.7,5,0.57,4,0,0,1,0,0,0,0.00,0,0,0,0,0,0,Matches
1066,Ilan Kebbal,dz ALG,FWMF,Paris FC,fr Ligue 1,27-116,1998,10.6,47,4.42,36,5,2,1,2,1,5,0.47,4,0,0,0,1,0,Matches
1067,Yassine Kechta,ma MAR,MF,Le Havre,fr Ligue 1,23-250,2002,6.5,11,1.70,7,0,1,1,2,0,1,0.15,1,0,0,0,0,0,Matches
1068,Thilo Kehrer,de GER,DF,Monaco,fr Ligue 1,29-042,1996,6.4,7,1.09,6,0,0,1,0,0,2,0.31,2,0,0,0,0,0,Matches
1069,Mandela Keita,be BEL,MF,Parma,it Serie A,23-176,2002,6.9,9,1.30,7,1,0,0,1,0,1,0.14,1,0,0,0,0,0,Matches
1070,Caoimhín Kelleher,ie IRL,GK,Brentford,eng Premier League,26-344,1998,10.0,3,0.30,2,1,0,0,0,0,1,0.10,0,1,0,0,0,0,Matches
1071,Lloyd Kelly,eng ENG,DF,Juventus,it Serie A,27-027,1998,9.0,10,1.11,6,1,2,1,0,0,1,0.11,1,0,0,0,0,0,Matches
1072,Aljoscha Kemlein,de GER,MF,Union Berlin,de Bundesliga,21-092,2004,3.4,10,2.98,7,1,0,1,0,1,0,0.00,0,0,0,0,0,0,Matches
1073,Marc-Oliver Kempf,de GER,DF,Como,it Serie A,30-278,1995,6.7,0,0.00,0,0,0,0,0,0,0,0.00,0,0,0,0,0,0,Matches
1074,Luca Kerber,de GER,MF,Heidenheim,de Bundesliga,23-237,2002,3.6,4,1.13,4,0,0,0,0,0,0,0.00,0,0,0,0,0,0,Matches
1075,Milos Kerkez,hu HUN,DF,Liverpool,eng Premier League,21-360,2003,7.3,8,1.09,7,1,0,0,0,0,1,0.14,1,0,0,0,0,0,Matches
1076,Kevin,br BRA,FWMF,Fulham,eng Premier League,22-302,2003,2.6,7,2.70,5,1,1,0,0,0,0,0.00,0,0,0,0,0,0,Matches
1077,Reda Khadra,de GER,FWMF,Le Havre,fr Ligue 1,24-121,2001,1.2,6,5.05,3,1,2,0,0,0,0,0.00,0,0,0,0,0,0,Matches
1078,Bilal El Khannouss,ma MAR,MFFW,Stuttgart,de Bundesliga,21-176,2004,6.1,31,5.10,25,2,1,0,1,2,3,0.49,3,0,0,0,0,0,Matches
1079,Rani Khedira,de GER,MF,Union Berlin,de Bundesliga,31-279,1994,8.8,13,1.48,11,0,0,0,1,1,0,0.00,0,0,0,0,0,0,Matches
1080,Abdukodir Khusanov,uz UZB,DF,Manchester City,eng Premier League,21-246,2004,2.5,1,0.39,1,0,0,0,0,0,0,0.00,0,0,0,0,0,0,Matches
1081,Kialonda,ao ANG,DF,Lecce,it Serie A,28-036,1997,9.0,5,0.56,3,0,0,1,1,0,0,0.00,0,0,0,0,0,0,Matches
1082,Kiké,es ESP,FW,Espanyol,es La Liga,35-342,1989,3.9,14,3.55,9,0,1,3,1,0,1,0.25,0,0,0,0,1,0,Matches
1083,Semih Kılıçsoy,tr TUR,FW,Cagliari,it Serie A,20-079,2005,0.5,1,2.20,1,0,0,0,0,0,0,0.00,0,0,0,0,0,0,Matches
1084,Max Kilman,eng ENG,DF,West Ham,eng Premier League,28-163,1997,9.0,5,0.56,5,0,0,0,0,0,0,0.00,0,0,0,0,0,0,Matches
1085,Joshua Kimmich,de GER,MF,Bayern Munich,de Bundesliga,30-267,1995,7.7,33,4.31,25,6,0,2,0,0,6,0.78,2,2,0,2,0,0,Matches
1086,Joshua King,eng ENG,MFFW,Fulham,eng Premier League,18-303,2007,6.8,16,2.34,10,0,3,1,2,0,1,0.15,1,0,0,0,0,0,Matches
1087,Lukas Klostermann,de GER,FWDF,RB Leipzig,de Bundesliga,29-152,1996,0.0,2,90.00,2,0,0,0,0,0,0,0.00,0,0,0,0,0,0,Matches
1088,Justin Kluivert,nl NED,MF,Bournemouth,eng Premier League,26-181,1999,3.4,13,3.81,8,2,1,1,0,1,3,0.88,2,1,0,0,0,0,Matches
1089,Ruben Kluivert,nl NED,DF,Lyon,fr Ligue 1,24-165,2001,1.1,2,1.76,2,0,0,0,0,0,1,0.88,1,0,0,0,0,0,Matches
1090,Ansgar Knauff,de GER,FWMF,Eint Frankfurt,de Bundesliga,23-296,2002,4.1,18,4.40,15,0,1,2,0,0,2,0.49,2,0,0,0,0,0,Matches
1091,Joe Knight,eng ENG,MF,Brighton,eng Premier League,20-042,2005,0.0,0,0.00,0,0,0,0,0,0,0,0.00,0,0,0,0,0,0,Matches
1092,Gregor Kobel,ch SUI,GK,Dortmund,de Bundesliga,27-331,1997,9.0,1,0.11,1,0,0,0,0,0,0,0.00,0,0,0,0,0,0,Matches
1093,Robin Koch,de GER,DF,Eint Frankfurt,de Bundesliga,29-108,1996,9.0,9,1.00,8,0,0,0,0,1,1,0.11,1,0,0,0,0,0,Matches
1094,Christian Kofane,cm CMR,FW,Leverkusen,de Bundesliga,19-099,2006,4.1,13,3.15,8,0,2,0,2,1,3,0.73,0,0,1,0,1,1,Matches
1095,Hervé Koffi,bf BFA,GK,Angers,fr Ligue 1,29-017,1996,10.0,1,0.10,1,0,0,0,0,0,0,0.00,0,0,0,0,0,0,Matches
1096,Enzo Koffi Vinette,fr FRA,DFFW,Le Havre,fr Ligue 1,19-243,2006,0.1,0,0.00,0,0,0,0,0,0,0,0.00,0,0,0,0,0,0,Matches
1097,Derrick Köhn,gh GHA,DF,Union Berlin,de Bundesliga,26-271,1999,5.7,8,1.40,5,1,0,1,1,0,1,0.17,0,0,0,1,0,0,Matches
1098,Philipp Köhn,ch SUI,GK,Monaco,fr Ligue 1,27-214,1998,8.1,0,0.00,0,0,0,0,0,0,0,0.00,0,0,0,0,0,0,Matches
1099,Dominik Kohr,de GER,DF,Mainz 05,de Bundesliga,31-275,1994,7.0,14,2.01,10,0,1,2,0,1,3,0.43,1,0,1,0,0,1,Matches
1100,Koke,es ESP,MF,Atlético Madrid,es La Liga,33-298,1992,7.5,15,2.01,14,0,0,1,0,0,3,0.40,2,0,0,1,0,0,Matches
1101,Luca Koleosho,it ITA,MFFW,Espanyol,es La Liga,21-048,2004,0.7,6,8.57,4,1,1,0,0,0,0,0.00,0,0,0,0,0,0,Matches
1102,Adam Kölle,de GER,DFMF,Heidenheim,de Bundesliga,19-188,2006,0.4,1,2.81,1,0,0,0,0,0,0,0.00,0,0,0,0,0,0,Matches
1103,Randal Kolo Muani,fr FRA,FW,Tottenham,eng Premier League,26-332,1998,1.6,3,1.86,3,0,0,0,0,0,0,0.00,0,0,0,0,0,0,Matches
1104,Timothée Kolodziejczak,fr FRA,DF,Paris FC,fr Ligue 1,34-032,1991,1.0,1,1.01,1,0,0,0,0,0,0,0.00,0,0,0,0,0,0,Matches
1105,Mert Kömür,de GER,FWMF,Augsburg,de Bundesliga,20-108,2005,6.9,22,3.19,17,3,0,2,0,0,4,0.58,3,1,0,0,0,0,Matches
1106,Ibrahima Konaté,fr FRA,DF,Liverpool,eng Premier League,26-161,1999,9.2,6,0.65,6,0,0,0,0,0,0,0.00,0,0,0,0,0,0,Matches
1107,Geoffrey Kondogbia,cf CTA,MFDF,Marseille,fr Ligue 1,32-260,1993,1.2,1,0.86,1,0,0,0,0,0,1,0.86,1,0,0,0,0,0,Matches
1108,Ismaël Koné,ca CAN,MF,Sassuolo,it Serie A,23-149,2002,6.2,15,2.42,10,0,2,1,1,1,1,0.16,0,0,1,0,0,0,Matches
1109,Manu Koné,fr FRA,MF,Roma,it Serie A,24-169,2001,9.0,29,3.22,25,0,2,1,1,0,2,0.22,2,0,0,0,0,0,Matches
1110,Ransford Königsdörffer,gh GHA,FW,Hamburger SV,de Bundesliga,24-050,2001,6.6,16,2.43,9,0,2,4,1,0,0,0.00,0,0,0,0,0,0,Matches
1111,Ezri Konsa,eng ENG,DF,Aston Villa,eng Premier League,28-010,1997,8.7,5,0.57,4,0,0,1,0,0,0,0.00,0,0,0,0,0,0,Matches
1112,Teun Koopmeiners,nl NED,MFDF,Juventus,it Serie A,27-247,1998,5.6,15,2.68,7,5,0,2,0,1,0,0.00,0,0,0,0,0,0,Matches
1113,Odilon Kossounou,ci CIV,DF,Atalanta,it Serie A,24-302,2001,5.0,5,1.01,5,0,0,0,0,0,0,0.00,0,0,0,0,0,0,Matches
1114,Filip Kostić,rs SRB,DFFW,Juventus,it Serie A,33-001,1992,2.6,12,4.64,9,3,0,0,0,0,1,0.39,0,1,0,0,0,0,Matches
1115,Charalampos Kostoulas,gr GRE,MFFW,Brighton,eng Premier League,18-156,2007,0.2,1,5.63,0,0,0,1,0,0,1,5.63,0,0,0,1,0,0,Matches
1116,Eddy Kouadio,ci CIV,DF,Fiorentina,it Serie A,19-156,2006,0.5,1,2.00,1,0,0,0,0,0,0,0.00,0,0,0,0,0,0,Matches
1117,Koffi Kouao,ci CIV,DF,Metz,fr Ligue 1,27-166,1998,9.6,16,1.67,10,0,4,1,1,0,1,0.10,0,0,0,0,1,0,Matches
1118,Arsène Kouassi,bf BFA,DFMF,Lorient,fr Ligue 1,21-052,2004,9.1,25,2.74,15,7,0,1,1,1,3,0.33,2,1,0,0,0,0,Matches
1119,Christ-Owen Kouassi,fr FRA,DF,Lecce,it Serie A,22-201,2003,2.5,1,0.39,1,0,0,0,0,0,0,0.00,0,0,0,0,0,0,Matches
1120,Konstantinos Koulierakis,gr GRE,DF,Wolfsburg,de Bundesliga,21-339,2003,8.0,7,0.87,4,0,1,2,0,0,0,0.00,0,0,0,0,0,0,Matches
1121,Seny Koumbassa,fr FRA,DF,Toulouse,fr Ligue 1,18-135,2007,0.1,0,0.00,0,0,0,0,0,0,0,0.00,0,0,0,0,0,0,Matches
1122,Jules Koundé,fr FRA,DF,Barcelona,es La Liga,26-355,1998,7.4,19,2.56,17,1,0,0,1,0,1,0.13,1,0,0,0,0,0,Matches
1123,Lancinet Kourouma,gn GUI,MF,Girona,es La Liga,21-217,2004,0.3,0,0.00,0,0,0,0,0,0,0,0.00,0,0,0,0,0,0,Matches
1124,Hamza Koutoune,ma MAR,DF,Nice,fr Ligue 1,19-046,2006,0.0,0,0.00,0,0,0,0,0,0,0,0.00,0,0,0,0,0,0,Matches
1125,Mateo Kovačić,hr CRO,MF,Manchester City,eng Premier League,31-180,1994,0.1,0,0.00,0,0,0,0,0,0,0,0.00,0,0,0,0,0,0,Matches
1126,Goduine Koyalipou,cf CTA,FW,Levante,es La Liga,25-260,2000,1.7,7,4.06,2,0,4,1,0,0,1,0.58,0,0,0,1,0,0,Matches
1127,Alex Král,cz CZE,MF,Union Berlin,de Bundesliga,27-167,1998,1.5,3,1.99,1,0,0,1,1,0,0,0.00,0,0,0,0,0,0,Matches
1128,Andrej Kramarić,hr CRO,MFFW,Hoffenheim,de Bundesliga,34-136,1991,5.4,23,4.24,10,8,2,1,2,0,6,1.11,5,0,1,0,0,0,Matches
1129,Vladyslav Krapyvtsov,ua UKR,GK,Girona,es La Liga,20-130,2005,1.5,0,0.00,0,0,0,0,0,0,0,0.00,0,0,0,0,0,0,Matches
1130,Jean-Philippe Krasso,ci CIV,FW,Paris FC,fr Ligue 1,28-108,1997,5.0,18,3.58,15,0,1,2,0,0,4,0.79,3,0,0,1,0,0,Matches
1131,Tom Krauß,de GER,DFMF,Köln,de Bundesliga,24-133,2001,3.7,4,1.09,4,0,0,0,0,0,0,0.00,0,0,0,0,0,0,Matches
1132,Ladislav Krejčí,cz CZE,DFMF,Wolves,eng Premier League,26-196,1999,7.0,15,2.14,14,0,0,1,0,0,3,0.43,2,0,0,1,0,0,Matches
1133,Ladislav Krejčí,cz CZE,DF,Girona,es La Liga,26-196,1999,2.0,1,0.50,1,0,0,0,0,0,0,0.00,0,0,0,0,0,0,Matches
1134,Rasmus Kristensen,dk DEN,DF,Eint Frankfurt,de Bundesliga,28-114,1997,5.0,14,2.80,11,1,1,1,0,0,3,0.60,3,0,0,0,0,0,Matches
1135,Thomas Kristensen,dk DEN,DF,Udinese,it Serie A,23-289,2002,5.0,5,1.00,5,0,0,0,0,0,0,0.00,0,0,0,0,0,0,Matches
1136,Nikola Krstović,me MNE,FW,Atalanta,it Serie A,25-211,2000,4.8,14,2.91,14,0,0,0,0,0,3,0.62,3,0,0,0,0,0,Matches
1137,Lukas Kübler,de GER,DF,Freiburg,de Bundesliga,33-064,1992,6.3,10,1.60,7,1,0,1,0,1,1,0.16,1,0,0,0,0,0,Matches
1138,Takefusa Kubo,jp JPN,MFFW,Real Sociedad,es La Liga,24-151,2001,5.5,29,5.23,18,4,2,2,2,1,3,0.54,3,0,0,0,0,0,Matches
1139,Mohammed Kudus,gh GHA,FWMF,Tottenham,eng Premier League,25-092,2000,9.7,29,2.98,13,8,4,2,2,0,7,0.72,4,1,1,1,0,0,Matches
1140,Nicolas-Gerrit Kühn,de GER,FW,Como,it Serie A,25-305,2000,3.7,15,4.03,11,0,2,1,0,1,1,0.27,1,0,0,0,0,0,Matches
1141,Sael Kumbedi,fr FRA,DF,Lyon,fr Ligue 1,20-221,2005,0.7,0,0.00,0,0,0,0,0,0,0,0.00,0,0,0,0,0,0,Matches
1142,Sael Kumbedi,fr FRA,DF,Wolfsburg,de Bundesliga,20-221,2005,1.2,2,1.67,2,0,0,0,0,0,0,0.00,0,0,0,0,0,0,Matches
1143,Marash Kumbulla,al ALB,DF,Mallorca,es La Liga,25-267,2000,2.4,1,0.42,1,0,0,0,0,0,0,0.00,0,0,0,0,0,0,Matches
1144,Jonah Kusi-Asare,se SWE,FW,Fulham,eng Premier League,18-121,2007,0.0,0,0.00,0,0,0,0,0,0,0,0.00,0,0,0,0,0,0,Matches
1145,Jonah Kusi-Asare,se SWE,FW,Bayern Munich,de Bundesliga,18-121,2007,0.1,0,0.00,0,0,0,0,0,0,0,0.00,0,0,0,0,0,0,Matches
1146,Khvicha Kvaratskhelia,ge GEO,FW,Paris S-G,fr Ligue 1,24-263,2001,4.7,26,5.53,19,1,4,2,0,0,3,0.64,3,0,0,0,0,0,Matches
1147,Godson Kyeremeh,fr FRA,FWMF,Le Havre,fr Ligue 1,25-141,2000,1.6,6,3.72,6,0,0,0,0,0,1,0.62,1,0,0,0,0,0,Matches
1148,Adrián de la Fuente,es ESP,DF,Levante,es La Liga,26-249,1999,7.5,6,0.80,6,0,0,0,0,0,1,0.13,1,0,0,0,0,0,Matches
1149,Rémy Labeau Lascary,gp GLP,FWMF,Brest,fr Ligue 1,22-244,2003,1.5,5,3.41,2,0,1,0,2,0,1,0.68,0,0,1,0,0,0,Matches
1150,Maxence Lacroix,fr FRA,DF,Crystal Palace,eng Premier League,25-210,2000,10.0,7,0.70,6,0,0,1,0,0,2,0.20,1,0,0,1,0,0,Matches
1151,Yoel Lago,es ESP,DF,Celta Vigo,es La Liga,21-222,2004,3.7,2,0.54,2,0,0,0,0,0,0,0.00,0,0,0,0,0,0,Matches
1152,Mayckel Lahdo,se SWE,MFFW,Nantes,fr Ligue 1,22-307,2002,2.5,3,1.20,3,0,0,0,0,0,0,0.00,0,0,0,0,0,0,Matches
1153,Konrad Laimer,at AUT,DF,Bayern Munich,de Bundesliga,28-159,1997,7.9,31,3.95,28,1,1,1,0,0,4,0.51,4,0,0,0,0,0,Matches
1154,Kenny Lala,mg MAD,DF,Brest,fr Ligue 1,34-030,1991,9.9,29,2.94,18,8,0,2,1,0,2,0.20,1,1,0,0,0,0,Matches
1155,Senne Lammens,be BEL,GK,Manchester Utd,eng Premier League,23-118,2002,4.0,1,0.25,0,1,0,0,0,0,0,0.00,0,0,0,0,0,0,Matches
1156,Tariq Lamptey,gh GHA,MFDF,Fiorentina,it Serie A,25-033,2000,0.3,2,7.20,2,0,0,0,0,0,0,0.00,0,0,0,0,0,0,Matches
1157,Noa Lang,nl NED,FWMF,Napoli,it Serie A,26-138,1999,1.5,7,4.63,6,1,0,0,0,0,0,0.00,0,0,0,0,0,0,Matches
1158,Aymeric Laporte,es ESP,DF,Athletic Club,es La Liga,31-159,1994,6.2,5,0.81,4,1,0,0,0,0,0,0.00,0,0,0,0,0,0,Matches
1159,Hugo Larsson,se SWE,MF,Eint Frankfurt,de Bundesliga,21-128,2004,5.2,11,2.11,11,0,0,0,0,0,2,0.38,2,0,0,0,0,0,Matches
1160,Jamaal Lascelles,eng ENG,DF,Newcastle Utd,eng Premier League,31-356,1993,0.2,0,0.00,0,0,0,0,0,0,0,0.00,0,0,0,0,0,0,Matches
1161,Toni Lato,es ESP,DF,Mallorca,es La Liga,27-346,1997,1.8,4,2.26,4,0,0,0,0,0,0,0.00,0,0,0,0,0,0,Matches
1162,Josh Laurent,eng ENG,DFMF,Burnley,eng Premier League,30-180,1995,6.2,4,0.64,3,0,0,0,1,0,0,0.00,0,0,0,0,0,0,Matches
1163,Armand Lauriente,fr FRA,FW,Sassuolo,it Serie A,26-333,1998,5.9,14,2.37,9,3,1,1,0,0,1,0.17,1,0,0,0,0,0,Matches
1164,Roméo Lavia,be BEL,MF,Chelsea,eng Premier League,21-300,2004,1.2,2,1.67,2,0,0,0,0,0,0,0.00,0,0,0,0,0,0,Matches
1165,Valentino Lazaro,at AUT,DFMF,Torino,it Serie A,29-223,1996,6.1,19,3.13,16,2,0,0,1,0,1,0.16,0,1,0,0,0,0,Matches
1166,Manuel Lazzari,it ITA,DF,Lazio,it Serie A,31-338,1993,1.7,0,0.00,0,0,0,0,0,0,0,0.00,0,0,0,0,0,0,Matches
1167,Théo Le Bris,fr FRA,DF,Lorient,fr Ligue 1,23-032,2002,5.5,15,2.73,13,0,1,1,0,0,2,0.36,2,0,0,0,0,0,Matches
1168,Julien Le Cardinal,fr FRA,DF,Brest,fr Ligue 1,28-091,1997,3.1,3,0.95,2,0,0,1,0,0,1,0.32,1,0,0,0,0,0,Matches
1169,Enzo Le Fée,fr FRA,FWMF,Sunderland,eng Premier League,25-272,2000,6.0,13,2.16,10,1,0,1,1,0,2,0.33,1,0,0,0,1,0,Matches
1170,Raphael Le Guen,fr FRA,DF,Brest,fr Ligue 1,19-062,2006,0.1,0,0.00,0,0,0,0,0,0,0,0.00,0,0,0,0,0,0,Matches
1171,Robin Le Normand,es ESP,DF,Atlético Madrid,es La Liga,28-356,1996,9.8,4,0.41,3,0,0,0,1,0,1,0.10,1,0,0,0,0,0,Matches
1172,Nicola Leali,it ITA,GK,Genoa,it Serie A,32-258,1993,9.0,2,0.22,2,0,0,0,0,0,0,0.00,0,0,0,0,0,0,Matches
1173,Rafael Leão,pt POR,FW,Milan,it Serie A,26-145,1999,3.0,7,2.30,5,0,0,1,1,0,0,0.00,0,0,0,0,0,0,Matches
1174,Pierre Lees-Melou,fr FRA,MF,Paris FC,fr Ligue 1,32-161,1993,8.1,13,1.61,10,0,2,1,0,0,5,0.62,3,0,1,1,0,0,Matches
1175,Pierre Lees-Melou,fr FRA,MF,Brest,fr Ligue 1,32-161,1993,2.0,8,4.00,7,0,0,1,0,0,1,0.50,1,0,0,0,0,0,Matches
1176,Jordan Lefort,fr FRA,DF,Angers,fr Ligue 1,32-085,1993,10.0,10,1.00,8,0,0,1,0,1,2,0.20,2,0,0,0,0,0,Matches
1177,Diogo Leite,pt POR,DF,Union Berlin,de Bundesliga,26-283,1999,5.6,4,0.71,3,0,0,0,1,0,0,0.00,0,0,0,0,0,0,Matches
1178,Maxim Leitsch,de GER,DF,Mainz 05,de Bundesliga,27-168,1998,0.8,0,0.00,0,0,0,0,0,0,0,0.00,0,0,0,0,0,0,Matches
1179,Florian Lejeune,fr FRA,DF,Rayo Vallecano,es La Liga,34-166,1991,10.9,13,1.19,9,1,0,2,0,1,1,0.09,0,1,0,0,0,0,Matches
1180,Youssef Lekhedim,es ESP,DF,Alavés,es La Liga,20-026,2005,4.5,5,1.11,3,2,0,0,0,0,1,0.22,1,0,0,0,0,0,Matches
1181,Iñigo Lekue,es ESP,DFFW,Athletic Club,es La Liga,32-182,1993,1.4,2,0.96,1,0,0,0,0,1,0,0.00,0,0,0,0,0,0,Matches
1182,Thomas Lemar,fr FRA,MFFW,Girona,es La Liga,29-355,1995,2.2,13,5.91,6,3,1,1,2,0,1,0.45,1,0,0,0,0,0,Matches
1183,Félix Lemaréchal,fr FRA,MFFW,Strasbourg,fr Ligue 1,22-087,2003,5.4,14,2.60,7,4,0,1,1,1,3,0.56,2,0,0,1,0,0,Matches
1184,Tim Lemperle,de GER,FW,Hoffenheim,de Bundesliga,23-270,2002,5.4,17,3.12,13,0,1,1,2,0,3,0.55,2,0,0,0,1,0,Matches
1185,Clément Lenglet,fr FRA,DF,Atlético Madrid,es La Liga,30-138,1995,4.4,6,1.35,6,0,0,0,0,0,1,0.23,1,0,0,0,0,0,Matches
1186,Bernd Leno,de GER,GK,Fulham,eng Premier League,33-243,1992,10.0,0,0.00,0,0,0,0,0,0,0,0.00,0,0,0,0,0,0,Matches
1187,Donovan Léon,gf GUF,GK,Auxerre,fr Ligue 1,32-364,1992,8.5,1,0.12,1,0,0,0,0,0,0,0.00,0,0,0,0,0,0,Matches
1188,Esteban Lepaul,fr FRA,FW,Angers,fr Ligue 1,25-198,2000,1.9,2,1.03,1,0,0,1,0,0,0,0.00,0,0,0,0,0,0,Matches
1189,Esteban Lepaul,fr FRA,FW,Rennes,fr Ligue 1,25-198,2000,7.2,12,1.67,11,0,0,1,0,0,3,0.42,3,0,0,0,0,0,Matches
1190,Johann Lepenant,fr FRA,MF,Nantes,fr Ligue 1,23-011,2002,5.9,14,2.39,6,6,1,1,0,0,1,0.17,0,1,0,0,0,0,Matches
1191,Mehdi Léris,dz ALG,DF,Pisa,it Serie A,27-163,1998,3.8,8,2.08,5,3,0,0,0,0,0,0.00,0,0,0,0,0,0,Matches
1192,Jefferson Lerma,co COL,MF,Crystal Palace,eng Premier League,31-008,1994,3.1,7,2.28,3,2,0,1,1,0,2,0.65,1,1,0,0,0,0,Matches
1193,Louis Leroux,fr FRA,DFMF,Nantes,fr Ligue 1,19-283,2006,8.3,17,2.05,15,1,0,1,0,0,1,0.12,1,0,0,0,0,0,Matches
1194,Robert Lewandowski,pl POL,FW,Barcelona,es La Liga,37-073,1988,3.9,6,1.56,4,0,0,1,1,0,0,0.00,0,0,0,0,0,0,Matches
1195,Jamie Leweling,de GER,FWMF,Stuttgart,de Bundesliga,24-249,2001,6.1,25,4.07,16,0,4,3,2,0,4,0.65,4,0,0,0,0,0,Matches
1196,Rico Lewis,eng ENG,DF,Manchester City,eng Premier League,20-346,2004,1.9,5,2.57,5,0,0,0,0,0,2,1.03,2,0,0,0,0,0,Matches
1197,Keane Lewis-Potter,eng ENG,DFFW,Brentford,eng Premier League,24-253,2001,5.0,6,1.20,5,1,0,0,0,0,1,0.20,1,0,0,0,0,0,Matches
1198,Myles Lewis-Skelly,eng ENG,DF,Arsenal,eng Premier League,19-037,2006,1.0,1,0.98,1,0,0,0,0,0,1,0.98,1,0,0,0,0,0,Matches
1199,Philipp Lienhart,at AUT,DF,Freiburg,de Bundesliga,29-114,1996,6.8,12,1.76,11,1,0,0,0,0,0,0.00,0,0,0,0,0,0,Matches
1200,Matthijs de Ligt,nl NED,DF,Manchester Utd,eng Premier League,26-082,1999,10.0,3,0.30,2,0,0,1,0,0,0,0.00,0,0,0,0,0,0,Matches
1201,Victor Lindelöf,se SWE,MFDF,Aston Villa,eng Premier League,31-108,1994,0.3,0,0.00,0,0,0,0,0,0,0,0.00,0,0,0,0,0,0,Matches
1202,Jesper Lindstrøm,dk DEN,MF,Wolfsburg,de Bundesliga,25-246,2000,0.0,1,45.00,0,0,0,0,1,0,1,45.00,0,0,0,0,1,0,Matches
1203,Luca Lipani,it ITA,MF,Sassuolo,it Serie A,20-168,2005,1.0,2,1.91,2,0,0,0,0,0,0,0.00,0,0,0,0,0,0,Matches
1204,Pol Lirola,es ESP,MFDF,Marseille,fr Ligue 1,28-081,1997,0.4,1,2.65,1,0,0,0,0,0,0,0.00,0,0,0,0,0,0,Matches
1205,Adrián Liso,es ESP,FWMF,Getafe,es La Liga,20-214,2005,7.7,13,1.69,4,3,1,2,2,1,3,0.39,1,0,0,1,1,0,Matches
1206,Joseph Liteta,zm ZAM,MF,Cagliari,it Serie A,19-253,2006,0.5,1,2.00,1,0,0,0,0,0,0,0.00,0,0,0,0,0,0,Matches
1207,Valentino Livramento,eng ENG,DF,Newcastle Utd,eng Premier League,22-355,2002,5.8,11,1.88,10,1,0,0,0,0,1,0.17,1,0,0,0,0,0,Matches
1208,Javier Llabrés,es ESP,FWMF,Mallorca,es La Liga,23-052,2002,1.2,2,1.67,2,0,0,0,0,0,0,0.00,0,0,0,0,0,0,Matches
1209,Diego Llorente,es ESP,DF,Betis,es La Liga,32-078,1993,0.5,1,2.00,1,0,0,0,0,0,0,0.00,0,0,0,0,0,0,Matches
1210,Marcos Llorente,es ESP,DF,Atlético Madrid,es La Liga,30-276,1995,11.0,18,1.64,16,0,1,1,0,0,4,0.36,2,0,1,1,0,0,Matches
1211,Gautier Lloris,fr FRA,DF,Le Havre,fr Ligue 1,30-107,1995,8.4,8,0.96,7,0,0,1,0,0,1,0.12,0,0,0,1,0,0,Matches
1212,Giovani Lo Celso,ar ARG,MF,Betis,es La Liga,29-207,1996,7.0,34,4.88,23,6,2,1,2,0,5,0.72,4,1,0,0,0,0,Matches
1213,Danny Loader,cm CMR,MFFW,Auxerre,fr Ligue 1,25-066,2000,8.1,23,2.83,15,0,2,4,1,1,1,0.12,1,0,0,0,0,0,Matches
1214,Stanislav Lobotka,sk SVK,MF,Napoli,it Serie A,30-342,1994,4.8,15,3.15,14,0,0,0,1,0,2,0.42,2,0,0,0,0,0,Matches
1215,Manuel Locatelli,it ITA,MF,Juventus,it Serie A,27-298,1998,7.5,20,2.68,17,1,0,0,2,0,1,0.13,1,0,0,0,0,0,Matches
1216,Bradley Locko,fr FRA,DF,Brest,fr Ligue 1,23-180,2002,8.9,17,1.90,12,0,2,0,2,1,3,0.34,2,0,1,0,0,0,Matches
1217,Ruben Loftus-Cheek,eng ENG,MFFW,Milan,it Serie A,29-283,1996,3.6,12,3.32,9,0,0,2,1,0,1,0.28,1,0,0,0,0,0,Matches
1218,Sean Longstaff,eng ENG,MF,Leeds United,eng Premier League,28-003,1997,7.9,27,3.40,12,11,0,2,0,2,2,0.25,0,2,0,0,0,0,Matches
1219,Ademola Lookman,ng NGA,FWMF,Atalanta,it Serie A,28-013,1997,4.1,21,5.12,14,2,2,3,0,0,0,0.00,0,0,0,0,0,0,Matches
1220,Anthony Lopes,pt POR,GK,Nantes,fr Ligue 1,35-032,1990,10.0,5,0.50,4,1,0,0,0,0,0,0.00,0,0,0,0,0,0,Matches
1221,David López,es ESP,DF,Mallorca,es La Liga,22-272,2003,0.7,0,0.00,0,0,0,0,0,0,0,0.00,0,0,0,0,0,0,Matches
1222,David López,es ESP,DF,Girona,es La Liga,36-024,1989,2.2,2,0.89,1,0,0,1,0,0,0,0.00,0,0,0,0,0,0,Matches
1223,Diego López,es ESP,MFFW,Valencia,es La Liga,23-173,2002,8.9,18,2.03,14,0,0,1,3,0,0,0.00,0,0,0,0,0,0,Matches
1224,Fer López,es ESP,MFFW,Wolves,eng Premier League,21-162,2004,1.3,7,5.25,6,1,0,0,0,0,1,0.75,1,0,0,0,0,0,Matches
1225,Fermin López,es ESP,MFFW,Barcelona,es La Liga,22-175,2003,3.7,18,4.91,10,0,5,3,0,0,0,0.00,0,0,0,0,0,0,Matches
1226,Javi López,es ESP,DF,Oviedo,es La Liga,23-222,2002,1.5,3,1.94,3,0,0,0,0,0,0,0.00,0,0,0,0,0,0,Matches
1227,Julien López,dz ALG,FWMF,Paris FC,fr Ligue 1,33-246,1992,0.3,1,3.10,1,0,0,0,0,0,0,0.00,0,0,0,0,0,0,Matches
1228,Maxime Lopez,fr FRA,MF,Paris FC,fr Ligue 1,27-333,1997,11.0,58,5.27,49,4,1,1,2,1,8,0.73,7,0,1,0,0,0,Matches
1229,Pau López,es ESP,GK,Betis,es La Liga,30-324,1994,7.0,0,0.00,0,0,0,0,0,0,0,0.00,0,0,0,0,0,0,Matches
1230,Unai López,es ESP,MF,Rayo Vallecano,es La Liga,30-003,1995,6.3,23,3.63,15,6,0,1,0,1,2,0.32,1,1,0,0,0,0,Matches
1231,Dachi Lordkipanidze,ge GEO,MF,Cremonese,it Serie A,20-239,2005,0.3,0,0.00,0,0,0,0,0,0,0,0.00,0,0,0,0,0,0,Matches
1232,Lorran,br BRA,MF,Pisa,it Serie A,19-121,2006,0.1,0,0.00,0,0,0,0,0,0,0,0.00,0,0,0,0,0,0,Matches
1233,Iker Losada,es ESP,MFFW,Levante,es La Liga,24-093,2001,0.4,1,2.25,1,0,0,0,0,0,0,0.00,0,0,0,0,0,0,Matches
1234,Tom Louchet,fr FRA,DFMF,Nice,fr Ligue 1,22-182,2003,5.3,19,3.58,13,3,0,2,1,0,2,0.38,2,0,0,0,0,0,Matches
1235,Marius Louer,fr FRA,DF,Angers,fr Ligue 1,18-236,2007,0.1,1,7.50,1,0,0,0,0,0,0,0.00,0,0,0,0,0,0,Matches
1236,Sandi Lovrić,si SVN,MF,Udinese,it Serie A,27-219,1998,1.2,4,3.46,2,2,0,0,0,0,1,0.87,0,1,0,0,0,0,Matches
1237,Pol Lozano,es ESP,MF,Espanyol,es La Liga,26-027,1999,8.5,17,1.99,15,0,0,0,2,0,1,0.12,1,0,0,0,0,0,Matches
1238,Sergio Lozano,es ESP,MF,Levante,es La Liga,26-223,1999,0.1,0,0.00,0,0,0,0,0,0,0,0.00,0,0,0,0,0,0,Matches
1239,Lorenzo Lucca,it ITA,FW,Napoli,it Serie A,25-053,2000,3.9,10,2.57,3,1,2,1,3,0,0,0.00,0,0,0,0,0,0,Matches
1240,Jhon Lucumí,co COL,DF,Bologna,it Serie A,27-129,1998,6.6,8,1.22,7,0,0,1,0,0,1,0.15,1,0,0,0,0,0,Matches
1241,Oier Luengo,es ESP,DF,Oviedo,es La Liga,27-356,1997,1.5,1,0.67,1,0,0,0,0,0,0,0.00,0,0,0,0,0,0,Matches
1242,Florentino Luís,pt POR,MF,Burnley,eng Premier League,26-075,1999,6.3,7,1.11,7,0,0,0,0,0,1,0.16,1,0,0,0,0,0,Matches
1243,José Luis Gayà,es ESP,DF,Valencia,es La Liga,30-161,1995,7.4,9,1.22,9,0,0,0,0,0,0,0.00,0,0,0,0,0,0,Matches
1244,José Luis Morales,es ESP,MFFW,Levante,es La Liga,38-102,1987,2.4,13,5.34,9,0,2,2,0,0,1,0.41,0,0,0,1,0,0,Matches
1245,Douglas Luiz,br BRA,MF,Nott'ham Forest,eng Premier League,27-177,1998,2.1,4,1.95,4,0,0,0,0,0,0,0.00,0,0,0,0,0,0,Matches
1246,Castello Lukeba,fr FRA,DF,RB Leipzig,de Bundesliga,22-320,2002,9.0,6,0.67,4,0,0,1,0,1,1,0.11,1,0,0,0,0,0,Matches
1247,Dodi Lukebakio,be BEL,FWMF,Sevilla,es La Liga,28-039,1997,2.0,10,5.00,9,1,0,0,0,0,0,0.00,0,0,0,0,0,0,Matches
1248,Saša Lukić,rs SRB,MF,Fulham,eng Premier League,29-081,1996,7.0,22,3.13,11,8,0,1,1,1,2,0.28,0,1,0,1,0,0,Matches
1249,Kristoffer Lund,us USA,DF,Köln,de Bundesliga,23-172,2002,5.3,5,0.95,4,0,0,0,1,0,0,0.00,0,0,0,0,0,0,Matches
1250,Sebastiano Luperto,it ITA,DF,Cagliari,it Serie A,29-057,1996,6.0,2,0.33,2,0,0,0,0,0,0,0.00,0,0,0,0,0,0,Matches
1251,Mateus Lusuardi,br BRA,DF,Pisa,it Serie A,21-298,2004,2.2,1,0.45,0,0,0,1,0,0,0,0.00,0,0,0,0,0,0,Matches
1252,Zito Luvumbo,ao ANG,MFFW,Cagliari,it Serie A,23-238,2002,1.7,5,2.92,2,0,0,0,3,0,1,0.58,1,0,0,0,0,0,Matches
1253,Charalampos Lykogiannis,gr GRE,DF,Bologna,it Serie A,32-011,1993,3.9,11,2.80,6,5,0,0,0,0,0,0.00,0,0,0,0,0,0,Matches
1254,Senne Lynen,be BEL,MF,Werder Bremen,de Bundesliga,26-256,1999,7.8,11,1.40,10,0,0,1,0,0,3,0.38,2,0,0,1,0,0,Matches
1255,Mathias Løvik,no NOR,DF,Parma,it Serie A,21-331,2003,3.4,2,0.59,1,0,0,0,1,0,0,0.00,0,0,0,0,0,0,Matches
1256,Ian Maatsen,nl NED,DF,Aston Villa,eng Premier League,23-237,2002,2.0,9,4.66,5,2,0,1,0,1,0,0.00,0,0,0,0,0,0,Matches
1257,Alexis Mac Allister,ar ARG,MF,Liverpool,eng Premier League,26-313,1998,6.3,19,3.03,16,0,0,3,0,0,3,0.48,3,0,0,0,0,0,Matches
1258,Deiver Machado,co COL,DF,Lens,fr Ligue 1,32-061,1993,3.0,5,1.65,4,0,1,0,0,0,0,0.00,0,0,0,0,0,0,Matches
1259,Koki Machida,jp JPN,DF,Hoffenheim,de Bundesliga,28-069,1997,0.5,2,4.09,1,0,0,0,0,1,0,0.00,0,0,0,0,0,0,Matches
1260,Lanroy Machine,fr FRA,FWMF,Angers,fr Ligue 1,20-020,2005,2.0,2,1.02,1,0,0,1,0,0,0,0.00,0,0,0,0,0,0,Matches
1261,Shuto Machino,jp JPN,FWMF,Gladbach,de Bundesliga,26-033,1999,4.3,8,1.88,6,1,0,1,0,0,1,0.23,0,0,0,1,0,0,Matches
1262,Brian Madjo,lu LUX,FW,Metz,fr Ligue 1,16-294,2009,1.7,1,0.60,0,0,0,1,0,0,0,0.00,0,0,0,0,0,0,Matches
1263,Noni Madueke,eng ENG,FW,Arsenal,eng Premier League,23-237,2002,3.4,13,3.84,10,2,1,0,0,0,2,0.59,1,0,1,0,0,0,Matches
1264,Pablo Maffeo,es ESP,DF,Mallorca,es La Liga,28-113,1997,5.3,9,1.69,6,0,3,0,0,0,1,0.19,1,0,0,0,0,0,Matches
1265,Gabriel Magalhães,br BRA,DF,Arsenal,eng Premier League,27-318,1997,10.0,12,1.20,5,0,0,4,3,0,2,0.20,1,0,0,1,0,0,Matches
1266,Soungoutou Magassa,fr FRA,MF,West Ham,eng Premier League,22-025,2003,1.9,1,0.52,1,0,0,0,0,0,0,0.00,0,0,0,0,0,0,Matches
1267,Hugo Magnetti,fr FRA,MF,Brest,fr Ligue 1,27-156,1998,8.6,8,0.93,6,0,0,2,0,0,0,0.00,0,0,0,0,0,0,Matches
1268,Frank Magri,cm CMR,FWMF,Toulouse,fr Ligue 1,26-059,1999,8.6,19,2.20,12,0,3,3,0,1,3,0.35,0,0,3,0,0,0,Matches
1269,Harry Maguire,eng ENG,DF,Manchester Utd,eng Premier League,32-242,1993,3.0,4,1.31,3,0,0,1,0,0,0,0.00,0,0,0,0,0,0,Matches
1270,Arne Maier,de GER,DF,Augsburg,de Bundesliga,26-298,1999,0.0,0,0.00,0,0,0,0,0,0,0,0.00,0,0,0,0,0,0,Matches
1271,Mike Maignan,fr FRA,GK,Milan,it Serie A,30-122,1995,7.6,1,0.13,1,0,0,0,0,0,0,0.00,0,0,0,0,0,0,Matches
1272,Linton Maina,de GER,DFMF,Köln,de Bundesliga,26-132,1999,1.5,3,2.03,3,0,0,0,0,0,0,0.00,0,0,0,0,0,0,Matches
1273,Patrick Mainka,de GER,DF,Heidenheim,de Bundesliga,30-361,1994,9.0,6,0.67,6,0,0,0,0,0,1,0.11,1,0,0,0,0,0,Matches
1274,Kobbie Mainoo,eng ENG,MF,Manchester Utd,eng Premier League,20-197,2005,1.6,7,4.37,6,0,0,1,0,0,0,0.00,0,0,0,0,0,0,Matches
1275,Ainsley Maitland-Niles,eng ENG,DF,Lyon,fr Ligue 1,28-065,1997,10.0,17,1.70,14,1,2,0,0,0,2,0.20,2,0,0,0,0,0,Matches
1276,Radosław Majecki,pl POL,GK,Brest,fr Ligue 1,25-351,1999,7.6,0,0.00,0,0,0,0,0,0,0,0.00,0,0,0,0,0,0,Matches
1277,Lovro Majer,hr CRO,MF,Wolfsburg,de Bundesliga,27-289,1998,3.5,13,3.76,9,1,0,1,2,0,2,0.58,1,0,0,0,1,0,Matches
1278,Hamidou Makalou,ml MLI,MFFW,Brest,fr Ligue 1,19-110,2006,1.5,6,4.00,4,2,0,0,0,0,0,0.00,0,0,0,0,0,0,Matches
1279,Jean-Victor Makengo,fr FRA,MF,Lorient,fr Ligue 1,27-143,1998,3.8,10,2.63,4,1,0,3,2,0,1,0.26,1,0,0,0,0,0,Matches
1280,Jordy Makengo,fr FRA,DF,Freiburg,de Bundesliga,24-091,2001,5.9,10,1.69,9,0,0,0,1,0,0,0.00,0,0,0,0,0,0,Matches
1281,Andrija Maksimović,rs SRB,MFFW,RB Leipzig,de Bundesliga,18-150,2007,0.3,1,3.91,1,0,0,0,0,0,0,0.00,0,0,0,0,0,0,Matches
1282,Said El Mala,de GER,FWMF,Köln,de Bundesliga,19-068,2006,3.6,15,4.22,3,0,9,3,0,0,3,0.84,1,0,2,0,0,0,Matches
1283,Julián Malatini,ar ARG,DF,Werder Bremen,de Bundesliga,24-155,2001,1.0,0,0.00,0,0,0,0,0,0,0,0.00,0,0,0,0,0,0,Matches
1284,Daniel Maldini,it ITA,MF,Atalanta,it Serie A,24-022,2001,2.0,10,4.97,6,0,3,1,0,0,0,0.00,0,0,0,0,0,0,Matches
1285,Youssef Maleh,ma MAR,MF,Lecce,it Serie A,27-072,1998,0.3,1,3.10,1,0,0,0,0,0,0,0.00,0,0,0,0,0,0,Matches
1286,Donyell Malen,nl NED,FW,Aston Villa,eng Premier League,26-297,1999,3.7,7,1.91,6,0,0,0,0,1,0,0.00,0,0,0,0,0,0,Matches
1287,Ruslan Malinovskyi,ua UKR,MF,Genoa,it Serie A,32-182,1993,6.1,31,5.09,22,3,1,3,1,1,2,0.33,2,0,0,0,0,0,Matches
1288,Lennard Maloney,us USA,DFMF,Mainz 05,de Bundesliga,26-025,1999,1.5,2,1.32,2,0,0,0,0,0,0,0.00,0,0,0,0,0,0,Matches
1289,Pape Mamadou Sy,sn SEN,GK,Metz,fr Ligue 1,28-184,1997,0.8,0,0.00,0,0,0,0,0,0,0,0.00,0,0,0,0,0,0,Matches
1290,Giorgi Mamardashvili,ge GEO,GK,Liverpool,eng Premier League,25-034,2000,4.0,2,0.50,2,0,0,0,0,0,0,0.00,0,0,0,0,0,0,Matches
1291,Felix Mambimbi,ch SUI,MFFW,Le Havre,fr Ligue 1,24-288,2001,1.4,1,0.70,1,0,0,0,0,0,0,0.00,0,0,0,0,0,0,Matches
1292,Gianluca Mancini,it ITA,DF,Roma,it Serie A,29-199,1996,8.9,7,0.78,4,1,1,0,0,1,0,0.00,0,0,0,0,0,0,Matches
1293,Reinildo Mandava,mz MOZ,DF,Sunderland,eng Premier League,31-285,1994,5.4,2,0.37,2,0,0,0,0,0,1,0.19,1,0,0,0,0,0,Matches
1294,Aïssa Mandi,dz ALG,DF,Lille,fr Ligue 1,34-011,1991,6.8,12,1.76,10,0,1,1,0,0,0,0.00,0,0,0,0,0,0,Matches
1295,Rolando Mandragora,it ITA,MF,Fiorentina,it Serie A,28-126,1997,7.1,16,2.25,7,3,0,3,2,1,1,0.14,0,0,0,1,0,0,Matches
1296,Filippo Mane,it ITA,DF,Dortmund,de Bundesliga,20-239,2005,0.9,2,2.12,2,0,0,0,0,0,1,1.06,1,0,0,0,0,0,Matches
1297,Johan Manzambi,ch SUI,MF,Freiburg,de Bundesliga,20-019,2005,6.0,16,2.67,10,0,0,1,5,0,2,0.33,1,0,0,0,1,0,Matches
1298,Sekou Mara,fr FRA,FW,Auxerre,fr Ligue 1,23-095,2002,4.2,9,2.16,9,0,0,0,0,0,1,0.24,1,0,0,0,0,0,Matches
1299,Alessandro Marcandalli,it ITA,DF,Genoa,it Serie A,23-008,2002,2.0,0,0.00,0,0,0,0,0,0,0,0.00,0,0,0,0,0,0,Matches
1300,Marcão,br BRA,DF,Sevilla,es La Liga,29-150,1996,7.2,2,0.28,1,0,0,0,1,0,0,0.00,0,0,0,0,0,0,Matches
1301,Vincent Marchetti,fr FRA,MF,Paris FC,fr Ligue 1,28-121,1997,3.6,11,3.06,6,0,3,2,0,0,1,0.28,0,0,0,1,0,0,Matches
1302,Pablo Marí,es ESP,DF,Fiorentina,it Serie A,32-063,1993,5.1,2,0.39,2,0,0,0,0,0,0,0.00,0,0,0,0,0,0,Matches
1303,José María Giménez,uy URU,DF,Atlético Madrid,es La Liga,30-286,1995,3.0,3,1.00,2,0,0,0,1,0,1,0.33,0,0,0,0,1,0,Matches
1304,Mariano,do DOM,FW,Alavés,es La Liga,32-093,1993,2.5,2,0.80,2,0,0,0,0,0,0,0.00,0,0,0,0,0,0,Matches
1305,Luca Marianucci,it ITA,DF,Napoli,it Serie A,21-102,2004,1.0,7,7.00,6,0,0,0,0,1,0,0.00,0,0,0,0,0,0,Matches
1306,Rafa Marín ,es ESP,DF,Villarreal,es La Liga,23-167,2002,8.0,3,0.37,3,0,0,0,0,0,1,0.12,1,0,0,0,0,0,Matches
1307,Marius Marin,ro ROU,MF,Pisa,it Serie A,27-064,1998,5.8,3,0.52,3,0,0,0,0,0,0,0.00,0,0,0,0,0,0,Matches
1308,Pablo Marín,es ESP,MF,Real Sociedad,es La Liga,22-122,2003,5.8,8,1.37,5,0,1,1,1,0,0,0.00,0,0,0,0,0,0,Matches
1309,João Mário Lopes,pt POR,DF,Juventus,it Serie A,25-303,2000,2.7,12,4.48,7,0,3,0,2,0,1,0.37,1,0,0,0,0,0,Matches
1310,Guillermo Maripán,cl CHI,DF,Torino,it Serie A,31-180,1994,7.5,2,0.27,2,0,0,0,0,0,0,0.00,0,0,0,0,0,0,Matches
1311,Omar Marmoush,eg EGY,FWMF,Manchester City,eng Premier League,26-268,1999,1.7,7,4.04,3,0,2,1,1,0,2,1.15,1,0,1,0,0,0,Matches
1312,Marquinhos,br BRA,DF,Paris S-G,fr Ligue 1,31-172,1994,3.3,5,1.53,5,0,0,0,0,0,0,0.00,0,0,0,0,0,0,Matches
1313,Callum Marshall,nir NIR,FW,West Ham,eng Premier League,20-339,2004,0.7,0,0.00,0,0,0,0,0,0,0,0.00,0,0,0,0,0,0,Matches
1314,Eric Martel,de GER,MFDF,Köln,de Bundesliga,23-187,2002,7.6,8,1.05,7,0,0,0,0,1,1,0.13,1,0,0,0,0,0,Matches
1315,Aarón Martín,es ESP,DF,Genoa,it Serie A,28-194,1997,5.6,20,3.56,7,9,1,1,1,1,0,0.00,0,0,0,0,0,0,Matches
1316,Gerard Martín,es ESP,DF,Barcelona,es La Liga,23-305,2002,4.2,9,2.14,8,0,1,0,0,0,1,0.24,1,0,0,0,0,0,Matches
1317,Iván Martín,es ESP,MF,Girona,es La Liga,26-261,1999,7.8,8,1.02,7,0,1,0,0,0,1,0.13,1,0,0,0,0,0,Matches
1318,Jon Martin,es ESP,DF,Real Sociedad,es La Liga,19-193,2006,3.0,3,1.00,3,0,0,0,0,0,0,0.00,0,0,0,0,0,0,Matches
1319,Mario Martín,es ESP,MFFW,Getafe,es La Liga,21-242,2004,7.4,6,0.81,5,0,0,0,1,0,0,0.00,0,0,0,0,0,0,Matches
1320,Gabriel Martinelli,br BRA,FWMF,Arsenal,eng Premier League,24-137,2001,2.4,3,1.23,2,1,0,0,0,0,0,0.00,0,0,0,0,0,0,Matches
1321,Arnau Martinez,es ESP,DFMF,Girona,es La Liga,22-191,2003,6.6,5,0.76,3,1,0,0,1,0,2,0.30,2,0,0,0,0,0,Matches
1322,Emiliano Martínez,ar ARG,GK,Aston Villa,eng Premier League,33-061,1992,8.0,2,0.25,2,0,0,0,0,0,1,0.12,1,0,0,0,0,0,Matches
1323,Josep Martinez,es ESP,GK,Inter,it Serie A,27-159,1998,2.0,0,0.00,0,0,0,0,0,0,0,0.00,0,0,0,0,0,0,Matches
1324,Lautaro Martínez,ar ARG,FW,Inter,it Serie A,28-072,1997,7.3,30,4.10,20,0,0,8,2,0,4,0.55,3,0,0,1,0,0,Matches
1325,Pablo Martínez,es ESP,MF,Levante,es La Liga,27-253,1998,5.8,18,3.08,9,2,3,2,1,1,2,0.34,0,0,1,0,0,1,Matches
1326,Ramón Martínez,es ESP,DF,Sevilla,es La Liga,23-011,2002,1.1,0,0.00,0,0,0,0,0,0,0,0.00,0,0,0,0,0,0,Matches
1327,Toni Martínez,es ESP,FW,Alavés,es La Liga,28-125,1997,7.2,11,1.54,5,0,2,2,2,0,1,0.14,0,0,0,1,0,0,Matches
1328,Adam Marušić,me MNE,DF,Lazio,it Serie A,33-016,1992,6.6,8,1.22,8,0,0,0,0,0,1,0.15,1,0,0,0,0,0,Matches
1329,Omar Mascarell,gq EQG,MF,Mallorca,es La Liga,32-273,1993,1.8,1,0.54,1,0,0,0,0,0,0,0.00,0,0,0,0,0,0,Matches
1330,Adam Masina,ma MAR,DF,Torino,it Serie A,31-304,1994,1.2,3,2.43,2,0,0,0,0,1,1,0.81,1,0,0,0,0,0,Matches
1331,Patrizio Masini,it ITA,MF,Genoa,it Serie A,24-279,2001,8.8,12,1.37,10,0,0,1,1,0,0,0.00,0,0,0,0,0,0,Matches
1332,Han-Noah Massengo,fr FRA,MF,Augsburg,de Bundesliga,24-118,2001,8.5,18,2.11,12,0,2,0,3,1,3,0.35,3,0,0,0,0,0,Matches
1333,Franco Mastantuono,ar ARG,FWDF,Real Madrid,es La Liga,18-080,2007,6.1,20,3.30,10,5,2,1,2,0,0,0.00,0,0,0,0,0,0,Matches
1334,Arthur Masuaku,cd COD,DFMF,Sunderland,eng Premier League,31-360,1993,1.4,4,2.86,3,0,0,1,0,0,0,0.00,0,0,0,0,0,0,Matches
1335,Clinton Mata,ao ANG,DF,Lyon,fr Ligue 1,32-360,1992,9.8,9,0.92,9,0,0,0,0,0,1,0.10,1,0,0,0,0,0,Matches
1336,Igor Matanovic,hr CRO,FW,Freiburg,de Bundesliga,22-216,2003,1.8,5,2.80,2,0,2,0,0,1,0,0.00,0,0,0,0,0,0,Matches
1337,Pape Matar Sarr,sn SEN,MF,Tottenham,eng Premier League,23-049,2002,5.4,8,1.49,7,0,0,0,0,1,5,0.93,4,0,0,0,0,1,Matches
1338,Jean-Philippe Mateta,fr FRA,FW,Crystal Palace,eng Premier League,28-127,1997,9.7,14,1.45,7,0,2,5,0,0,1,0.10,1,0,0,0,0,0,Matches
1339,Nemanja Matić,rs SRB,MF,Sassuolo,it Serie A,37-093,1988,7.9,19,2.41,15,2,0,1,1,0,2,0.25,2,0,0,0,0,0,Matches
1340,Rudy Matondo,fr FRA,MF,Auxerre,fr Ligue 1,17-234,2008,1.2,3,2.48,3,0,0,0,0,0,0,0.00,0,0,0,0,0,0,Matches
1341,Chrislain Matsima,fr FRA,DF,Augsburg,de Bundesliga,23-171,2002,9.0,9,1.00,7,0,0,0,0,2,0,0.00,0,0,0,0,0,0,Matches
1342,Jean Mattéo Bahoya,fr FRA,FW,Eint Frankfurt,de Bundesliga,20-179,2005,4.4,13,2.98,9,1,1,0,2,0,1,0.23,1,0,0,0,0,0,Matches
1343,Konstantinos Mavropanos,gr GRE,DF,West Ham,eng Premier League,27-326,1997,5.5,0,0.00,0,0,0,0,0,0,0,0.00,0,0,0,0,0,0,Matches
1344,Christian Mawissa,fr FRA,DF,Monaco,fr Ligue 1,20-198,2005,5.8,2,0.35,1,0,0,0,1,0,0,0.00,0,0,0,0,0,0,Matches
1345,Eliezer Mayenda,es ESP,FW,Sunderland,eng Premier League,20-178,2005,2.9,4,1.38,2,0,1,1,0,0,0,0.00,0,0,0,0,0,0,Matches
1346,Borja Mayoral,es ESP,FW,Getafe,es La Liga,28-211,1997,6.2,6,0.97,4,0,0,1,1,0,0,0.00,0,0,0,0,0,0,Matches
1347,Senny Mayulu,fr FRA,MFFW,Paris S-G,fr Ligue 1,19-169,2006,5.5,16,2.89,13,1,0,1,1,0,2,0.36,1,0,0,1,0,0,Matches
1348,Ibrahim Maza,dz ALG,MFDF,Leverkusen,de Bundesliga,19-343,2005,3.4,11,3.20,6,0,1,3,1,0,1,0.29,0,0,0,1,0,0,Matches
1349,Noussair Mazraoui,ma MAR,DF,Manchester Utd,eng Premier League,27-353,1997,1.6,4,2.48,4,0,0,0,0,0,1,0.62,1,0,0,0,0,0,Matches
1350,Luca Mazzitelli,it ITA,MF,Cagliari,it Serie A,29-352,1995,0.5,2,3.83,1,1,0,0,0,0,0,0.00,0,0,0,0,0,0,Matches
1351,Samuel Mbangula,be BEL,FW,Werder Bremen,de Bundesliga,21-290,2004,6.2,16,2.58,14,0,0,0,2,0,3,0.48,1,0,0,0,2,0,Matches
1352,Ethan Mbappé,fr FRA,FW,Lille,fr Ligue 1,18-308,2006,0.4,6,14.59,5,1,0,0,0,0,0,0.00,0,0,0,0,0,0,Matches
1353,Kylian Mbappé,fr FRA,FW,Real Madrid,es La Liga,26-317,1998,10.6,74,6.99,54,1,9,7,3,0,11,1.04,6,0,3,0,2,0,Matches
1354,Ibrahim Mbaye,fr FRA,FW,Paris S-G,fr Ligue 1,17-282,2008,4.8,20,4.13,18,0,1,1,0,0,0,0.00,0,0,0,0,0,0,Matches
1355,Chancel Mbemba,cd COD,DF,Lille,fr Ligue 1,31-086,1994,3.5,6,1.71,4,0,0,2,0,0,0,0.00,0,0,0,0,0,0,Matches
1356,Bryan Mbeumo,cm CMR,MF,Manchester Utd,eng Premier League,26-087,1999,9.6,33,3.43,16,9,0,5,3,0,2,0.21,1,0,0,1,0,0,Matches
1357,Michel Mboula,ga GAB,DF,Metz,fr Ligue 1,22-186,2003,1.9,0,0.00,0,0,0,0,0,0,0,0.00,0,0,0,0,0,0,Matches
1358,Pathé Mboup,sn SEN,FW,Brest,fr Ligue 1,22-068,2003,3.3,5,1.52,2,0,1,1,1,0,0,0.00,0,0,0,0,0,0,Matches
1359,Moustapha Mbow,sn SEN,DF,Paris FC,fr Ligue 1,25-239,2000,10.0,10,1.00,8,1,0,1,0,0,0,0.00,0,0,0,0,0,0,Matches
1360,James Mcatee,eng ENG,MFFW,Nott'ham Forest,eng Premier League,23-015,2002,1.4,4,2.79,4,0,0,0,0,0,0,0.00,0,0,0,0,0,0,Matches
1361,John McGinn,sct SCO,FWMF,Aston Villa,eng Premier League,31-015,1994,8.5,22,2.58,15,3,1,2,0,1,0,0.00,0,0,0,0,0,0,Matches
1362,Weston McKennie,us USA,MFDF,Juventus,it Serie A,27-066,1998,5.2,22,4.22,21,0,0,1,0,0,2,0.38,2,0,0,0,0,0,Matches
1363,Mark McKenzie,us USA,DF,Toulouse,fr Ligue 1,26-250,1999,9.3,13,1.40,5,8,0,0,0,0,4,0.43,1,3,0,0,0,0,Matches
1364,Dwight McNeil,eng ENG,FWMF,Everton,eng Premier League,25-345,1999,0.3,1,3.60,0,0,0,1,0,0,0,0.00,0,0,0,0,0,0,Matches
1365,Scott McTominay,sct SCO,MF,Napoli,it Serie A,28-329,1996,8.1,12,1.48,6,0,3,2,1,0,3,0.37,2,0,0,0,1,0,Matches
1366,Facundo Medina,ar ARG,DF,Marseille,fr Ligue 1,26-158,1999,1.6,5,3.12,5,0,0,0,0,0,0,0.00,0,0,0,0,0,0,Matches
1367,Jonas Meffert,de GER,MF,Hamburger SV,de Bundesliga,31-059,1994,0.9,2,2.28,2,0,0,0,0,0,0,0.00,0,0,0,0,0,0,Matches
1368,Henrik Meister,dk DEN,FW,Pisa,it Serie A,21-350,2003,4.5,2,0.45,0,0,2,0,0,0,0,0.00,0,0,0,0,0,0,Matches
1369,Bamo Meïté,ci CIV,DF,Lorient,fr Ligue 1,23-334,2001,5.5,1,0.18,1,0,0,0,0,0,0,0.00,0,0,0,0,0,0,Matches
1370,Mohamed Meité,fr FRA,FWDF,Rennes,fr Ligue 1,18-022,2007,2.8,8,2.82,3,0,1,2,1,1,0,0.00,0,0,0,0,0,0,Matches
1371,Hannibal Mejbri,tn TUN,MF,Burnley,eng Premier League,22-285,2003,3.0,5,1.65,3,1,0,0,1,0,1,0.33,1,0,0,0,0,0,Matches
1372,Cléo Melieres,fr FRA,DF,Metz,fr Ligue 1,20-203,2005,0.3,1,3.00,1,0,0,0,0,0,1,3.00,1,0,0,0,0,0,Matches
1373,Nuno Mendes,pt POR,DF,Paris S-G,fr Ligue 1,23-136,2002,5.4,17,3.12,9,4,2,1,1,0,2,0.37,1,0,0,1,0,0,Matches
1374,Brais Méndez,es ESP,MF,Real Sociedad,es La Liga,28-299,1997,6.5,17,2.62,13,3,0,1,0,0,3,0.46,2,0,0,1,0,0,Matches
1375,Rodrigo Mendoza,es ESP,MFFW,Elche,es La Liga,20-232,2005,4.6,12,2.63,10,1,0,1,0,0,1,0.22,1,0,0,0,0,0,Matches
1376,Antoine Mendy,sn SEN,DF,Nice,fr Ligue 1,21-159,2004,8.7,4,0.46,3,0,0,1,0,0,1,0.11,1,0,0,0,0,0,Matches
1377,Batista Mendy,fr FRA,MF,Sevilla,es La Liga,25-294,2000,5.5,4,0.72,3,0,0,0,1,0,0,0.00,0,0,0,0,0,0,Matches
1378,Formose Mendy,sn SEN,DF,Lorient,fr Ligue 1,24-304,2001,1.5,0,0.00,0,0,0,0,0,0,0,0.00,0,0,0,0,0,0,Matches
1379,Nobel Mendy,fr FRA,DF,Rayo Vallecano,es La Liga,21-060,2004,2.9,2,0.69,2,0,0,0,0,0,2,0.69,2,0,0,0,0,0,Matches
1380,Gideon Mensah,gh GHA,DF,Auxerre,fr Ligue 1,27-107,1998,9.4,16,1.70,14,2,0,0,0,0,2,0.21,2,0,0,0,0,0,Matches
1381,Khalis Merah,fr FRA,FWMF,Lyon,fr Ligue 1,18-251,2007,3.6,11,3.07,9,0,0,2,0,0,1,0.28,1,0,0,0,0,0,Matches
1382,Alex Meret,it ITA,GK,Napoli,it Serie A,28-225,1997,4.0,0,0.00,0,0,0,0,0,0,0,0.00,0,0,0,0,0,0,Matches
1383,Mikel Merino,es ESP,MFFW,Arsenal,eng Premier League,29-133,1996,3.6,6,1.65,6,0,0,0,0,0,0,0.00,0,0,0,0,0,0,Matches
1384,Quentin Merlin,fr FRA,DF,Rennes,fr Ligue 1,23-170,2002,8.6,25,2.92,15,7,2,1,0,0,2,0.23,2,0,0,0,0,0,Matches
1385,Rafik Messali,fr FRA,MF,Toulouse,fr Ligue 1,22-188,2003,0.2,0,0.00,0,0,0,0,0,0,0,0.00,0,0,0,0,0,0,Matches
1386,Junior Messias,br BRA,FWMF,Genoa,it Serie A,34-173,1991,0.7,2,2.77,2,0,0,0,0,0,0,0.00,0,0,0,0,0,0,Matches
1387,Connor Metcalfe,au AUS,MF,St. Pauli,de Bundesliga,25-362,1999,1.6,15,9.18,12,0,3,0,0,0,0,0.00,0,0,0,0,0,0,Matches
1388,Dayann Methalie,fr FRA,MFDF,Toulouse,fr Ligue 1,19-260,2006,7.7,10,1.30,10,0,0,0,0,0,0,0.00,0,0,0,0,0,0,Matches
1389,Karol Mets,ee EST,DF,St. Pauli,de Bundesliga,32-170,1993,2.1,1,0.47,1,0,0,0,0,0,0,0.00,0,0,0,0,0,0,Matches
1390,Thomas Meunier,be BEL,DF,Lille,fr Ligue 1,34-051,1991,5.8,14,2.43,11,0,0,1,0,2,1,0.17,1,0,0,0,0,0,Matches
1391,Georges Mikautadze,ge GEO,FW,Villarreal,es La Liga,25-002,2000,4.8,10,2.10,5,0,3,2,0,0,3,0.63,1,0,1,1,0,0,Matches
1392,Georges Mikautadze,ge GEO,FW,Lyon,fr Ligue 1,25-002,2000,2.0,3,1.51,1,0,1,1,0,0,0,0.00,0,0,0,0,0,0,Matches
1393,Wisdom Mike,de GER,FW,Bayern Munich,de Bundesliga,17-039,2008,0.1,0,0.00,0,0,0,0,0,0,0,0.00,0,0,0,0,0,0,Matches
1394,William Mikelbrencis,fr FRA,MFDF,Hamburger SV,de Bundesliga,21-250,2004,3.1,4,1.29,3,0,1,0,0,0,0,0.00,0,0,0,0,0,0,Matches
1395,Antoni Milambo,nl NED,MF,Brentford,eng Premier League,20-213,2005,0.5,1,2.00,1,0,0,0,0,0,0,0.00,0,0,0,0,0,0,Matches
1396,Nikola Milenković,rs SRB,DF,Nott'ham Forest,eng Premier League,28-021,1997,10.0,11,1.10,10,0,0,1,0,0,0,0.00,0,0,0,0,0,0,Matches
1397,Lewis Miley,eng ENG,MF,Newcastle Utd,eng Premier League,19-185,2006,3.0,5,1.64,5,0,0,0,0,0,1,0.33,1,0,0,0,0,0,Matches
1398,Vanja Milinković-Savić,rs SRB,GK,Napoli,it Serie A,28-255,1997,6.0,1,0.17,1,0,0,0,0,0,0,0.00,0,0,0,0,0,0,Matches
1399,Éder Militão,br BRA,DF,Real Madrid,es La Liga,27-288,1998,8.5,14,1.65,12,0,0,2,0,0,3,0.35,2,0,0,1,0,0,Matches
1400,Luis Milla,es ESP,MF,Getafe,es La Liga,31-026,1994,11.0,41,3.73,17,16,3,2,1,2,10,0.91,4,3,2,1,0,0,Matches
1401,Pere Milla,es ESP,MFFW,Espanyol,es La Liga,33-040,1992,5.8,23,3.99,15,3,2,1,2,0,2,0.35,2,0,0,0,0,0,Matches
1402,Lennon Miller,sct SCO,MF,Udinese,it Serie A,19-069,2006,0.9,3,3.51,1,2,0,0,0,0,0,0.00,0,0,0,0,0,0,Matches
1403,James Milner,eng ENG,MF,Brighton,eng Premier League,39-302,1986,2.1,7,3.25,5,2,0,0,0,0,1,0.46,0,1,0,0,0,0,Matches
1404,Veljko Milosavljević,rs SRB,DF,Bournemouth,eng Premier League,18-127,2007,2.1,2,0.97,2,0,0,0,0,0,0,0.00,0,0,0,0,0,0,Matches
1405,Kim Min-jae,kr KOR,DF,Bayern Munich,de Bundesliga,28-352,1996,3.0,5,1.65,4,0,0,0,0,1,2,0.66,1,0,0,0,0,1,Matches
1406,Yerry Mina,co COL,DF,Cagliari,it Serie A,31-040,1994,6.0,3,0.50,1,1,0,0,0,1,0,0.00,0,0,0,0,0,0,Matches
1407,Takumi Minamino,jp JPN,MFFW,Monaco,fr Ligue 1,30-290,1995,7.4,14,1.89,12,0,1,1,0,0,3,0.40,3,0,0,0,0,0,Matches
1408,Tyrone Mings,eng ENG,DF,Aston Villa,eng Premier League,32-234,1993,5.5,5,0.91,4,0,0,1,0,0,0,0.00,0,0,0,0,0,0,Matches
1409,Óscar Mingueza,es ESP,DFMF,Celta Vigo,es La Liga,26-173,1999,5.9,19,3.20,18,1,0,0,0,0,2,0.34,2,0,0,0,0,0,Matches
1410,Yankuba Minteh,gm GAM,FW,Brighton,eng Premier League,21-103,2004,9.5,32,3.36,18,2,7,2,2,1,6,0.63,3,0,2,0,1,0,Matches
1411,Bojan Miovski,mk MKD,FW,Girona,es La Liga,26-131,1999,0.5,0,0.00,0,0,0,0,0,0,0,0.00,0,0,0,0,0,0,Matches
1412,Rafa Mir,es ESP,FWMF,Elche,es La Liga,28-137,1997,7.5,13,1.73,8,0,2,2,1,0,2,0.27,0,0,1,0,1,0,Matches
1413,Juan Miranda,es ESP,DF,Bologna,it Serie A,25-287,2000,5.1,15,2.95,7,7,0,1,0,0,1,0.20,0,1,0,0,0,0,Matches
1414,Tyrick Mitchell,eng ENG,DF,Crystal Palace,eng Premier League,26-062,1999,10.0,26,2.60,21,1,2,0,1,1,1,0.10,0,0,0,0,0,1,Matches
1415,Kaoru Mitoma,jp JPN,FW,Brighton,eng Premier League,28-166,1997,5.6,12,2.13,10,0,2,0,0,0,1,0.18,1,0,0,0,0,0,Matches
1416,Maximilian Mittelstädt,de GER,DF,Stuttgart,de Bundesliga,28-229,1997,6.4,17,2.66,16,1,0,0,0,0,2,0.31,2,0,0,0,0,0,Matches
1417,Henrikh Mkhitaryan,am ARM,MF,Inter,it Serie A,36-285,1989,5.4,22,4.11,14,2,3,1,1,1,3,0.56,3,0,0,0,0,0,Matches
1418,Rui Modesto,ao ANG,MFDF,Udinese,it Serie A,26-026,1999,0.5,0,0.00,0,0,0,0,0,0,0,0.00,0,0,0,0,0,0,Matches
1419,Luka Modrić,hr CRO,MF,Milan,it Serie A,40-054,1985,8.7,42,4.83,25,14,0,1,2,0,3,0.34,2,1,0,0,0,0,Matches
1420,Max Moerstedt,de GER,FWMF,Hoffenheim,de Bundesliga,19-291,2006,1.1,2,1.89,1,0,0,1,0,0,1,0.95,1,0,0,0,0,0,Matches
1421,Terem Moffi,ng NGA,FW,Nice,fr Ligue 1,26-161,1999,3.5,7,1.97,5,0,0,2,0,0,0,0.00,0,0,0,0,0,0,Matches
1422,Mostafa Mohamed,eg EGY,FW,Nantes,fr Ligue 1,27-339,1997,6.6,6,0.91,4,0,0,1,1,0,1,0.15,1,0,0,0,0,0,Matches
1423,Johan Mojica,co COL,DF,Mallorca,es La Liga,33-073,1992,7.6,18,2.38,14,2,2,0,0,0,3,0.40,2,1,0,0,0,0,Matches
1424,Enzo Molebe,fr FRA,FW,Lyon,fr Ligue 1,18-045,2007,0.1,0,0.00,0,0,0,0,0,0,0,0.00,0,0,0,0,0,0,Matches
1425,Alberto Moleiro,es ESP,MFFW,Villarreal,es La Liga,22-033,2003,6.6,22,3.35,14,4,4,0,0,0,3,0.46,2,0,1,0,0,0,Matches
1426,Nahuel Molina,ar ARG,DF,Atlético Madrid,es La Liga,27-210,1998,1.4,8,5.81,8,0,0,0,0,0,1,0.73,1,0,0,0,0,0,Matches
1427,Jon Moncayola,es ESP,MFDF,Osasuna,es La Liga,27-173,1998,9.8,20,2.05,15,5,0,0,0,0,2,0.20,2,0,0,0,0,0,Matches
1428,Lorenzo Montipò,it ITA,GK,Hellas Verona,it Serie A,29-255,1996,9.0,2,0.22,1,1,0,0,0,0,0,0.00,0,0,0,0,0,0,Matches
1429,Álvaro Morata,es ESP,FW,Como,it Serie A,33-010,1992,5.2,14,2.69,8,0,0,3,2,1,1,0.19,1,0,0,0,0,0,Matches
1430,Morato,br BRA,DF,Nott'ham Forest,eng Premier League,24-125,2001,4.8,1,0.21,1,0,0,0,0,0,0,0.00,0,0,0,0,0,0,Matches
1431,Afonso Moreira,pt POR,FW,Lyon,fr Ligue 1,20-228,2005,1.8,7,3.82,5,0,2,0,0,0,4,2.18,2,0,2,0,0,0,Matches
1432,Diego Moreira,be BEL,DFFW,Strasbourg,fr Ligue 1,21-088,2004,7.4,22,2.98,19,0,2,1,0,0,5,0.68,4,0,0,1,0,0,Matches
1433,Alberto Moreno,es ESP,DF,Como,it Serie A,33-120,1992,1.7,1,0.57,1,0,0,0,0,0,0,0.00,0,0,0,0,0,0,Matches
1434,Álex Moreno,es ESP,DFMF,Girona,es La Liga,32-147,1993,9.5,12,1.26,8,2,1,1,0,0,1,0.11,0,1,0,0,0,0,Matches
1435,Gerard Moreno,es ESP,FW,Villarreal,es La Liga,33-209,1992,2.6,13,4.92,10,0,1,1,1,0,2,0.76,0,0,1,0,1,0,Matches
1436,Matias Moreno,ar ARG,DF,Levante,es La Liga,22-039,2003,5.7,4,0.70,4,0,0,0,0,0,0,0.00,0,0,0,0,0,0,Matches
1437,Tete Morente,es ESP,FWMF,Lecce,it Serie A,28-333,1996,6.0,14,2.33,9,2,0,3,0,0,0,0.00,0,0,0,0,0,0,Matches
1438,Stefano Moreo,it ITA,FWMF,Pisa,it Serie A,32-125,1993,4.0,9,2.26,6,0,0,2,0,1,0,0.00,0,0,0,0,0,0,Matches
1439,Mateu Morey,es ESP,DF,Mallorca,es La Liga,25-245,2000,4.9,9,1.85,9,0,0,0,0,0,0,0.00,0,0,0,0,0,0,Matches
1440,Ilaix Moriba,gn GUI,MF,Celta Vigo,es La Liga,22-287,2003,7.0,16,2.27,13,1,0,2,0,0,3,0.43,2,0,0,1,0,0,Matches
1441,Manu Morlanes,es ESP,MF,Mallorca,es La Liga,26-294,1999,6.9,16,2.33,15,1,0,0,0,0,2,0.29,2,0,0,0,0,0,Matches
1442,Luca Moro,it ITA,FW,Sassuolo,it Serie A,24-281,2001,0.2,2,10.00,0,0,0,0,2,0,0,0.00,0,0,0,0,0,0,Matches
1443,Nikola Moro,hr CRO,MF,Bologna,it Serie A,27-235,1998,4.3,13,3.02,9,3,0,1,0,0,1,0.23,1,0,0,0,0,0,Matches
1444,Tyler Morton,eng ENG,MF,Lyon,fr Ligue 1,23-002,2002,8.7,24,2.77,10,10,1,1,1,1,2,0.23,2,0,0,0,0,0,Matches
1445,Daren Mosengo,fr FRA,MF,Le Havre,fr Ligue 1,19-083,2006,0.1,0,0.00,0,0,0,0,0,0,0,0.00,0,0,0,0,0,0,Matches
1446,Cristhian Mosquera,es ESP,DF,Arsenal,eng Premier League,21-128,2004,3.3,1,0.31,1,0,0,0,0,0,0,0.00,0,0,0,0,0,0,Matches
1447,Daniel Mosquera,co COL,FW,Hellas Verona,it Serie A,26-013,1999,0.8,3,3.75,2,0,0,0,1,0,0,0.00,0,0,0,0,0,0,Matches
1448,Yerson Mosquera,co COL,DF,Wolves,eng Premier League,24-184,2001,2.0,0,0.00,0,0,0,0,0,0,0,0.00,0,0,0,0,0,0,Matches
1449,Mason Mount,eng ENG,MF,Manchester Utd,eng Premier League,26-296,1999,3.7,9,2.44,8,0,0,0,1,0,0,0.00,0,0,0,0,0,0,Matches
1450,Samir El Mourabet,ma MAR,MF,Strasbourg,fr Ligue 1,20-027,2005,5.9,13,2.21,9,1,0,0,2,1,0,0.00,0,0,0,0,0,0,Matches
1451,Santiago Mouriño,uy URU,DF,Villarreal,es La Liga,23-262,2002,8.8,11,1.24,9,0,0,0,1,1,1,0.11,1,0,0,0,0,0,Matches
1452,Louis Mouton,fr FRA,MF,Angers,fr Ligue 1,23-152,2002,5.7,13,2.27,11,2,0,0,0,0,2,0.35,2,0,0,0,0,0,Matches
1453,Tarik Muharemovic,ba BIH,DF,Sassuolo,it Serie A,22-247,2003,6.0,3,0.50,1,0,1,1,0,0,1,0.17,0,0,0,1,0,0,Matches
1454,Miro Muheim,ch SUI,MFDF,Hamburger SV,de Bundesliga,27-223,1998,7.9,28,3.54,19,7,0,1,1,0,1,0.13,1,0,0,0,0,0,Matches
1455,Ngal'Ayel Mukau,cd COD,MFFW,Lille,fr Ligue 1,20-337,2004,4.0,12,3.01,8,0,1,1,2,0,0,0.00,0,0,0,0,0,0,Matches
1456,Nordan Mukiele,fr FRA,MF,Rennes,fr Ligue 1,19-263,2006,0.3,2,6.21,1,0,1,0,0,0,0,0.00,0,0,0,0,0,0,Matches
1457,Nordi Mukiele,fr FRA,DF,Sunderland,eng Premier League,28-001,1997,7.0,11,1.57,4,5,0,1,0,1,1,0.14,1,0,0,0,0,0,Matches
1458,Marshall Munetsi,zw ZIM,MFFW,Wolves,eng Premier League,29-133,1996,8.7,8,0.92,8,0,0,0,0,0,2,0.23,2,0,0,0,0,0,Matches
1459,Rodrigo Muniz,br BRA,FW,Fulham,eng Premier League,24-182,2001,3.7,2,0.54,1,0,0,0,1,0,1,0.27,1,0,0,0,0,0,Matches
1460,Aihen Muñoz,es ESP,DF,Real Sociedad,es La Liga,28-078,1997,4.1,4,0.97,2,1,0,0,0,1,0,0.00,0,0,0,0,0,0,Matches
1461,Daniel Muñoz,co COL,DFMF,Crystal Palace,eng Premier League,29-160,1996,10.0,20,2.00,16,1,0,2,1,0,4,0.40,3,0,0,1,0,0,Matches
1462,Iker Muñoz,es ESP,MF,Osasuna,es La Liga,22-362,2002,0.3,0,0.00,0,0,0,0,0,0,0,0.00,0,0,0,0,0,0,Matches
1463,Javier Muñoz,es ESP,MFFW,Getafe,es La Liga,30-247,1995,1.7,1,0.57,1,0,0,0,0,0,0,0.00,0,0,0,0,0,0,Matches
1464,Víctor Muñoz,es ESP,FWMF,Osasuna,es La Liga,22-112,2003,7.3,16,2.19,5,1,5,2,3,0,2,0.27,1,1,0,0,0,0,Matches
1465,Arijanet Muric,xk KVX,GK,Sassuolo,it Serie A,26-360,1998,8.0,2,0.25,1,1,0,0,0,0,0,0.00,0,0,0,0,0,0,Matches
1466,Murillo,br BRA,DF,Nott'ham Forest,eng Premier League,23-121,2002,6.2,5,0.81,5,0,0,0,0,0,0,0.00,0,0,0,0,0,0,Matches
1467,Vedat Muriqi,xk KVX,FW,Mallorca,es La Liga,31-192,1994,8.1,6,0.74,3,0,1,2,0,0,0,0.00,0,0,0,0,0,0,Matches
1468,Jacob Murphy,eng ENG,FWMF,Newcastle Utd,eng Premier League,30-251,1995,4.6,21,4.55,14,0,4,3,0,0,1,0.22,1,0,0,0,0,0,Matches
1469,Yunus Musah,us USA,MF,Atalanta,it Serie A,22-338,2002,0.7,4,6.00,2,0,1,0,1,0,0,0.00,0,0,0,0,0,0,Matches
1470,Yunus Musah,us USA,DF,Milan,it Serie A,22-338,2002,1.0,4,4.00,4,0,0,0,0,0,0,0.00,0,0,0,0,0,0,Matches
1471,Almoatasem Al Musrati,ly LBY,MF,Hellas Verona,it Serie A,29-210,1996,0.6,1,1.61,1,0,0,0,0,0,0,0.00,0,0,0,0,0,0,Matches
1472,Cheveyo Muy,nl NED,FW,Milan,it Serie A,,,0.1,0,0.00,0,0,0,0,0,0,0,0.00,0,0,0,0,0,0,Matches
1473,Yvon Mvogo,ch SUI,GK,Lorient,fr Ligue 1,31-149,1994,7.0,1,0.14,1,0,0,0,0,0,0,0.00,0,0,0,0,0,0,Matches
1474,Joel Mvuka,no NOR,DFMF,Lorient,fr Ligue 1,22-355,2002,3.7,5,1.34,2,0,2,1,0,0,0,0.00,0,0,0,0,0,0,Matches
1475,Junior Mwanga,fr FRA,DFMF,Strasbourg,fr Ligue 1,22-175,2003,2.0,6,3.00,3,0,1,1,0,1,0,0.00,0,0,0,0,0,0,Matches
1476,Junior Mwanga,fr FRA,MFDF,Nantes,fr Ligue 1,22-175,2003,6.8,12,1.75,11,1,0,0,0,0,0,0.00,0,0,0,0,0,0,Matches
1477,Phillipp Mwene,at AUT,DF,Mainz 05,de Bundesliga,31-277,1994,7.8,18,2.30,13,2,0,0,3,0,2,0.26,0,1,0,0,1,0,Matches
1478,Vitaliy Mykolenko,ua UKR,DF,Everton,eng Premier League,26-157,1999,5.9,6,1.01,4,2,0,0,0,0,2,0.34,2,0,0,0,0,0,Matches
1479,Joakim Mæhle,dk DEN,DFFW,Wolfsburg,de Bundesliga,28-166,1997,4.7,12,2.55,11,1,0,0,0,0,1,0.21,1,0,0,0,0,0,Matches
1480,David Møller Wolfe,no NOR,MFDF,Wolves,eng Premier League,23-193,2002,1.7,2,1.18,2,0,0,0,0,0,1,0.59,1,0,0,0,0,0,Matches
1481,Obite N'Dicka,ci CIV,DF,Roma,it Serie A,26-074,1999,8.4,7,0.83,5,0,0,1,0,1,1,0.12,1,0,0,0,0,0,Matches
1482,Konan N'dri,ci CIV,FWMF,Lecce,it Serie A,25-006,2000,1.7,6,3.62,1,3,1,1,0,0,1,0.60,0,1,0,0,0,0,Matches
1483,Bilal Nadir,ma MAR,MFFW,Marseille,fr Ligue 1,21-339,2003,2.7,13,4.80,10,0,0,1,1,1,7,2.58,5,0,0,1,0,1,Matches
1484,Mahamadou Nagida,cm CMR,DF,Rennes,fr Ligue 1,20-127,2005,1.0,1,1.05,1,0,0,0,0,0,0,0.00,0,0,0,0,0,0,Matches
1485,Younes Namli,dk DEN,FWMF,Le Havre,fr Ligue 1,31-135,1994,2.5,5,1.99,4,0,0,0,1,0,1,0.40,1,0,0,0,0,0,Matches
1486,Sebastian Nanasi,se SWE,MF,Strasbourg,fr Ligue 1,23-170,2002,1.7,8,4.68,6,0,0,2,0,0,1,0.58,0,0,0,1,0,0,Matches
1487,Nikolas Nartey,dk DEN,MFDF,Stuttgart,de Bundesliga,25-253,2000,2.0,8,3.91,5,2,0,1,0,0,1,0.49,1,0,0,0,0,0,Matches
1488,Natan,br BRA,DF,Betis,es La Liga,24-269,2001,10.0,4,0.40,4,0,0,0,0,0,0,0.00,0,0,0,0,0,0,Matches
1489,Pau Navarro,es ESP,DF,Villarreal,es La Liga,20-191,2005,1.6,0,0.00,0,0,0,0,0,0,0,0.00,0,0,0,0,0,0,Matches
1490,Roberto Navarro,es ESP,FWMF,Athletic Club,es La Liga,23-204,2002,4.6,13,2.83,11,0,1,0,1,0,0,0.00,0,0,0,0,0,0,Matches
1491,Corrie Ndaba,ie IRL,DFMF,Lecce,it Serie A,25-312,1999,0.8,2,2.57,2,0,0,0,0,0,0,0.00,0,0,0,0,0,0,Matches
1492,Michel Ndary Adopo,fr FRA,MF,Cagliari,it Serie A,25-106,2000,8.0,13,1.62,11,0,1,1,0,0,1,0.12,0,0,0,1,0,0,Matches
1493,Iliman Ndiaye,sn SEN,FW,Everton,eng Premier League,25-241,2000,8.5,28,3.31,20,0,6,0,1,1,1,0.12,1,0,0,0,0,0,Matches
1494,Rassoul Ndiaye,sn SEN,MF,Le Havre,fr Ligue 1,23-326,2001,6.4,10,1.55,9,0,0,1,0,0,2,0.31,1,0,0,1,0,0,Matches
1495,Quentin Ndjantou Mbitcha,fr FRA,MF,Paris S-G,fr Ligue 1,18-102,2007,2.3,5,2.18,4,0,0,0,1,0,0,0.00,0,0,0,0,0,0,Matches
1496,Cher Ndour,it ITA,MF,Fiorentina,it Serie A,21-098,2004,2.5,2,0.81,2,0,0,0,0,0,0,0.00,0,0,0,0,0,0,Matches
1497,Dan Ndoye,ch SUI,FW,Nott'ham Forest,eng Premier League,25-008,2000,7.4,12,1.62,8,1,1,2,0,0,3,0.41,2,0,1,0,0,0,Matches
1498,Joseph Nduquidi,fr FRA,MF,Metz,fr Ligue 1,21-002,2004,0.1,0,0.00,0,0,0,0,0,0,0,0.00,0,0,0,0,0,0,Matches
1499,Paul Nebel,de GER,MF,Mainz 05,de Bundesliga,23-023,2002,6.6,26,3.92,18,5,0,2,1,0,2,0.30,2,0,0,0,0,0,Matches
1500,Kosta Nedeljković,rs SRB,DF,RB Leipzig,de Bundesliga,19-321,2005,0.1,0,0.00,0,0,0,0,0,0,0,0.00,0,0,0,0,0,0,Matches
1501,Loïc Nego,hu HUN,DF,Le Havre,fr Ligue 1,34-291,1991,8.1,15,1.84,11,2,1,1,0,0,1,0.12,0,0,0,1,0,0,Matches
1502,Dan Neil,eng ENG,MF,Sunderland,eng Premier League,23-324,2001,0.0,0,0.00,0,0,0,0,0,0,0,0.00,0,0,0,0,0,0,Matches
1503,Reiss Nelson,eng ENG,FW,Brentford,eng Premier League,25-327,1999,0.2,1,5.63,1,0,0,0,0,0,0,0.00,0,0,0,0,0,0,Matches
1504,Victor Nelsson,dk DEN,DF,Hellas Verona,it Serie A,27-019,1998,9.0,3,0.33,2,1,0,0,0,0,0,0.00,0,0,0,0,0,0,Matches
1505,David Neres,br BRA,FWMF,Napoli,it Serie A,28-244,1997,4.5,13,2.90,10,2,0,0,0,1,3,0.67,2,1,0,0,0,0,Matches
1506,Martim Neto,pt POR,MF,Elche,es La Liga,22-292,2003,4.6,15,3.28,10,0,4,1,0,0,3,0.66,2,0,1,0,0,0,Matches
1507,Pedro Neto,pt POR,FW,Chelsea,eng Premier League,25-238,2000,8.4,32,3.82,19,5,2,3,2,1,4,0.48,3,1,0,0,0,0,Matches
1508,Luca Netz,de GER,DF,Gladbach,de Bundesliga,22-171,2003,2.7,8,3.01,5,3,0,0,0,0,2,0.75,1,1,0,0,0,0,Matches
1509,Manuel Neuer,de GER,GK,Bayern Munich,de Bundesliga,39-220,1986,8.0,2,0.25,2,0,0,0,0,0,2,0.25,2,0,0,0,0,0,Matches
1510,Florian Neuhaus,de GER,MFFW,Gladbach,de Bundesliga,28-231,1997,3.6,15,4.21,14,0,0,0,0,1,5,1.40,4,0,0,0,0,1,Matches
1511,João Neves,pt POR,MF,Paris S-G,fr Ligue 1,21-036,2004,3.2,6,1.89,4,0,0,0,1,1,0,0.00,0,0,0,0,0,0,Matches
1512,Yvan Neyou,cm CMR,MF,Getafe,es La Liga,28-303,1997,0.7,0,0.00,0,0,0,0,0,0,0,0.00,0,0,0,0,0,0,Matches
1513,Cyril Ngonge,be BEL,FW,Torino,it Serie A,25-160,2000,6.1,17,2.79,12,1,1,1,2,0,2,0.33,2,0,0,0,0,0,Matches
1514,Mikayil Ngor Faye,sn SEN,DFFW,Cremonese,it Serie A,21-111,2004,1.4,1,0.71,1,0,0,0,0,0,0,0.00,0,0,0,0,0,0,Matches
1515,Mikayil Ngor Faye,sn SEN,DF,Rennes,fr Ligue 1,21-111,2004,0.1,0,0.00,0,0,0,0,0,0,0,0.00,0,0,0,0,0,0,Matches
1516,Nathan Ngoy,be BEL,DF,Lille,fr Ligue 1,22-145,2003,8.3,10,1.21,9,0,0,1,0,0,1,0.12,1,0,0,0,0,0,Matches
1517,Bernard Nguene,cm CMR,FW,Nice,fr Ligue 1,19-090,2006,0.8,1,1.30,1,0,0,0,0,0,0,0.00,0,0,0,0,0,0,Matches
1518,Rio Ngumoha,eng ENG,FWMF,Liverpool,eng Premier League,17-065,2008,0.4,2,5.45,2,0,0,0,0,0,0,0.00,0,0,0,0,0,0,Matches
1519,Moussa Niakhate,sn SEN,DF,Lyon,fr Ligue 1,29-239,1996,9.2,14,1.53,14,0,0,0,0,0,3,0.33,3,0,0,0,0,0,Matches
1520,Abdoulaye Niakhate Ndiaye,sn SEN,DF,Parma,it Serie A,23-206,2002,4.5,3,0.67,1,0,0,0,1,1,0,0.00,0,0,0,0,0,0,Matches
1521,Tanguy Nianzou,fr FRA,DF,Sevilla,es La Liga,23-148,2002,2.4,0,0.00,0,0,0,0,0,0,0,0.00,0,0,0,0,0,0,Matches
1522,Cheikh Niasse,sn SEN,MFDF,Hellas Verona,it Serie A,25-287,2000,1.4,0,0.00,0,0,0,0,0,0,0,0.00,0,0,0,0,0,0,Matches
1523,Rasmus Nicolaisen,dk DEN,DF,Toulouse,fr Ligue 1,28-231,1997,7.6,4,0.53,2,0,0,1,0,1,0,0.00,0,0,0,0,0,0,Matches
1524,Moritz Nicolas,de GER,GK,Gladbach,de Bundesliga,28-012,1997,9.0,1,0.11,1,0,0,0,0,0,0,0.00,0,0,0,0,0,0,Matches
1525,Hans Nicolussi Caviglia,it ITA,MF,Fiorentina,it Serie A,25-137,2000,4.8,13,2.70,5,6,0,0,2,0,1,0.21,1,0,0,0,0,0,Matches
1526,Julian Niehues,de GER,MF,Heidenheim,de Bundesliga,24-199,2001,3.5,7,2.02,5,0,0,2,0,0,0,0.00,0,0,0,0,0,0,Matches
1527,Oliver Nielsen,dk DEN,DF,Lazio,it Serie A,22-151,2003,2.5,2,0.81,2,0,0,0,0,0,0,0.00,0,0,0,0,0,0,Matches
1528,Alieu Njie,se SWE,FW,Torino,it Serie A,20-172,2005,0.0,0,0.00,0,0,0,0,0,0,0,0.00,0,0,0,0,0,0,Matches
1529,Justin Njinmah,de GER,FW,Werder Bremen,de Bundesliga,24-352,2000,4.6,5,1.08,4,0,0,0,1,0,0,0.00,0,0,0,0,0,0,Matches
1530,Obed Nkambadio,fr FRA,GK,Paris FC,fr Ligue 1,22-268,2003,9.0,2,0.22,1,1,0,0,0,0,0,0.00,0,0,0,0,0,0,Matches
1531,Eddie Nketiah,eng ENG,MFFW,Crystal Palace,eng Premier League,26-156,1999,1.2,6,4.82,3,0,1,2,0,0,0,0.00,0,0,0,0,0,0,Matches
1532,Niels Nkounkou,fr FRA,DFMF,Torino,it Serie A,25-001,2000,1.9,6,3.16,5,0,1,0,0,0,2,1.05,1,0,1,0,0,0,Matches
1533,Christopher Nkunku,fr FRA,FW,Milan,it Serie A,27-353,1997,1.2,2,1.61,1,0,0,0,1,0,0,0.00,0,0,0,0,0,0,Matches
1534,Felix Nmecha,de GER,MF,Dortmund,de Bundesliga,25-023,2000,6.8,9,1.33,9,0,0,0,0,0,2,0.30,2,0,0,0,0,0,Matches
1535,Lukas Nmecha,de GER,FW,Leeds United,eng Premier League,26-323,1998,2.3,4,1.75,3,0,0,1,0,0,0,0.00,0,0,0,0,0,0,Matches
1536,Arnaud Nordin,fr FRA,DFMF,Mainz 05,de Bundesliga,27-138,1998,4.0,7,1.75,4,0,0,2,1,0,1,0.25,0,0,0,1,0,0,Matches
1537,Brooke Norton-Cuffy,eng ENG,DFFW,Genoa,it Serie A,21-294,2004,9.0,20,2.22,15,0,3,2,0,0,3,0.33,1,0,1,1,0,0,Matches
1538,Tijjani Noslin,nl NED,FWMF,Lazio,it Serie A,26-118,1999,0.5,2,4.50,0,0,0,0,2,0,1,2.25,0,0,0,0,1,0,Matches
1539,Randy Nteka,ao ANG,FW,Rayo Vallecano,es La Liga,27-331,1997,0.4,1,2.50,0,0,0,0,1,0,0,0.00,0,0,0,0,0,0,Matches
1540,Alexander Nübel,de GER,GK,Stuttgart,de Bundesliga,29-033,1996,9.0,5,0.56,5,0,0,0,0,0,2,0.22,2,0,0,0,0,0,Matches
1541,Matheus Nunes,pt POR,DF,Manchester City,eng Premier League,27-067,1998,5.7,6,1.05,6,0,0,0,0,0,0,0.00,0,0,0,0,0,0,Matches
1542,Álvaro Núñez,es ESP,DFFW,Elche,es La Liga,25-118,2000,9.9,19,1.92,15,4,0,0,0,0,0,0.00,0,0,0,0,0,0,Matches
1543,Unai Núñez,es ESP,DF,Hellas Verona,it Serie A,28-276,1997,7.1,11,1.55,7,1,0,1,0,2,0,0.00,0,0,0,0,0,0,Matches
1544,Antonio Nusa,no NOR,FW,RB Leipzig,de Bundesliga,20-199,2005,5.9,25,4.27,11,1,5,5,3,0,3,0.51,2,0,0,1,0,0,Matches
1545,Ethan Nwaneri,eng ENG,MF,Arsenal,eng Premier League,18-226,2007,1.9,5,2.68,3,0,1,1,0,0,1,0.54,1,0,0,0,0,0,Matches
1546,Ørjan Nyland,no NOR,GK,Sevilla,es La Liga,35-053,1990,4.0,2,0.50,2,0,0,0,0,0,0,0.00,0,0,0,0,0,0,Matches
1547,Allan Nyom,cm CMR,FW,Getafe,es La Liga,37-176,1988,0.2,0,0.00,0,0,0,0,0,0,0,0.00,0,0,0,0,0,0,Matches
1548,Rabby Nzingoula,fr FRA,MF,Strasbourg,fr Ligue 1,19-342,2005,0.0,1,,1,0,0,0,0,0,0,,0,0,0,0,0,0,Matches
1549,M'Bala Nzola,ao ANG,FW,Pisa,it Serie A,29-076,1996,6.6,14,2.12,9,0,3,1,1,0,0,0.00,0,0,0,0,0,0,Matches
1550,Christian Nørgaard,dk DEN,MF,Arsenal,eng Premier League,31-237,1994,0.2,0,0.00,0,0,0,0,0,0,0,0.00,0,0,0,0,0,0,Matches
1551,Jake O'Brien,ie IRL,DF,Everton,eng Premier League,24-171,2001,8.7,8,0.92,5,2,0,1,0,0,0,0.00,0,0,0,0,0,0,Matches
1552,Matt O'Riley,dk DEN,MF,Brighton,eng Premier League,24-346,2000,2.0,4,2.03,2,1,0,0,0,1,0,0.00,0,0,0,0,0,0,Matches
1553,Matt O'Riley,dk DEN,MF,Marseille,fr Ligue 1,24-346,2000,6.4,18,2.81,18,0,0,0,0,0,3,0.47,3,0,0,0,0,0,Matches
1554,Adam Obert,sk SVK,DF,Cagliari,it Serie A,23-071,2002,8.6,10,1.17,6,3,0,0,0,1,1,0.12,1,0,0,0,0,0,Matches
1555,Jan Oblak,si SVN,GK,Atlético Madrid,es La Liga,32-299,1993,11.0,1,0.09,1,0,0,0,0,0,0,0.00,0,0,0,0,0,0,Matches
1556,Jens Odgaard,dk DEN,MF,Bologna,it Serie A,26-216,1999,4.0,7,1.74,7,0,0,0,0,0,1,0.25,1,0,0,0,0,0,Matches
1557,Wilson Odobert,fr FRA,FW,Tottenham,eng Premier League,20-339,2004,3.7,10,2.67,10,0,0,0,0,0,0,0.00,0,0,0,0,0,0,Matches
1558,Álvaro Odriozola,es ESP,DF,Real Sociedad,es La Liga,29-323,1995,0.6,0,0.00,0,0,0,0,0,0,0,0.00,0,0,0,0,0,0,Matches
1559,Noah Okafor,ch SUI,FWMF,Leeds United,eng Premier League,25-162,2000,4.7,14,2.96,8,0,0,4,1,1,2,0.42,0,0,0,2,0,0,Matches
1560,David Okereke,ng NGA,FW,Cremonese,it Serie A,28-065,1997,0.9,0,0.00,0,0,0,0,0,0,0,0.00,0,0,0,0,0,0,Matches
1561,Maduka Okoye,ng NGA,GK,Udinese,it Serie A,26-066,1999,4.0,0,0.00,0,0,0,0,0,0,0,0.00,0,0,0,0,0,0,Matches
1562,Olasagasti,es ESP,MF,Levante,es La Liga,25-078,2000,2.5,6,2.44,4,2,0,0,0,0,1,0.41,1,0,0,0,0,0,Matches
1563,Michael Olise,fr FRA,FWMF,Bayern Munich,de Bundesliga,23-325,2001,7.5,53,7.04,37,3,3,5,5,0,5,0.66,4,0,0,0,1,0,Matches
1564,Mathías Olivera,uy URU,DF,Napoli,it Serie A,28-002,1997,3.8,4,1.04,4,0,0,0,0,0,1,0.26,1,0,0,0,0,0,Matches
1565,Tuomas Ollila,fi FIN,DF,Paris FC,fr Ligue 1,25-192,2000,1.2,3,2.48,2,0,0,0,1,0,1,0.83,1,0,0,0,0,0,Matches
1566,Dani Olmo,es ESP,MF,Barcelona,es La Liga,27-179,1998,5.4,24,4.42,19,2,0,2,1,0,4,0.74,4,0,0,0,0,0,Matches
1567,Tani Oluwaseyi,ca CAN,FW,Villarreal,es La Liga,25-171,2000,3.7,8,2.16,2,0,3,3,0,0,2,0.54,0,0,0,2,0,0,Matches
1568,Warmed Omari,km COM,DF,Hamburger SV,de Bundesliga,25-193,2000,4.8,5,1.03,4,0,1,0,0,0,0,0.00,0,0,0,0,0,0,Matches
1569,Andrew Omobamidele,ie IRL,DF,Strasbourg,fr Ligue 1,23-132,2002,2.2,1,0.46,1,0,0,0,0,0,0,0.00,0,0,0,0,0,0,Matches
1570,Amadou Onana,be BEL,MF,Aston Villa,eng Premier League,24-078,2001,4.6,5,1.08,5,0,0,0,0,0,0,0.00,0,0,0,0,0,0,Matches
1571,Jean Onana,cm CMR,MF,Genoa,it Serie A,25-298,2000,0.1,1,6.92,1,0,0,0,0,0,0,0.00,0,0,0,0,0,0,Matches
1572,Frank Onyeka,ng NGA,MF,Brentford,eng Premier League,27-305,1998,1.0,1,0.97,1,0,0,0,0,0,1,0.97,1,0,0,0,0,0,Matches
1573,Loïs Openda,be BEL,FWMF,Juventus,it Serie A,25-259,2000,3.2,11,3.43,8,0,2,0,1,0,3,0.93,2,0,0,0,1,0,Matches
1574,Loïs Openda,be BEL,FW,RB Leipzig,de Bundesliga,25-259,2000,0.6,5,8.82,2,0,1,1,1,0,0,0.00,0,0,0,0,0,0,Matches
1575,Fredrik Oppegard,no NOR,DF,Auxerre,fr Ligue 1,23-087,2002,3.4,5,1.47,3,2,0,0,0,0,0,0.00,0,0,0,0,0,0,Matches
1576,Louis Oppie,de GER,DF,St. Pauli,de Bundesliga,23-169,2002,9.0,15,1.67,10,2,0,2,1,0,0,0.00,0,0,0,0,0,0,Matches
1577,Gift Orban,ng NGA,FW,Hellas Verona,it Serie A,23-108,2002,6.5,15,2.32,12,0,0,3,0,0,0,0.00,0,0,0,0,0,0,Matches
1578,Willi Orban,hu HUN,DF,RB Leipzig,de Bundesliga,32-364,1992,8.8,7,0.80,5,1,0,1,0,0,0,0.00,0,0,0,0,0,0,Matches
1579,Christian Ordoñez,ar ARG,MFDF,Parma,it Serie A,21-101,2004,3.6,3,0.83,1,0,0,2,0,0,0,0.00,0,0,0,0,0,0,Matches
1580,Nehemiah Oriola,eng ENG,MF,Brighton,eng Premier League,18-144,2007,0.0,0,0.00,0,0,0,0,0,0,0,0.00,0,0,0,0,0,0,Matches
1581,Gaetano Oristanio,it ITA,MFFW,Parma,it Serie A,23-035,2002,1.8,6,3.38,3,0,1,0,2,0,0,0.00,0,0,0,0,0,0,Matches
1582,Aimar Oroz,es ESP,FWMF,Osasuna,es La Liga,23-340,2001,3.5,14,4.03,11,0,1,1,1,0,1,0.29,1,0,0,0,0,0,Matches
1583,Riccardo Orsolini,it ITA,FW,Bologna,it Serie A,28-282,1997,6.5,14,2.17,12,0,0,2,0,0,2,0.31,2,0,0,0,0,0,Matches
1584,Ángel Ortíz,es ESP,DF,Betis,es La Liga,21-100,2004,1.1,0,0.00,0,0,0,0,0,0,0,0.00,0,0,0,0,0,0,Matches
1585,Asier Osambela,es ESP,DFMF,Osasuna,es La Liga,21-267,2004,1.6,3,1.91,3,0,0,0,0,0,0,0.00,0,0,0,0,0,0,Matches
1586,Gabriel Osho,ng NGA,DF,Auxerre,fr Ligue 1,27-080,1998,1.5,0,0.00,0,0,0,0,0,0,0,0.00,0,0,0,0,0,0,Matches
1587,Ibrahim Osman,gh GHA,MF,Auxerre,fr Ligue 1,20-338,2004,5.2,12,2.31,10,0,0,1,1,0,2,0.38,2,0,0,0,0,0,Matches
1588,Patrick Osterhage,de GER,MF,Freiburg,de Bundesliga,25-274,2000,3.9,5,1.30,4,0,1,0,0,0,0,0.00,0,0,0,0,0,0,Matches
1589,William Osula,dk DEN,FW,Newcastle Utd,eng Premier League,22-090,2003,1.9,3,1.55,1,0,1,1,0,0,1,0.52,0,0,0,1,0,0,Matches
1590,Sebastian Otoa,dk DEN,DF,Genoa,it Serie A,21-173,2004,0.5,0,0.00,0,0,0,0,0,0,0,0.00,0,0,0,0,0,0,Matches
1591,Abdoul Ouattara,fr FRA,DFMF,Strasbourg,fr Ligue 1,20-011,2005,7.6,14,1.84,11,1,1,1,0,0,1,0.13,1,0,0,0,0,0,Matches
1592,Dango Ouattara,bf BFA,FW,Brentford,eng Premier League,23-264,2002,6.1,12,1.96,6,0,2,2,2,0,2,0.33,0,0,0,1,1,0,Matches
1593,Kassoum Ouattara,fr FRA,DFFW,Monaco,fr Ligue 1,21-019,2004,5.7,22,3.89,14,2,3,2,1,0,3,0.53,3,0,0,0,0,0,Matches
1594,Assan Ouedraogo,de GER,MF,RB Leipzig,de Bundesliga,19-177,2006,4.4,19,4.33,13,0,2,3,1,0,6,1.37,4,0,1,1,0,0,Matches
1595,Azzedine Ounahi,ma MAR,MFFW,Girona,es La Liga,25-197,2000,5.1,22,4.33,15,0,3,0,4,0,3,0.59,2,0,0,0,1,0,Matches
1596,Elisha Owusu,gh GHA,MF,Auxerre,fr Ligue 1,27-360,1997,9.2,8,0.87,7,0,0,0,0,1,0,0.00,0,0,0,0,0,0,Matches
1597,Mikel Oyarzabal,es ESP,FW,Real Sociedad,es La Liga,28-195,1997,10.6,33,3.10,28,1,2,1,1,0,4,0.38,4,0,0,0,0,0,Matches
1598,Daniel Oyegoke,eng ENG,DF,Hellas Verona,it Serie A,22-303,2003,0.1,0,0.00,0,0,0,0,0,0,0,0.00,0,0,0,0,0,0,Matches
1599,Salih Özcan,tr TUR,DFMF,Dortmund,de Bundesliga,27-295,1998,0.2,1,4.09,1,0,0,0,0,0,0,0.00,0,0,0,0,0,0,Matches
1600,Berke Özer,tr TUR,GK,Lille,fr Ligue 1,25-161,2000,8.0,2,0.25,2,0,0,0,0,0,1,0.12,1,0,0,0,0,0,Matches
1601,Cenk Özkacar,tr TUR,DFMF,Köln,de Bundesliga,25-027,2000,1.1,0,0.00,0,0,0,0,0,0,0,0.00,0,0,0,0,0,0,Matches
1602,Nico O’Reilly,eng ENG,DFMF,Manchester City,eng Premier League,20-226,2005,5.6,11,1.96,9,0,0,2,0,0,1,0.18,1,0,0,0,0,0,Matches
1603,Jon Pacheco,es ESP,DF,Alavés,es La Liga,24-298,2001,4.7,2,0.43,2,0,0,0,0,0,0,0.00,0,0,0,0,0,0,Matches
1604,Willian Pacho,ec ECU,DF,Paris S-G,fr Ligue 1,24-017,2001,5.3,4,0.76,4,0,0,0,0,0,0,0.00,0,0,0,0,0,0,Matches
1605,Kendry Páez,ec ECU,FWMF,Strasbourg,fr Ligue 1,18-182,2007,3.4,7,2.09,5,0,0,1,0,1,0,0.00,0,0,0,0,0,0,Matches
1606,Pablo Pagis,fr FRA,MFFW,Lorient,fr Ligue 1,22-308,2002,4.2,15,3.55,7,2,3,2,0,1,4,0.95,2,0,2,0,0,0,Matches
1607,Igor Paixão,br BRA,FWMF,Marseille,fr Ligue 1,25-127,2000,5.4,15,2.76,5,0,4,3,2,1,1,0.18,1,0,0,0,0,0,Matches
1608,Exequiel Palacios,ar ARG,MF,Leverkusen,de Bundesliga,27-028,1998,0.5,1,2.05,1,0,0,0,0,0,0,0.00,0,0,0,0,0,0,Matches
1609,Isaac Palazón Camacho,es ESP,FWMF,Rayo Vallecano,es La Liga,30-310,1994,8.5,29,3.43,16,11,1,0,0,1,2,0.24,1,1,0,0,0,0,Matches
1610,Alberto Paleari,it ITA,GK,Torino,it Serie A,33-065,1992,2.0,0,0.00,0,0,0,0,0,0,0,0.00,0,0,0,0,0,0,Matches
1611,Marco Palestra,it ITA,DFFW,Cagliari,it Serie A,20-244,2005,7.2,12,1.67,10,0,2,0,0,0,1,0.14,1,0,0,0,0,0,Matches
1612,João Palhinha,pt POR,MF,Tottenham,eng Premier League,30-116,1995,8.7,9,1.03,9,0,0,0,0,0,3,0.34,3,0,0,0,0,0,Matches
1613,Matteo Palma,de GER,DF,Udinese,it Serie A,17-234,2008,0.7,0,0.00,0,0,0,0,0,0,0,0.00,0,0,0,0,0,0,Matches
1614,Cole Palmer,eng ENG,MF,Chelsea,eng Premier League,23-180,2002,1.6,9,5.59,6,0,0,2,1,0,1,0.62,1,0,0,0,0,0,Matches
1615,Emerson Palmieri,it ITA,DF,Marseille,fr Ligue 1,31-091,1994,6.4,16,2.50,8,8,0,0,0,0,1,0.16,1,0,0,0,0,0,Matches
1616,Diego Pampín,es ESP,DF,Levante,es La Liga,25-232,2000,1.3,2,1.53,2,0,0,0,0,0,0,0.00,0,0,0,0,0,0,Matches
1617,Joaquín Panichelli,ar ARG,FW,Strasbourg,fr Ligue 1,23-026,2002,8.6,20,2.32,14,0,0,5,0,1,1,0.12,0,0,0,1,0,0,Matches
1618,Leart Paqarada,xk KVX,DF,Heidenheim,de Bundesliga,31-025,1994,0.1,0,0.00,0,0,0,0,0,0,0,0.00,0,0,0,0,0,0,Matches
1619,Lucas Paquetá,br BRA,MFFW,West Ham,eng Premier League,28-067,1997,8.7,19,2.18,15,4,0,0,0,0,0,0.00,0,0,0,0,0,0,Matches
1620,Victor Parada,es ESP,DF,Alavés,es La Liga,23-212,2002,3.5,9,2.55,6,1,2,0,0,0,0,0.00,0,0,0,0,0,0,Matches
1621,Aitor Paredes,es ESP,DF,Athletic Club,es La Liga,25-187,2000,6.1,4,0.65,3,0,0,1,0,0,0,0.00,0,0,0,0,0,0,Matches
1622,Daniel Parejo,es ESP,MF,Villarreal,es La Liga,36-200,1989,4.0,12,3.02,9,3,0,0,0,0,0,0.00,0,0,0,0,0,0,Matches
1623,Fabiano Parisi,it ITA,DF,Fiorentina,it Serie A,24-358,2000,0.4,1,2.50,1,0,0,0,0,0,0,0.00,0,0,0,0,0,0,Matches
1624,Thomas Partey,gh GHA,MF,Villarreal,es La Liga,32-142,1993,5.3,7,1.32,6,0,0,1,0,0,0,0.00,0,0,0,0,0,0,Matches
1625,Mario Pašalić,hr CRO,MF,Atalanta,it Serie A,30-266,1995,9.0,20,2.23,19,0,0,1,0,0,3,0.33,3,0,0,0,0,0,Matches
1626,Patric,es ESP,MF,Lazio,it Serie A,32-199,1993,0.1,0,0.00,0,0,0,0,0,0,0,0.00,0,0,0,0,0,0,Matches
1627,Bradley Paul Burrowes,eng ENG,DF,Aston Villa,eng Premier League,17-243,2008,0.2,0,0.00,0,0,0,0,0,0,0,0.00,0,0,0,0,0,0,Matches
1628,Benjamin Pavard,fr FRA,DF,Inter,it Serie A,29-219,1996,1.0,2,2.00,2,0,0,0,0,0,0,0.00,0,0,0,0,0,0,Matches
1629,Benjamin Pavard,fr FRA,DF,Marseille,fr Ligue 1,29-219,1996,6.1,7,1.15,7,0,0,0,0,0,1,0.16,1,0,0,0,0,0,Matches
1630,Aleksandar Pavlovic,de GER,MF,Bayern Munich,de Bundesliga,21-183,2004,4.1,8,1.95,8,0,0,0,0,0,2,0.49,2,0,0,0,0,0,Matches
1631,Strahinja Pavlović,rs SRB,DF,Milan,it Serie A,24-162,2001,8.2,9,1.09,8,0,1,0,0,0,2,0.24,2,0,0,0,0,0,Matches
1632,Leonardo Pavoletti,it ITA,FW,Cagliari,it Serie A,36-341,1988,0.6,1,1.76,1,0,0,0,0,0,1,1.76,1,0,0,0,0,0,Matches
1633,Martín Payero,ar ARG,MF,Cremonese,it Serie A,27-052,1998,4.7,5,1.06,4,0,0,0,1,0,0,0.00,0,0,0,0,0,0,Matches
1634,Nicolás Paz,ar ARG,MF,Como,it Serie A,21-055,2004,9.9,54,5.48,38,4,6,3,2,1,10,1.01,6,1,2,1,0,0,Matches
1635,Marcus Pedersen,no NOR,DF,Torino,it Serie A,25-109,2000,5.0,8,1.61,7,0,0,1,0,0,1,0.20,0,0,0,1,0,0,Matches
1636,Alfonso Pedraza,es ESP,DFMF,Villarreal,es La Liga,29-207,1996,4.0,17,4.21,11,2,1,0,3,0,3,0.74,2,1,0,0,0,0,Matches
1637,Pedri,es ESP,MF,Barcelona,es La Liga,22-342,2002,9.4,60,6.40,55,0,1,3,1,0,4,0.43,4,0,0,0,0,0,Matches
1638,Pedro,es ESP,FW,Lazio,it Serie A,38-097,1987,3.4,11,3.25,9,1,1,0,0,0,1,0.30,1,0,0,0,0,0,Matches
1639,Zé Pedro Figueiredo,pt POR,DF,Cagliari,it Serie A,28-149,1997,3.9,1,0.25,1,0,0,0,0,0,0,0.00,0,0,0,0,0,0,Matches
1640,Adrià Pedrosa,es ESP,DF,Elche,es La Liga,27-173,1998,2.7,5,1.84,5,0,0,0,0,0,0,0.00,0,0,0,0,0,0,Matches
1641,Adrià Pedrosa,es ESP,DF,Sevilla,es La Liga,27-173,1998,0.1,1,15.00,1,0,0,0,0,0,0,0.00,0,0,0,0,0,0,Matches
1642,Dženan Pejčinović,de GER,FW,Wolfsburg,de Bundesliga,20-260,2005,2.5,5,1.97,2,0,1,2,0,0,0,0.00,0,0,0,0,0,0,Matches
1643,Lorenzo Pellegrini,it ITA,MF,Roma,it Serie A,29-136,1996,3.0,7,2.31,2,3,1,1,0,0,0,0.00,0,0,0,0,0,0,Matches
1644,Luca Pellegrini,it ITA,DF,Lazio,it Serie A,26-240,1999,2.8,8,2.81,3,5,0,0,0,0,1,0.35,1,0,0,0,0,0,Matches
1645,Mateo Pellegrino,ar ARG,FW,Parma,it Serie A,24-246,2001,8.4,16,1.91,8,0,2,1,4,1,0,0.00,0,0,0,0,0,0,Matches
1646,Faris Pemi Moumbagna,cm CMR,FW,Cremonese,it Serie A,25-124,2000,0.2,0,0.00,0,0,0,0,0,0,0,0.00,0,0,0,0,0,0,Matches
1647,Iñaki Peña ,es ESP,GK,Elche,es La Liga,26-245,1999,5.0,2,0.40,2,0,0,0,0,0,0,0.00,0,0,0,0,0,0,Matches
1648,Mike Penders,be BEL,GK,Strasbourg,fr Ligue 1,20-094,2005,9.0,1,0.11,1,0,0,0,0,0,0,0.00,0,0,0,0,0,0,Matches
1649,Nicolas Pépé,ci CIV,FWMF,Villarreal,es La Liga,30-157,1995,8.1,48,5.91,35,6,5,2,0,0,5,0.62,5,0,0,0,0,0,Matches
1650,Kojo Peprah Oppong,gh GHA,DF,Nice,fr Ligue 1,21-151,2004,10.6,12,1.13,12,0,0,0,0,0,0,0.00,0,0,0,0,0,0,Matches
1651,Peque,es ESP,MF,Sevilla,es La Liga,23-029,2002,2.1,6,2.80,4,2,0,0,0,0,1,0.47,1,0,0,0,0,0,Matches
1652,Mathias Pereira Lage,pt POR,FWMF,St. Pauli,de Bundesliga,28-337,1996,7.3,22,3.02,12,5,0,4,0,1,1,0.14,0,0,0,1,0,0,Matches
1653,Ayoze Pérez,es ESP,FW,Villarreal,es La Liga,32-096,1993,1.2,1,0.86,1,0,0,0,0,0,0,0.00,0,0,0,0,0,0,Matches
1654,Francisco Perez,es ESP,FWMF,Rayo Vallecano,es La Liga,23-054,2002,4.0,15,3.75,11,1,0,2,0,1,1,0.25,1,0,0,0,0,0,Matches
1655,Mattia Perin,it ITA,GK,Juventus,it Serie A,32-357,1992,1.0,0,0.00,0,0,0,0,0,0,0,0.00,0,0,0,0,0,0,Matches
1656,Romain Perraud,fr FRA,DF,Lille,fr Ligue 1,28-041,1997,7.9,36,4.57,21,10,1,3,1,0,2,0.25,2,0,0,0,0,0,Matches
1657,Lucas Perri,br BRA,GK,Leeds United,eng Premier League,27-327,1997,5.0,0,0.00,0,0,0,0,0,0,0,0.00,0,0,0,0,0,0,Matches
1658,Máximo Perrone,ar ARG,MF,Como,it Serie A,22-299,2003,7.6,20,2.62,19,0,0,0,1,0,2,0.26,2,0,0,0,0,0,Matches
1659,Prosper Peter,ng NGA,FW,Angers,fr Ligue 1,18-085,2007,5.8,11,1.90,9,0,0,1,1,0,0,0.00,0,0,0,0,0,0,Matches
1660,Léo Pétrot,fr FRA,DF,Elche,es La Liga,28-201,1997,3.8,1,0.27,1,0,0,0,0,0,0,0.00,0,0,0,0,0,0,Matches
1661,Đorđe Petrović,rs SRB,GK,Bournemouth,eng Premier League,26-025,1999,9.0,2,0.22,2,0,0,0,0,0,0,0.00,0,0,0,0,0,0,Matches
1662,Giuseppe Pezzella,it ITA,DF,Cremonese,it Serie A,27-338,1997,7.0,9,1.29,8,1,0,0,0,0,1,0.14,1,0,0,0,0,0,Matches
1663,Immanuel Pherai,sr SUR,MF,Hamburger SV,de Bundesliga,24-191,2001,0.2,0,0.00,0,0,0,0,0,0,0,0.00,0,0,0,0,0,0,Matches
1664,Rayan Philippe,fr FRA,FWMF,Hamburger SV,de Bundesliga,25-010,2000,5.5,18,3.28,11,0,1,4,1,1,1,0.18,0,0,0,1,0,0,Matches
1665,Gabriele Piccinini,it ITA,MF,Pisa,it Serie A,24-210,2001,0.5,3,6.28,3,0,0,0,0,0,0,0.00,0,0,0,0,0,0,Matches
1666,Roberto Piccoli,it ITA,FWMF,Fiorentina,it Serie A,24-279,2001,3.1,5,1.61,4,0,0,1,0,0,0,0.00,0,0,0,0,0,0,Matches
1667,Charles Pickel,cd COD,MF,Espanyol,es La Liga,28-171,1997,2.8,4,1.44,3,0,0,1,0,0,0,0.00,0,0,0,0,0,0,Matches
1668,Jordan Pickford,eng ENG,GK,Everton,eng Premier League,31-240,1994,9.0,1,0.11,1,0,0,0,0,0,0,0.00,0,0,0,0,0,0,Matches
1669,Amos Pieper,de GER,DF,Werder Bremen,de Bundesliga,27-289,1998,3.0,1,0.33,1,0,0,0,0,0,1,0.33,1,0,0,0,0,0,Matches
1670,Marvin Pieringer,de GER,FWMF,Heidenheim,de Bundesliga,26-029,1999,0.5,3,5.87,2,0,0,0,1,0,0,0.00,0,0,0,0,0,0,Matches
1671,Nicholas Pierini,it ITA,FW,Sassuolo,it Serie A,27-088,1998,0.8,3,3.97,2,1,0,0,0,0,0,0.00,0,0,0,0,0,0,Matches
1672,Santiago Pierotti,ar ARG,FWMF,Lecce,it Serie A,24-213,2001,6.2,12,1.94,7,0,2,2,0,1,2,0.32,1,0,0,1,0,0,Matches
1673,Balthazar Pierret,fr FRA,MF,Lecce,it Serie A,25-171,2000,0.3,0,0.00,0,0,0,0,0,0,0,0.00,0,0,0,0,0,0,Matches
1674,Andrea Pinamonti,it ITA,FW,Sassuolo,it Serie A,26-167,1999,8.3,14,1.70,10,0,0,2,2,0,3,0.36,1,0,0,1,1,0,Matches
1675,Lander Pinillos,es ESP,MF,Alavés,es La Liga,22-027,2003,0.0,0,0.00,0,0,0,0,0,0,0,0.00,0,0,0,0,0,0,Matches
1676,Ethan Pinnock,jm JAM,DF,Brentford,eng Premier League,32-157,1993,1.7,0,0.00,0,0,0,0,0,0,0,0.00,0,0,0,0,0,0,Matches
1677,Yeremi Pino,es ESP,MF,Crystal Palace,eng Premier League,23-013,2002,5.6,20,3.56,13,3,1,2,1,0,3,0.53,2,1,0,0,0,0,Matches
1678,Yeremi Pino,es ESP,MFFW,Villarreal,es La Liga,23-013,2002,1.8,15,8.49,12,2,0,1,0,0,2,1.13,2,0,0,0,0,0,Matches
1679,Jakub Piotrowski,pl POL,MF,Udinese,it Serie A,28-029,1997,4.4,6,1.36,6,0,0,0,0,0,0,0.00,0,0,0,0,0,0,Matches
1680,Joël Piroe,nl NED,FWMF,Leeds United,eng Premier League,26-092,1999,1.8,3,1.65,1,0,0,2,0,0,0,0.00,0,0,0,0,0,0,Matches
1681,Niccolò Pisilli,it ITA,MF,Roma,it Serie A,21-040,2004,0.5,5,10.23,5,0,0,0,0,0,0,0.00,0,0,0,0,0,0,Matches
1682,Damián Pizarro,cl CHI,FW,Le Havre,fr Ligue 1,20-219,2005,0.3,0,0.00,0,0,0,0,0,0,0,0.00,0,0,0,0,0,0,Matches
1683,Tommaso Pobega,it ITA,MF,Bologna,it Serie A,26-110,1999,1.8,1,0.56,0,0,0,0,1,0,0,0.00,0,0,0,0,0,0,Matches
1684,Ernest Poku,nl NED,MF,Leverkusen,de Bundesliga,21-278,2004,4.8,15,3.12,12,0,0,2,1,0,2,0.42,2,0,0,0,0,0,Matches
1685,Matteo Politano,it ITA,MFFW,Napoli,it Serie A,32-091,1993,7.7,32,4.16,17,4,5,5,0,1,2,0.26,1,0,0,1,0,0,Matches
1686,Marin Pongračić,hr CRO,DF,Fiorentina,it Serie A,28-052,1997,8.0,11,1.38,7,1,0,1,1,1,0,0.00,0,0,0,0,0,0,Matches
1687,Nick Pope,eng ENG,GK,Newcastle Utd,eng Premier League,33-197,1992,9.0,2,0.22,1,1,0,0,0,0,0,0.00,0,0,0,0,0,0,Matches
1688,Pedro Porro,es ESP,DF,Tottenham,eng Premier League,26-050,1999,8.9,23,2.59,15,4,0,1,2,1,2,0.23,1,1,0,0,0,0,Matches
1689,Portu,es ESP,FWMF,Girona,es La Liga,33-165,1992,5.3,8,1.52,6,2,0,0,0,0,0,0.00,0,0,0,0,0,0,Matches
1690,Stefan Posch,at AUT,DF,Como,it Serie A,28-172,1997,2.3,3,1.32,2,0,0,0,1,0,0,0.00,0,0,0,0,0,0,Matches
1691,Freddie Potts,eng ENG,MF,West Ham,eng Premier League,22-051,2003,1.5,0,0.00,0,0,0,0,0,0,0,0.00,0,0,0,0,0,0,Matches
1692,Yussuf Poulsen,dk DEN,FW,Hamburger SV,de Bundesliga,31-140,1994,1.0,3,2.87,3,0,0,0,0,0,0,0.00,0,0,0,0,0,0,Matches
1693,Beñat Prados,es ESP,MF,Athletic Club,es La Liga,24-267,2001,0.9,1,1.06,1,0,0,0,0,0,0,0.00,0,0,0,0,0,0,Matches
1694,Alexander Prass,at AUT,MFFW,Hoffenheim,de Bundesliga,24-160,2001,2.5,4,1.62,3,1,0,0,0,0,1,0.41,1,0,0,0,0,0,Matches
1695,Matteo Prati,it ITA,MF,Cagliari,it Serie A,21-309,2003,7.2,13,1.79,9,2,0,2,0,0,1,0.14,0,0,0,1,0,0,Matches
1696,Abdón Prats,es ESP,FW,Mallorca,es La Liga,32-330,1992,0.7,3,4.58,2,0,0,1,0,0,0,0.00,0,0,0,0,0,0,Matches
1697,Grischa Prömel,de GER,MF,Hoffenheim,de Bundesliga,30-297,1995,1.8,5,2.78,5,0,0,0,0,0,0,0.00,0,0,0,0,0,0,Matches
1698,Ivan Provedel,it ITA,GK,Lazio,it Serie A,31-230,1994,9.0,0,0.00,0,0,0,0,0,0,0,0.00,0,0,0,0,0,0,Matches
1699,Javi Puado,es ESP,FWMF,Espanyol,es La Liga,27-161,1998,7.3,19,2.59,15,1,0,2,1,0,1,0.14,1,0,0,0,0,0,Matches
1700,Marc Pubill,es ESP,DF,Atlético Madrid,es La Liga,22-135,2003,0.3,3,10.38,3,0,0,0,0,0,1,3.46,1,0,0,0,0,0,Matches
1701,Cameron Puertas,ch SUI,MFFW,Werder Bremen,de Bundesliga,27-076,1998,4.8,12,2.51,8,1,0,1,2,0,0,0.00,0,0,0,0,0,0,Matches
1702,Christian Pulisic,us USA,FWMF,Milan,it Serie A,27-045,1998,3.6,19,5.29,13,2,3,0,0,1,3,0.84,1,0,1,0,0,1,Matches
1703,Arkadiusz Pyrka,pl POL,DF,St. Pauli,de Bundesliga,23-043,2002,3.9,7,1.81,5,0,1,0,1,0,1,0.26,1,0,0,0,0,0,Matches
1704,Jarell Quansah,eng ENG,DF,Leverkusen,de Bundesliga,22-277,2003,7.8,8,1.02,7,0,1,0,0,0,0,0.00,0,0,0,0,0,0,Matches
1705,Leopold Querfeld,at AUT,DF,Union Berlin,de Bundesliga,21-317,2003,9.0,11,1.22,11,0,0,0,0,0,0,0.00,0,0,0,0,0,0,Matches
1706,Dani Raba,es ESP,FW,Valencia,es La Liga,30-004,1995,2.6,7,2.72,5,0,0,2,0,0,1,0.39,1,0,0,0,0,0,Matches
1707,Adrien Rabiot,fr FRA,MF,Milan,it Serie A,30-213,1995,4.0,10,2.50,8,0,0,1,1,0,1,0.25,1,0,0,0,0,0,Matches
1708,Adrien Rabiot,fr FRA,MF,Marseille,fr Ligue 1,30-213,1995,1.0,5,5.00,5,0,0,0,0,0,0,0.00,0,0,0,0,0,0,Matches
1709,Uroš Radaković,rs SRB,MFDF,Nantes,fr Ligue 1,31-216,1994,0.1,1,10.00,1,0,0,0,0,0,1,10.00,1,0,0,0,0,0,Matches
1710,Ionuț Radu,ro ROU,GK,Celta Vigo,es La Liga,28-158,1997,10.0,0,0.00,0,0,0,0,0,0,0,0.00,0,0,0,0,0,0,Matches
1711,Ugo Raghouber,fr FRA,FW,Lille,fr Ligue 1,22-112,2003,0.0,0,0.00,0,0,0,0,0,0,0,0.00,0,0,0,0,0,0,Matches
1712,Antonio Raillo,es ESP,DF,Mallorca,es La Liga,34-025,1991,10.0,4,0.40,4,0,0,0,0,0,0,0.00,0,0,0,0,0,0,Matches
1713,Ylber Ramadani,al ALB,MF,Lecce,it Serie A,29-204,1996,8.7,14,1.61,11,1,0,0,1,1,1,0.12,1,0,0,0,0,0,Matches
1714,Diant Ramaj,de GER,GK,Heidenheim,de Bundesliga,24-044,2001,9.0,5,0.56,4,1,0,0,0,0,0,0.00,0,0,0,0,0,0,Matches
1715,Largie Ramazani,be BEL,FWMF,Valencia,es La Liga,24-248,2001,1.0,4,4.00,2,0,0,2,0,0,1,1.00,1,0,0,0,0,0,Matches
1716,Jacobo Ramón,es ESP,DF,Como,it Serie A,20-300,2005,7.0,8,1.15,6,0,1,0,0,1,0,0.00,0,0,0,0,0,0,Matches
1717,Gonçalo Ramos,pt POR,FW,Paris S-G,fr Ligue 1,24-135,2001,6.8,11,1.61,8,0,2,0,1,0,0,0.00,0,0,0,0,0,0,Matches
1718,Guilherme Ramos,pt POR,DF,Hamburger SV,de Bundesliga,28-083,1997,0.2,0,0.00,0,0,0,0,0,0,0,0.00,0,0,0,0,0,0,Matches
1719,Jacob Ramsey,eng ENG,MF,Newcastle Utd,eng Premier League,24-158,2001,0.9,5,5.56,5,0,0,0,0,0,0,0.00,0,0,0,0,0,0,Matches
1720,Luca Ranieri,it ITA,DF,Fiorentina,it Serie A,26-193,1999,7.3,8,1.10,6,0,0,1,1,0,0,0.00,0,0,0,0,0,0,Matches
1721,Grant Ranos,am ARM,FWMF,Gladbach,de Bundesliga,22-105,2003,0.5,1,1.91,1,0,0,0,0,0,0,0.00,0,0,0,0,0,0,Matches
1722,Lilian Raolisoa,fr FRA,FWDF,Angers,fr Ligue 1,25-139,2000,6.2,17,2.72,12,4,1,0,0,0,2,0.32,2,0,0,0,0,0,Matches
1723,Raphinha,br BRA,FWMF,Barcelona,es La Liga,28-323,1996,4.2,23,5.43,16,4,0,2,1,0,5,1.18,4,1,0,0,0,0,Matches
1724,Marcus Rashford,eng ENG,FW,Barcelona,es La Liga,28-002,1997,7.2,46,6.43,28,12,3,1,2,0,4,0.56,2,2,0,0,0,0,Matches
1725,Giacomo Raspadori,it ITA,FW,Atlético Madrid,es La Liga,25-257,2000,1.6,3,1.90,2,1,0,0,0,0,0,0.00,0,0,0,0,0,0,Matches
1726,Andrei Ratiu,ro ROU,DFMF,Rayo Vallecano,es La Liga,27-135,1998,11.0,21,1.91,15,1,3,2,0,0,3,0.27,2,0,1,0,0,0,Matches
1727,Raúl,es ESP,FW,Osasuna,es La Liga,24-364,2000,3.0,6,2.00,4,0,2,0,0,0,0,0.00,0,0,0,0,0,0,Matches
1728,David Raum,de GER,DF,RB Leipzig,de Bundesliga,27-194,1998,9.0,40,4.44,18,19,0,2,1,0,1,0.11,1,0,0,0,0,0,Matches
1729,Federico Ravaglia,it ITA,GK,Bologna,it Serie A,25-356,1999,1.0,1,1.00,1,0,0,0,0,0,1,1.00,1,0,0,0,0,0,Matches
1730,David Raya,es ESP,GK,Arsenal,eng Premier League,30-048,1995,10.0,5,0.50,5,0,0,0,0,0,0,0.00,0,0,0,0,0,0,Matches
1731,Abde Rebbach,dz ALG,MFFW,Alavés,es La Liga,27-083,1998,4.2,22,5.27,12,2,3,3,2,0,1,0.24,1,0,0,0,0,0,Matches
1732,Federico Redondo,ar ARG,MF,Elche,es La Liga,22-288,2003,0.1,0,0.00,0,0,0,0,0,0,0,0.00,0,0,0,0,0,0,Matches
1733,Alejandro Rego,es ESP,MFFW,Athletic Club,es La Liga,22-144,2003,1.2,2,1.64,2,0,0,0,0,0,1,0.82,1,0,0,0,0,0,Matches
1734,Tijjani Reijnders,nl NED,MF,Manchester City,eng Premier League,27-096,1998,8.2,16,1.95,15,1,0,0,0,0,3,0.36,3,0,0,0,0,0,Matches
1735,Alberto Reina,es ESP,MF,Oviedo,es La Liga,28-054,1997,5.2,4,0.77,2,2,0,0,0,0,0,0.00,0,0,0,0,0,0,Matches
1736,Vitor Reis,br BRA,DF,Girona,es La Liga,19-294,2006,8.9,8,0.90,5,0,0,2,0,1,0,0.00,0,0,0,0,0,0,Matches
1737,Rocco Reitz,de GER,MF,Gladbach,de Bundesliga,23-157,2002,8.1,23,2.82,17,2,1,2,1,0,0,0.00,0,0,0,0,0,0,Matches
1738,Nicolai Remberg,de GER,MF,Hamburger SV,de Bundesliga,25-136,2000,8.0,14,1.75,12,0,0,2,0,0,1,0.12,1,0,0,0,0,0,Matches
1739,Álex Remiro,es ESP,GK,Real Sociedad,es La Liga,30-223,1995,11.0,3,0.27,3,0,0,0,0,0,0,0.00,0,0,0,0,0,0,Matches
1740,Devyne Rensch,nl NED,DF,Roma,it Serie A,22-288,2003,1.5,1,0.69,1,0,0,0,0,0,0,0.00,0,0,0,0,0,0,Matches
1741,Guillaume Restes,fr FRA,GK,Toulouse,fr Ligue 1,20-236,2005,10.0,1,0.10,1,0,0,0,0,0,0,0.00,0,0,0,0,0,0,Matches
1742,Elvis Rexhbeçaj,xk KVX,MFDF,Augsburg,de Bundesliga,28-001,1997,4.7,10,2.14,5,1,1,0,1,2,1,0.21,1,0,0,0,0,0,Matches
1743,Oriol Rey,es ESP,MF,Levante,es La Liga,27-250,1998,6.4,5,0.78,4,0,0,1,0,0,1,0.16,0,0,0,1,0,0,Matches
1744,Gio Reyna,us USA,MF,Gladbach,de Bundesliga,22-354,2002,1.5,5,3.36,3,1,0,0,1,0,0,0.00,0,0,0,0,0,0,Matches
1745,Alexsandro Ribeiro,br BRA,DF,Lille,fr Ligue 1,26-085,1999,3.5,3,0.86,3,0,0,0,0,0,1,0.29,1,0,0,0,0,0,Matches
1746,Samuele Ricci,it ITA,MF,Milan,it Serie A,24-073,2001,3.7,7,1.89,5,0,0,1,0,1,1,0.27,1,0,0,0,0,0,Matches
1747,Declan Rice,eng ENG,MF,Arsenal,eng Premier League,26-292,1999,8.9,28,3.13,16,11,0,1,0,0,4,0.45,2,2,0,0,0,0,Matches
1748,Chris Richards,us USA,DF,Crystal Palace,eng Premier League,25-219,2000,10.0,11,1.10,7,3,0,1,0,0,1,0.10,1,0,0,0,0,0,Matches
1749,Richarlison,br BRA,FW,Tottenham,eng Premier League,28-176,1997,6.1,11,1.81,5,0,2,3,1,0,3,0.49,2,0,1,0,0,0,Matches
1750,Diego Rico,es ESP,DF,Getafe,es La Liga,32-252,1993,9.9,10,1.01,6,3,0,1,0,0,0,0.00,0,0,0,0,0,0,Matches
1751,Clemens Riedel,de GER,DF,Espanyol,es La Liga,22-106,2003,4.5,4,0.89,4,0,0,0,0,0,1,0.22,1,0,0,0,0,0,Matches
1752,Fabian Rieder,ch SUI,MF,Rennes,fr Ligue 1,23-259,2002,1.5,4,2.71,4,0,0,0,0,0,0,0.00,0,0,0,0,0,0,Matches
1753,Fabian Rieder,ch SUI,MF,Augsburg,de Bundesliga,23-259,2002,6.6,25,3.81,12,7,4,0,2,0,5,0.76,3,1,1,0,0,0,Matches
1754,Lasse Rieß,de GER,GK,Mainz 05,de Bundesliga,24-098,2001,2.2,1,0.45,1,0,0,0,0,0,0,0.00,0,0,0,0,0,0,Matches
1755,Chris Rigg,eng ENG,MF,Sunderland,eng Premier League,18-137,2007,2.1,3,1.44,2,0,1,0,0,0,0,0.00,0,0,0,0,0,0,Matches
1756,Hugo Rincón,es ESP,DFMF,Girona,es La Liga,22-279,2003,6.1,10,1.63,6,1,1,1,1,0,0,0.00,0,0,0,0,0,0,Matches
1757,Luis Rioja,es ESP,MFFW,Valencia,es La Liga,32-017,1993,9.2,28,3.04,21,5,0,1,0,1,4,0.43,3,1,0,0,0,0,Matches
1758,Rodrigo Riquelme,es ESP,FWMF,Betis,es La Liga,25-214,2000,4.3,18,4.24,14,0,2,2,0,0,2,0.47,2,0,0,0,0,0,Matches
1759,Robin Risser,fr FRA,GK,Lens,fr Ligue 1,20-335,2004,10.0,1,0.10,1,0,0,0,0,0,0,0.00,0,0,0,0,0,0,Matches
1760,Mihailo Ristić,rs SRB,DFMF,Celta Vigo,es La Liga,30-002,1995,2.8,2,0.72,2,0,0,0,0,0,0,0.00,0,0,0,0,0,0,Matches
1761,Lars Ritzka,de GER,DF,St. Pauli,de Bundesliga,27-179,1998,2.7,1,0.37,1,0,0,0,0,0,0,0.00,0,0,0,0,0,0,Matches
1762,Sergi Roberto,es ESP,MF,Como,it Serie A,33-268,1992,2.0,8,3.91,7,0,0,1,0,0,0,0.00,0,0,0,0,0,0,Matches
1763,Patrick Roberts,eng ENG,MFFW,Sunderland,eng Premier League,28-270,1997,0.3,1,3.21,1,0,0,0,0,0,0,0.00,0,0,0,0,0,0,Matches
1764,Andrew Robertson,sct SCO,DF,Liverpool,eng Premier League,31-236,1994,2.7,10,3.75,8,1,1,0,0,0,0,0.00,0,0,0,0,0,0,Matches
1765,Antonee Robinson,us USA,DF,Fulham,eng Premier League,28-086,1997,0.7,4,5.63,4,0,0,0,0,0,1,1.41,1,0,0,0,0,0,Matches
1766,Joel Roca,es ESP,FWMF,Girona,es La Liga,20-148,2005,6.3,17,2.71,11,0,4,1,0,1,1,0.16,0,0,1,0,0,0,Matches
1767,Marc Roca,es ESP,MF,Betis,es La Liga,28-341,1996,3.1,3,0.97,3,0,0,0,0,0,0,0.00,0,0,0,0,0,0,Matches
1768,Ryan Rodin,fr FRA,FW,Auxerre,fr Ligue 1,19-245,2006,0.1,0,0.00,0,0,0,0,0,0,0,0.00,0,0,0,0,0,0,Matches
1769,Joe Rodon,wls WAL,DF,Leeds United,eng Premier League,28-011,1997,10.0,4,0.40,3,0,0,1,0,0,0,0.00,0,0,0,0,0,0,Matches
1770,Rodri,es ESP,MF,Manchester City,eng Premier League,29-133,1996,3.2,5,1.54,5,0,0,0,0,0,0,0.00,0,0,0,0,0,0,Matches
1771,Álvaro Rodríguez,uy URU,FW,Elche,es La Liga,21-111,2004,5.1,15,2.96,8,0,4,2,1,0,3,0.59,2,0,0,1,0,0,Matches
1772,Damián Rodríguez,es ESP,MF,Celta Vigo,es La Liga,22-230,2003,1.7,4,2.40,3,1,0,0,0,0,0,0.00,0,0,0,0,0,0,Matches
1773,Dani Rodríguez,es ESP,MF,Mallorca,es La Liga,37-149,1988,0.8,2,2.65,1,1,0,0,0,0,0,0.00,0,0,0,0,0,0,Matches
1774,Guido Rodríguez,ar ARG,MF,West Ham,eng Premier League,31-204,1994,1.0,1,1.00,1,0,0,0,0,0,0,0.00,0,0,0,0,0,0,Matches
1775,Javi Rodríguez,es ESP,DF,Celta Vigo,es La Liga,22-129,2003,6.4,11,1.72,10,0,0,0,1,0,0,0.00,0,0,0,0,0,0,Matches
1776,Jesus Rodríguez,es ESP,FW,Como,it Serie A,19-346,2005,4.8,20,4.14,14,1,2,2,1,0,3,0.62,2,0,0,0,1,0,Matches
1777,Ricardo Rodríguez,ch SUI,DF,Betis,es La Liga,33-069,1992,5.0,7,1.41,7,0,0,0,0,0,1,0.20,1,0,0,0,0,0,Matches
1778,Rodrygo,br BRA,FWMF,Real Madrid,es La Liga,24-297,2001,2.8,20,7.23,11,2,4,2,1,0,1,0.36,0,0,0,1,0,0,Matches
1779,Robin Roefs,nl NED,GK,Sunderland,eng Premier League,22-289,2003,9.0,2,0.22,2,0,0,0,0,0,0,0.00,0,0,0,0,0,0,Matches
1780,Morgan Rogers,eng ENG,MFFW,Aston Villa,eng Premier League,23-099,2002,9.9,18,1.82,13,0,1,1,2,1,4,0.40,3,0,1,0,0,0,Matches
1781,Merlin Röhl,de GER,MFFW,Everton,eng Premier League,23-120,2002,0.8,1,1.27,1,0,0,0,0,0,0,0.00,0,0,0,0,0,0,Matches
1782,Merlin Röhl,de GER,FWMF,Freiburg,de Bundesliga,23-120,2002,0.7,2,2.73,2,0,0,0,0,0,0,0.00,0,0,0,0,0,0,Matches
1783,Filippo Romagna,it ITA,DF,Sassuolo,it Serie A,28-160,1997,2.2,2,0.90,2,0,0,0,0,0,0,0.00,0,0,0,0,0,0,Matches
1784,Alessio Romagnoli,it ITA,DF,Lazio,it Serie A,30-294,1995,7.0,4,0.57,4,0,0,0,0,0,0,0.00,0,0,0,0,0,0,Matches
1785,Leo Román,es ESP,GK,Mallorca,es La Liga,25-119,2000,10.0,1,0.10,0,1,0,0,0,0,0,0.00,0,0,0,0,0,0,Matches
1786,Miguel Román,es ESP,MF,Celta Vigo,es La Liga,22-311,2002,1.8,2,1.13,2,0,0,0,0,0,0,0.00,0,0,0,0,0,0,Matches
1787,Carlos Romero,es ESP,DF,Espanyol,es La Liga,24-004,2001,9.7,24,2.47,19,0,2,3,0,0,3,0.31,2,0,0,1,0,0,Matches
1788,Cristian Romero,ar ARG,DF,Tottenham,eng Premier League,27-189,1998,7.3,8,1.09,7,0,0,0,0,1,2,0.27,2,0,0,0,0,0,Matches
1789,Isaac Romero,es ESP,FW,Sevilla,es La Liga,25-168,2000,7.0,12,1.72,8,0,1,2,1,0,3,0.43,2,0,0,0,1,0,Matches
1790,Iván Romero,es ESP,FW,Levante,es La Liga,24-206,2001,7.7,20,2.59,12,1,3,2,2,0,4,0.52,2,0,1,1,0,0,Matches
1791,Rômulo,br BRA,FW,RB Leipzig,de Bundesliga,23-267,2002,7.9,23,2.90,19,0,0,1,2,1,4,0.50,4,0,0,0,0,0,Matches
1792,Salomón Rondón,ve VEN,FW,Oviedo,es La Liga,36-047,1989,6.3,11,1.74,7,0,3,1,0,0,1,0.16,0,0,1,0,0,0,Matches
1793,Valentin Rongier,fr FRA,MF,Rennes,fr Ligue 1,30-330,1994,8.5,26,3.06,24,0,1,0,1,0,2,0.24,2,0,0,0,0,0,Matches
1794,Marten de Roon,nl NED,MF,Atalanta,it Serie A,34-218,1991,6.0,7,1.16,4,0,0,1,0,2,1,0.17,1,0,0,0,0,0,Matches
1795,Pablo Rosario,do DOM,MF,Nice,fr Ligue 1,28-299,1997,0.3,3,9.64,2,0,0,1,0,0,1,3.21,0,0,0,1,0,0,Matches
1796,Max Rosenfelder,de GER,DF,Freiburg,de Bundesliga,22-265,2003,1.3,1,0.74,0,0,0,0,1,0,0,0.00,0,0,0,0,0,0,Matches
1797,Valentin Rosier,fr FRA,DFMF,Osasuna,es La Liga,29-075,1996,6.8,11,1.62,10,1,0,0,0,0,1,0.15,1,0,0,0,0,0,Matches
1798,Tom Rothe,de GER,DF,Union Berlin,de Bundesliga,21-004,2004,3.9,5,1.27,4,0,0,1,0,0,0,0.00,0,0,0,0,0,0,Matches
1799,Anthony Rouault,fr FRA,DF,Rennes,fr Ligue 1,24-157,2001,7.0,7,1.00,5,0,0,2,0,0,0,0.00,0,0,0,0,0,0,Matches
1800,Nicolò Rovella,it ITA,MF,Lazio,it Serie A,23-333,2001,2.2,10,4.50,6,4,0,0,0,0,2,0.90,1,1,0,0,0,0,Matches
1801,Jonathan Rowe,eng ENG,FWMF,Bologna,it Serie A,22-186,2003,1.6,5,3.19,4,0,0,0,0,1,1,0.64,1,0,0,0,0,0,Matches
1802,Jonathan Rowe,eng ENG,FW,Marseille,fr Ligue 1,22-186,2003,0.7,1,1.45,0,0,0,0,1,0,0,0.00,0,0,0,0,0,0,Matches
1803,Amir Rrahmani,xk KVX,DF,Napoli,it Serie A,31-251,1994,3.0,4,1.33,4,0,0,0,0,0,0,0.00,0,0,0,0,0,0,Matches
1804,Rubén,es ESP,DF,Espanyol,es La Liga,24-271,2001,2.4,8,3.29,5,3,0,0,0,0,0,0.00,0,0,0,0,0,0,Matches
1805,Antonio Rüdiger,de GER,DF,Real Madrid,es La Liga,32-244,1993,1.0,0,0.00,0,0,0,0,0,0,0,0.00,0,0,0,0,0,0,Matches
1806,Javier Rueda Garcia,es ESP,DFMF,Celta Vigo,es La Liga,23-178,2002,4.2,7,1.67,5,1,0,0,1,0,2,0.48,1,0,0,0,1,0,Matches
1807,Daniele Rugani,it ITA,DF,Juventus,it Serie A,31-096,1994,1.9,1,0.51,0,0,0,0,0,1,0,0.00,0,0,0,0,0,0,Matches
1808,Matteo Ruggeri,it ITA,DF,Atlético Madrid,es La Liga,23-114,2002,4.2,4,0.96,4,0,0,0,0,0,1,0.24,1,0,0,0,0,0,Matches
1809,Aitor Ruibal,es ESP,FWDF,Betis,es La Liga,29-225,1996,3.4,10,2.95,7,1,2,0,0,0,1,0.30,0,0,1,0,0,0,Matches
1810,Fabián Ruiz Peña,es ESP,MF,Paris S-G,fr Ligue 1,29-213,1996,4.2,23,5.51,22,0,0,0,0,1,3,0.72,3,0,0,0,0,0,Matches
1811,Gerónimo Rulli,ar ARG,GK,Marseille,fr Ligue 1,33-166,1992,9.0,2,0.22,2,0,0,0,0,0,0,0.00,0,0,0,0,0,0,Matches
1812,Georginio Rutter,fr FRA,FWMF,Brighton,eng Premier League,23-196,2002,6.7,19,2.83,15,0,0,0,4,0,6,0.89,5,0,0,0,1,0,Matches
1813,Mathew Ryan,au AUS,GK,Levante,es La Liga,33-208,1992,8.0,0,0.00,0,0,0,0,0,0,0,0.00,0,0,0,0,0,0,Matches
1814,Julian Ryerson,no NOR,DFMF,Dortmund,de Bundesliga,27-350,1997,4.8,22,4.63,15,6,0,0,1,0,4,0.84,4,0,0,0,0,0,Matches
1815,Frederik Rønnow,dk DEN,GK,Union Berlin,de Bundesliga,33-090,1992,9.0,2,0.22,2,0,0,0,0,0,0,0.00,0,0,0,0,0,0,Matches
1816,Alexander Røssing-Lelesiit,no NOR,FWMF,Hamburger SV,de Bundesliga,18-286,2007,2.2,2,0.93,1,0,1,0,0,0,0,0.00,0,0,0,0,0,0,Matches
1817,José Sá,pt POR,GK,Wolves,eng Premier League,32-289,1993,4.0,3,0.75,1,2,0,0,0,0,0,0.00,0,0,0,0,0,0,Matches
1818,Elias Saad,tn TUN,MFFW,Augsburg,de Bundesliga,25-310,1999,5.1,20,3.90,15,0,4,0,1,0,2,0.39,2,0,0,0,0,0,Matches
1819,Stefano Sabelli,it ITA,DF,Genoa,it Serie A,32-293,1993,2.8,2,0.71,2,0,0,0,0,0,0,0.00,0,0,0,0,0,0,Matches
1820,Abdelhamid Sabiri,ma MAR,MF,Fiorentina,it Serie A,28-339,1996,0.3,4,13.33,1,3,0,0,0,0,0,0.00,0,0,0,0,0,0,Matches
1821,Marcel Sabitzer,at AUT,MF,Dortmund,de Bundesliga,31-230,1994,6.0,10,1.66,9,0,0,0,0,1,2,0.33,2,0,0,0,0,0,Matches
1822,Noah Sadiki,cd COD,MF,Sunderland,eng Premier League,20-320,2004,8.9,14,1.57,9,0,2,1,2,0,0,0.00,0,0,0,0,0,0,Matches
1823,Umar Sadiq,ng NGA,FW,Real Sociedad,es La Liga,28-273,1997,0.2,0,0.00,0,0,0,0,0,0,0,0.00,0,0,0,0,0,0,Matches
1824,Alexis Saelemaekers,be BEL,DFFW,Milan,it Serie A,26-128,1999,8.6,26,3.03,17,1,4,2,2,0,6,0.70,4,1,0,0,1,0,Matches
1825,Emir Sahiti,xk KVX,FW,Hamburger SV,de Bundesliga,26-338,1998,1.3,2,1.50,1,0,1,0,0,0,0,0.00,0,0,0,0,0,0,Matches
1826,Osame Sahraoui,ma MAR,FWMF,Lille,fr Ligue 1,24-144,2001,1.7,15,8.65,13,0,0,0,2,0,3,1.73,3,0,0,0,0,0,Matches
1827,Wesley Saïd,fr FRA,MF,Lens,fr Ligue 1,30-197,1995,7.0,17,2.42,13,0,3,1,0,0,2,0.29,2,0,0,0,0,0,Matches
1828,Bukayo Saka,eng ENG,FW,Arsenal,eng Premier League,24-058,2001,6.6,29,4.42,19,2,3,3,2,0,1,0.15,0,0,0,0,1,0,Matches
1829,Mathis Saka,fr FRA,MF,Toulouse,fr Ligue 1,19-043,2006,0.1,0,0.00,0,0,0,0,0,0,0,0.00,0,0,0,0,0,0,Matches
1830,Álex Sala,es ESP,MF,Lecce,it Serie A,24-207,2001,1.2,5,4.13,4,0,0,0,0,1,1,0.83,1,0,0,0,0,0,Matches
1831,Ibrahim Salah,ma MAR,FW,Rennes,fr Ligue 1,24-064,2001,0.4,2,5.14,2,0,0,0,0,0,0,0.00,0,0,0,0,0,0,Matches
1832,Mohamed Salah,eg EGY,FW,Liverpool,eng Premier League,33-140,1992,9.9,29,2.92,23,2,2,2,0,0,4,0.40,4,0,0,0,0,0,Matches
1833,Jan Salas,es ESP,MF,Mallorca,es La Liga,20-084,2005,0.2,1,5.29,1,0,0,0,0,0,1,5.29,1,0,0,0,0,0,Matches
1834,Kike Salas,es ESP,DF,Sevilla,es La Liga,23-193,2002,4.0,4,1.00,4,0,0,0,0,0,0,0.00,0,0,0,0,0,0,Matches
1835,Manolis Saliakas,gr GRE,DF,St. Pauli,de Bundesliga,29-051,1996,5.0,11,2.20,9,0,0,1,1,0,2,0.40,1,0,0,0,1,0,Matches
1836,William Saliba,fr FRA,DF,Arsenal,eng Premier League,24-223,2001,7.0,7,0.99,7,0,0,0,0,0,1,0.14,1,0,0,0,0,0,Matches
1837,José Salinas,es ESP,DFFW,Espanyol,es La Liga,25-033,2000,0.5,1,2.14,1,0,0,0,0,0,0,0.00,0,0,0,0,0,0,Matches
1838,Mohammed Salisu,gh GHA,DF,Monaco,fr Ligue 1,26-199,1999,6.0,3,0.50,3,0,0,0,0,0,0,0.00,0,0,0,0,0,0,Matches
1839,Lazar Samardzic,rs SRB,MF,Atalanta,it Serie A,23-251,2002,4.1,25,6.11,17,5,0,3,0,0,2,0.49,1,0,0,1,0,0,Matches
1840,Mbwana Samatta,tz TAN,FW,Le Havre,fr Ligue 1,32-314,1992,5.7,11,1.93,7,0,0,2,2,0,0,0.00,0,0,0,0,0,0,Matches
1841,Mama Samba Baldé,gw GNB,FW,Brest,fr Ligue 1,29-361,1995,3.9,14,3.61,8,0,1,2,2,1,2,0.52,2,0,0,0,0,0,Matches
1842,Brice Samba,fr FRA,GK,Rennes,fr Ligue 1,31-191,1994,10.0,3,0.30,2,1,0,0,0,0,0,0.00,0,0,0,0,0,0,Matches
1843,Albert Sambi Lokonga,be BEL,MF,Hamburger SV,de Bundesliga,26-011,1999,2.6,15,5.84,11,1,1,1,1,0,2,0.78,2,0,0,0,0,0,Matches
1844,Antonio Sanabria,py PAR,FW,Cremonese,it Serie A,29-243,1996,4.2,2,0.48,0,0,1,1,0,0,1,0.24,0,0,0,1,0,0,Matches
1845,Oihan Sancet,es ESP,MF,Athletic Club,es La Liga,25-191,2000,6.9,20,2.92,12,0,0,3,2,3,2,0.29,0,0,0,0,1,1,Matches
1846,Alexis Sánchez,cl CHI,FWMF,Sevilla,es La Liga,36-318,1988,4.4,12,2.76,9,2,0,0,1,0,2,0.46,2,0,0,0,0,0,Matches
1847,Antonio Sánchez,es ESP,MFDF,Mallorca,es La Liga,28-305,1997,3.1,4,1.28,4,0,0,0,0,0,0,0.00,0,0,0,0,0,0,Matches
1848,Juanlu Sánchez,es ESP,DFFW,Sevilla,es La Liga,22-079,2003,6.4,16,2.48,13,1,1,0,1,0,3,0.47,2,0,1,0,0,0,Matches
1849,Borja Sánchez Laborde,es ESP,MF,Oviedo,es La Liga,29-249,1996,0.2,0,0.00,0,0,0,0,0,0,0,0.00,0,0,0,0,0,0,Matches
1850,Manu Sánchez,es ESP,DF,Levante,es La Liga,25-070,2000,8.6,22,2.55,18,3,0,1,0,0,1,0.12,1,0,0,0,0,0,Matches
1851,Robert Sánchez,es ESP,GK,Chelsea,eng Premier League,27-349,1997,9.0,3,0.33,3,0,0,0,0,0,0,0.00,0,0,0,0,0,0,Matches
1852,Jadon Sancho,eng ENG,FW,Aston Villa,eng Premier League,25-222,2000,0.8,7,9.00,5,0,1,1,0,0,0,0.00,0,0,0,0,0,0,Matches
1853,Álex Sancris,es ESP,FWMF,Getafe,es La Liga,28-288,1997,3.4,9,2.63,6,0,0,2,1,0,1,0.29,1,0,0,0,0,0,Matches
1854,Philipp Sander,de GER,MFDF,Gladbach,de Bundesliga,27-254,1998,6.7,8,1.20,7,1,0,0,0,0,0,0.00,0,0,0,0,0,0,Matches
1855,James Sands,us USA,MF,St. Pauli,de Bundesliga,25-119,2000,7.3,11,1.50,9,0,0,1,1,0,0,0.00,0,0,0,0,0,0,Matches
1856,Ibou Sané,sn SEN,FWMF,Metz,fr Ligue 1,20-219,2005,2.0,6,3.03,4,0,0,0,2,0,2,1.01,1,0,0,0,1,0,Matches
1857,Sadibou Sané,sn SEN,DF,Metz,fr Ligue 1,21-145,2004,4.4,0,0.00,0,0,0,0,0,0,0,0.00,0,0,0,0,0,0,Matches
1858,Arouna Sangante,sn SEN,DF,Le Havre,fr Ligue 1,23-204,2002,8.7,7,0.81,7,0,0,0,0,0,0,0.00,0,0,0,0,0,0,Matches
1859,Ibrahim Sangaré,ci CIV,MF,Nott'ham Forest,eng Premier League,27-335,1997,4.9,1,0.20,1,0,0,0,0,0,0,0.00,0,0,0,0,0,0,Matches
1860,Mamadou Sangare,ml MLI,MF,Lens,fr Ligue 1,23-129,2002,8.3,19,2.29,15,0,1,3,0,0,1,0.12,0,0,0,1,0,0,Matches
1861,Nhoa Sangui,fr FRA,DF,Paris FC,fr Ligue 1,19-248,2006,3.7,10,2.69,10,0,0,0,0,0,1,0.27,1,0,0,0,0,0,Matches
1862,Maroan Sannadi,ma MAR,FW,Athletic Club,es La Liga,24-274,2001,2.9,5,1.74,4,0,0,1,0,0,2,0.69,1,0,0,1,0,0,Matches
1863,Kaishu Sano,jp JPN,MF,Mainz 05,de Bundesliga,24-307,2000,9.0,15,1.67,13,0,1,0,0,1,3,0.33,1,0,1,0,0,1,Matches
1864,Morgan Sanson,fr FRA,MF,Nice,fr Ligue 1,31-076,1994,2.2,5,2.30,4,0,0,1,0,0,1,0.46,1,0,0,0,0,0,Matches
1865,Baptiste Santamaria,fr FRA,MF,Valencia,es La Liga,30-238,1995,7.0,9,1.29,9,0,0,0,0,0,1,0.14,1,0,0,0,0,0,Matches
1866,Yellu Santiago,es ESP,MF,Hellas Verona,it Serie A,21-161,2004,0.1,2,30.00,1,0,1,0,0,0,0,0.00,0,0,0,0,0,0,Matches
1867,Andrey Santos,br BRA,MF,Chelsea,eng Premier League,21-183,2004,2.5,6,2.40,6,0,0,0,0,0,0,0.00,0,0,0,0,0,0,Matches
1868,Kauã Santos,br BRA,GK,Eint Frankfurt,de Bundesliga,22-205,2003,4.0,2,0.50,2,0,0,0,0,0,0,0.00,0,0,0,0,0,0,Matches
1869,Tiago Santos,pt POR,DF,Lille,fr Ligue 1,23-102,2002,1.2,2,1.73,1,0,0,0,1,0,0,0.00,0,0,0,0,0,0,Matches
1870,Jeremy Sarmiento,ec ECU,MFFW,Cremonese,it Serie A,23-139,2002,1.4,5,3.52,2,1,2,0,0,0,0,0.00,0,0,0,0,0,0,Matches
1871,Amin Sarr,se SWE,FW,Hellas Verona,it Serie A,24-236,2001,3.0,9,3.05,7,0,0,1,1,0,0,0.00,0,0,0,0,0,0,Matches
1872,Ismaila Sarr,sn SEN,MFFW,Crystal Palace,eng Premier League,27-250,1998,7.8,16,2.05,8,0,1,2,3,2,2,0.26,2,0,0,0,0,0,Matches
1873,Malang Sarr,fr FRA,DF,Lens,fr Ligue 1,26-283,1999,9.0,4,0.44,2,0,0,1,0,1,0,0.00,0,0,0,0,0,0,Matches
1874,Mamadou Sarr,fr FRA,DF,Strasbourg,fr Ligue 1,20-065,2005,8.0,6,0.75,6,0,0,0,0,0,0,0.00,0,0,0,0,0,0,Matches
1875,Martin Satriano,uy URU,FW,Lyon,fr Ligue 1,24-255,2001,3.1,9,2.89,5,0,1,2,0,1,2,0.64,1,0,0,1,0,0,Matches
1876,Mario Sauer,sk SVK,MF,Toulouse,fr Ligue 1,21-171,2004,4.6,14,3.07,8,1,1,2,1,1,3,0.66,0,0,1,2,0,0,Matches
1877,Razvan Sava,ro ROU,GK,Udinese,it Serie A,23-134,2002,6.0,3,0.50,3,0,0,0,0,0,0,0.00,0,0,0,0,0,0,Matches
1878,Sávio,br BRA,MF,Manchester City,eng Premier League,21-206,2004,3.7,12,3.21,8,0,2,2,0,0,1,0.27,1,0,0,0,0,0,Matches
1879,Nicolò Savona,it ITA,DFMF,Nott'ham Forest,eng Premier League,22-228,2003,3.8,3,0.79,2,1,0,0,0,0,0,0.00,0,0,0,0,0,0,Matches
1880,Joe Scally,us USA,DF,Gladbach,de Bundesliga,22-306,2002,7.0,15,2.16,11,0,1,1,1,1,2,0.29,2,0,0,0,0,0,Matches
1881,Giorgio Scalvini,it ITA,DF,Atalanta,it Serie A,21-326,2003,3.2,10,3.12,10,0,0,0,0,0,2,0.62,2,0,0,0,0,0,Matches
1882,Gianluca Scamacca,it ITA,FW,Atalanta,it Serie A,26-305,1999,2.5,5,2.00,4,0,0,1,0,0,1,0.40,0,0,0,1,0,0,Matches
1883,Oliver Scarles,eng ENG,DFMF,West Ham,eng Premier League,19-325,2005,0.8,0,0.00,0,0,0,0,0,0,0,0.00,0,0,0,0,0,0,Matches
1884,Kevin Schade,de GER,FW,Brentford,eng Premier League,23-340,2001,9.2,15,1.63,10,1,1,1,2,0,3,0.33,1,1,1,0,0,0,Matches
1885,András Schäfer,hu HUN,MF,Union Berlin,de Bundesliga,26-203,1999,3.4,2,0.59,0,0,0,1,1,0,0,0.00,0,0,0,0,0,0,Matches
1886,Fabian Schär,ch SUI,DF,Newcastle Utd,eng Premier League,33-317,1991,4.2,3,0.71,2,0,0,0,0,1,0,0.00,0,0,0,0,0,0,Matches
1887,Derry Scherhant,de GER,FW,Freiburg,de Bundesliga,22-357,2002,3.1,16,5.11,4,5,0,3,4,0,1,0.32,0,0,0,1,0,0,Matches
1888,Patrik Schick,cz CZE,FW,Leverkusen,de Bundesliga,29-282,1996,5.5,7,1.28,5,0,0,2,0,0,2,0.37,1,0,0,1,0,0,Matches
1889,Stefan Schimmer,de GER,FW,Heidenheim,de Bundesliga,31-188,1994,2.4,7,2.99,7,0,0,0,0,0,0,0.00,0,0,0,0,0,0,Matches
1890,Xaver Schlager,at AUT,MF,RB Leipzig,de Bundesliga,28-035,1997,2.8,11,3.94,11,0,0,0,0,0,0,0.00,0,0,0,0,0,0,Matches
1891,Keven Schlotterbeck,de GER,DF,Augsburg,de Bundesliga,28-188,1997,4.5,4,0.89,3,0,0,1,0,0,0,0.00,0,0,0,0,0,0,Matches
1892,Nico Schlotterbeck,de GER,DF,Dortmund,de Bundesliga,25-336,1999,5.0,10,2.00,8,0,0,1,0,1,3,0.60,3,0,0,0,0,0,Matches
1893,Romano Schmid,at AUT,MFFW,Werder Bremen,de Bundesliga,25-279,2000,8.6,43,5.00,35,3,0,2,1,2,3,0.35,3,0,0,0,0,0,Matches
1894,Isaac Schmidt,ch SUI,DFMF,Werder Bremen,de Bundesliga,25-330,1999,1.3,7,5.34,4,2,1,0,0,0,1,0.76,0,0,1,0,0,0,Matches
1895,Joël Schmied,ch SUI,DF,Köln,de Bundesliga,27-040,1998,6.6,3,0.45,3,0,0,0,0,0,0,0.00,0,0,0,0,0,0,Matches
1896,Jan Schöppner,de GER,MF,Heidenheim,de Bundesliga,26-143,1999,7.4,12,1.61,9,0,0,1,2,0,2,0.27,2,0,0,0,0,0,Matches
1897,Marvin Schwäbe,de GER,GK,Köln,de Bundesliga,30-191,1995,8.0,2,0.25,1,1,0,0,0,0,0,0.00,0,0,0,0,0,0,Matches
1898,Léo Scienza,br BRA,MFFW,Heidenheim,de Bundesliga,27-050,1998,2.0,5,2.50,3,1,0,0,1,0,1,0.50,0,0,0,0,1,0,Matches
1899,Alex Scott,eng ENG,MF,Bournemouth,eng Premier League,22-073,2003,6.6,19,2.88,10,3,0,1,3,2,1,0.15,1,0,0,0,0,0,Matches
1900,Sebastian Sebulonsen,no NOR,DF,Köln,de Bundesliga,25-279,2000,7.1,13,1.83,10,2,1,0,0,0,0,0.00,0,0,0,0,0,0,Matches
1901,Jenson Seelt,nl NED,DF,Sunderland,eng Premier League,22-163,2003,1.5,0,0.00,0,0,0,0,0,0,0,0.00,0,0,0,0,0,0,Matches
1902,Jenson Seelt,nl NED,DF,Wolfsburg,de Bundesliga,22-163,2003,1.1,0,0.00,0,0,0,0,0,0,0,0.00,0,0,0,0,0,0,Matches
1903,Alidu Seidu,gh GHA,DF,Rennes,fr Ligue 1,25-151,2000,4.8,7,1.45,6,0,1,0,0,0,1,0.21,1,0,0,0,0,0,Matches
1904,Nicolas Seiwald,at AUT,MF,RB Leipzig,de Bundesliga,24-182,2001,8.2,8,0.97,7,0,0,0,1,0,1,0.12,1,0,0,0,0,0,Matches
1905,Ayumu Seko,jp JPN,MFDF,Le Havre,fr Ligue 1,25-148,2000,9.2,12,1.31,12,0,0,0,0,0,1,0.11,1,0,0,0,0,0,Matches
1906,Matz Sels,be BEL,GK,Nott'ham Forest,eng Premier League,33-249,1992,10.0,2,0.20,1,1,0,0,0,0,0,0.00,0,0,0,0,0,0,Matches
1907,Antoine Semenyo,gh GHA,FWMF,Bournemouth,eng Premier League,25-299,2000,9.0,33,3.67,22,3,6,1,0,1,6,0.67,3,0,3,0,0,0,Matches
1908,Adrian Šemper,hr CRO,GK,Pisa,it Serie A,27-294,1998,9.0,3,0.33,2,1,0,0,0,0,0,0.00,0,0,0,0,0,0,Matches
1909,Marvin Senaya,tg TOG,DF,Auxerre,fr Ligue 1,24-278,2001,10.6,14,1.32,10,2,0,2,0,0,1,0.09,0,0,0,1,0,0,Matches
1910,Marcos Senesi,ar ARG,DF,Bournemouth,eng Premier League,28-176,1997,8.9,15,1.69,13,0,0,1,0,1,3,0.34,3,0,0,0,0,0,Matches
1911,Suat Serdar,de GER,MF,Hellas Verona,it Serie A,28-205,1997,8.4,27,3.21,21,0,2,3,0,1,1,0.12,0,0,0,0,0,1,Matches
1912,Nicolás Serrano,es ESP,FW,Athletic Club,es La Liga,22-242,2003,1.3,3,2.31,1,2,0,0,0,0,0,0.00,0,0,0,0,0,0,Matches
1913,Benjamin Šeško,si SVN,FW,Manchester Utd,eng Premier League,22-155,2003,6.5,13,1.99,10,0,0,2,0,1,2,0.31,1,0,0,1,0,0,Matches
1914,Ryan Sessegnon,eng ENG,DF,Fulham,eng Premier League,25-168,2000,8.3,13,1.57,11,0,0,1,0,1,1,0.12,1,0,0,0,0,0,Matches
1915,Stephan El Shaarawy,it ITA,MFFW,Roma,it Serie A,33-006,1992,1.4,1,0.71,0,0,0,1,0,0,0,0.00,0,0,0,0,0,0,Matches
1916,Luke Shaw,eng ENG,DF,Manchester Utd,eng Premier League,30-113,1995,9.4,7,0.75,5,0,0,1,0,1,2,0.21,0,0,0,1,0,1,Matches
1917,Kwasi Sibo,gh GHA,MF,Oviedo,es La Liga,27-131,1998,3.6,2,0.56,2,0,0,0,0,0,0,0.00,0,0,0,0,0,0,Matches
1918,Djibril Sidibé,fr FRA,DFMF,Toulouse,fr Ligue 1,33-096,1992,6.1,11,1.81,11,0,0,0,0,0,1,0.16,1,0,0,0,0,0,Matches
1919,Armindo Sieb,de GER,FWMF,Mainz 05,de Bundesliga,22-258,2003,3.2,9,2.81,6,1,0,2,0,0,1,0.31,1,0,0,0,0,0,Matches
1920,Jamil Siebert,de GER,DF,Lecce,it Serie A,23-214,2002,0.9,0,0.00,0,0,0,0,0,0,0,0.00,0,0,0,0,0,0,Matches
1921,Francisco Sierralta,cl CHI,DF,Auxerre,fr Ligue 1,28-180,1997,8.6,5,0.58,5,0,0,0,0,0,0,0.00,0,0,0,0,0,0,Matches
1922,Tim Siersleben,de GER,DF,Heidenheim,de Bundesliga,25-238,2000,6.0,4,0.67,4,0,0,0,0,0,0,0.00,0,0,0,0,0,0,Matches
1923,André Silva,pt POR,FW,Elche,es La Liga,29-361,1995,6.0,17,2.81,10,0,1,5,1,0,1,0.17,1,0,0,0,0,0,Matches
1924,Bernardo Silva,pt POR,MF,Manchester City,eng Premier League,31-084,1994,5.2,15,2.90,13,2,0,0,0,0,1,0.19,1,0,0,0,0,0,Matches
1925,Caio Henrique Oliveira Silva,br BRA,DF,Monaco,fr Ligue 1,28-094,1997,6.6,11,1.66,6,5,0,0,0,0,0,0.00,0,0,0,0,0,0,Matches
1926,Fábio Silva,pt POR,FWMF,Dortmund,de Bundesliga,23-106,2002,0.4,6,16.36,3,0,2,1,0,0,0,0.00,0,0,0,0,0,0,Matches
1927,Jota Silva,pt POR,FW,Nott'ham Forest,eng Premier League,26-093,1999,0.1,0,0.00,0,0,0,0,0,0,0,0.00,0,0,0,0,0,0,Matches
1928,Marco Silvestri,it ITA,GK,Cremonese,it Serie A,34-245,1991,4.0,0,0.00,0,0,0,0,0,0,0,0.00,0,0,0,0,0,0,Matches
1929,Abdallah Sima,sn SEN,MF,Lens,fr Ligue 1,24-138,2001,1.4,4,2.81,4,0,0,0,0,0,0,0.00,0,0,0,0,0,0,Matches
1930,Giovanni Simeone,ar ARG,FW,Torino,it Serie A,30-120,1995,6.6,16,2.42,9,0,4,0,2,1,3,0.45,1,0,2,0,0,0,Matches
1931,Giuliano Simeone,ar ARG,MFFW,Atlético Madrid,es La Liga,22-319,2002,9.1,32,3.51,20,0,6,2,2,2,8,0.88,4,0,3,1,0,0,Matches
1932,Moses Simon,ng NGA,FWMF,Paris FC,fr Ligue 1,30-113,1995,9.2,23,2.50,13,4,3,3,0,0,3,0.33,3,0,0,0,0,0,Matches
1933,Unai Simón,es ESP,GK,Athletic Club,es La Liga,28-144,1997,11.0,2,0.18,1,1,0,0,0,0,0,0.00,0,0,0,0,0,0,Matches
1934,Xavi Simons,nl NED,FWMF,Tottenham,eng Premier League,22-195,2003,5.0,11,2.18,9,1,0,0,1,0,1,0.20,0,1,0,0,0,0,Matches
1935,Xavi Simons,nl NED,MF,RB Leipzig,de Bundesliga,22-195,2003,1.0,3,3.00,2,1,0,0,0,0,0,0.00,0,0,0,0,0,0,Matches
1936,Danel Sinani,lu LUX,MFFW,St. Pauli,de Bundesliga,28-211,1997,8.3,33,3.98,26,3,2,2,0,0,3,0.36,1,1,0,1,0,0,Matches
1937,Lassine Sinayoko,ml MLI,FWMF,Auxerre,fr Ligue 1,25-329,1999,10.2,28,2.74,21,0,2,1,2,2,3,0.29,1,0,0,0,1,1,Matches
1938,Antonio Sivera,es ESP,GK,Alavés,es La Liga,29-083,1996,10.0,1,0.10,1,0,0,0,0,0,0,0.00,0,0,0,0,0,0,Matches
1939,Telli Siwe,fr FRA,DF,Auxerre,fr Ligue 1,20-323,2004,2.5,1,0.40,1,0,0,0,0,0,0,0.00,0,0,0,0,0,0,Matches
1940,Tim Skarke,de GER,MFDF,Union Berlin,de Bundesliga,29-056,1996,3.5,5,1.45,4,0,0,0,1,0,0,0.00,0,0,0,0,0,0,Matches
1941,Ellyes Skhiri,tn TUN,MF,Eint Frankfurt,de Bundesliga,30-176,1995,4.1,6,1.45,6,0,0,0,0,0,1,0.24,1,0,0,0,0,0,Matches
1942,Leo Skiri Østigård,no NOR,DF,Genoa,it Serie A,25-339,1999,6.5,6,0.92,5,0,0,1,0,0,0,0.00,0,0,0,0,0,0,Matches
1943,Łukasz Skorupski,pl POL,GK,Bologna,it Serie A,34-181,1991,8.0,1,0.12,1,0,0,0,0,0,1,0.12,1,0,0,0,0,0,Matches
1944,Andreas Skov Olsen,dk DEN,FW,Wolfsburg,de Bundesliga,25-308,1999,4.0,13,3.27,12,0,1,0,0,0,1,0.25,1,0,0,0,0,0,Matches
1945,Robert Skov,dk DEN,DF,Union Berlin,de Bundesliga,29-166,1996,2.4,5,2.05,3,1,1,0,0,0,0,0.00,0,0,0,0,0,0,Matches
1946,Adam Smith,eng ENG,DF,Bournemouth,eng Premier League,34-187,1991,2.3,4,1.76,3,0,0,0,1,0,0,0.00,0,0,0,0,0,0,Matches
1947,Eric Smith,se SWE,DF,St. Pauli,de Bundesliga,28-298,1997,9.0,9,1.00,6,1,1,1,0,0,2,0.22,1,0,1,0,0,0,Matches
1948,Emile Smith Rowe,eng ENG,MF,Fulham,eng Premier League,25-097,2000,2.5,7,2.84,5,0,0,2,0,0,1,0.41,0,0,0,1,0,0,Matches
1949,Ivan Smolčić,hr CRO,DF,Como,it Serie A,25-077,2000,5.6,7,1.24,6,0,0,0,1,0,0,0.00,0,0,0,0,0,0,Matches
1950,Simon Sohm,ch SUI,MF,Fiorentina,it Serie A,24-205,2001,3.4,8,2.36,8,0,0,0,0,0,0,0.00,0,0,0,0,0,0,Matches
1951,Alex Sola,es ESP,FW,Getafe,es La Liga,26-146,1999,0.1,0,0.00,0,0,0,0,0,0,0,0.00,0,0,0,0,0,0,Matches
1952,Dominic Solanke,eng ENG,FW,Tottenham,eng Premier League,28-049,1997,0.4,1,2.81,0,0,0,1,0,0,0,0.00,0,0,0,0,0,0,Matches
1953,Carlos Soler,es ESP,MF,Real Sociedad,es La Liga,28-304,1997,4.2,9,2.14,8,0,0,1,0,0,0,0.00,0,0,0,0,0,0,Matches
1954,Julio Soler,ar ARG,FW,Bournemouth,eng Premier League,20-259,2005,0.0,0,0.00,0,0,0,0,0,0,0,0.00,0,0,0,0,0,0,Matches
1955,Oumar Solet,fr FRA,DF,Udinese,it Serie A,25-268,2000,9.7,18,1.86,18,0,0,0,0,0,1,0.10,1,0,0,0,0,0,Matches
1956,Jhon Solis,co COL,MF,Girona,es La Liga,21-030,2004,3.6,5,1.37,5,0,0,0,0,0,0,0.00,0,0,0,0,0,0,Matches
1957,Manor Solomon,il ISR,MF,Villarreal,es La Liga,26-101,1999,1.2,6,4.82,4,2,0,0,0,0,1,0.80,1,0,0,0,0,0,Matches
1958,Yann Sommer,ch SUI,GK,Inter,it Serie A,36-320,1988,7.0,1,0.14,1,0,0,0,0,0,0,0.00,0,0,0,0,0,0,Matches
1959,Oliver Sonne,pe PER,DFFW,Burnley,eng Premier League,24-357,2000,1.2,2,1.73,2,0,0,0,0,0,0,0.00,0,0,0,0,0,0,Matches
1960,David Soria,es ESP,GK,Getafe,es La Liga,32-212,1993,11.0,3,0.27,3,0,0,0,0,0,0,0.00,0,0,0,0,0,0,Matches
1961,Borna Sosa,hr CRO,DF,Crystal Palace,eng Premier League,27-285,1998,0.0,0,0.00,0,0,0,0,0,0,0,0.00,0,0,0,0,0,0,Matches
1962,Hugo Sotelo,es ESP,MF,Celta Vigo,es La Liga,21-318,2003,6.8,26,3.83,18,8,0,0,0,0,3,0.44,2,1,0,0,0,0,Matches
1963,Florian Sotoca,fr FRA,MFFW,Lens,fr Ligue 1,35-008,1990,0.3,0,0.00,0,0,0,0,0,0,0,0.00,0,0,0,0,0,0,Matches
1964,Riccardo Sottil,it ITA,FW,Lecce,it Serie A,26-152,1999,2.7,5,1.84,3,1,1,0,0,0,2,0.73,1,0,1,0,0,0,Matches
1965,Tomáš Souček,cz CZE,MF,West Ham,eng Premier League,30-248,1995,4.1,3,0.74,3,0,0,0,0,0,1,0.25,1,0,0,0,0,0,Matches
1966,Matìas Soulé,ar ARG,MFFW,Roma,it Serie A,22-201,2003,7.3,35,4.77,24,6,0,1,4,0,3,0.41,2,1,0,0,0,0,Matches
1967,Aboubaka Soumahoro,fr FRA,DF,Hamburger SV,de Bundesliga,20-271,2005,0.5,0,0.00,0,0,0,0,0,0,0,0.00,0,0,0,0,0,0,Matches
1968,Sambou Soumano,sn SEN,FW,Lorient,fr Ligue 1,24-303,2001,3.8,10,2.62,3,0,2,4,1,0,3,0.79,0,0,2,1,0,0,Matches
1969,Issa Soumaré,sn SEN,FWMF,Le Havre,fr Ligue 1,25-023,2000,10.0,32,3.20,18,0,1,1,10,2,3,0.30,2,0,0,0,1,0,Matches
1970,Vinicius Souza,br BRA,MF,Wolfsburg,de Bundesliga,26-138,1999,6.7,13,1.93,11,0,0,0,0,2,1,0.15,0,0,0,0,0,1,Matches
1971,Djibril Sow,ch SUI,MF,Sevilla,es La Liga,28-269,1997,5.4,11,2.03,7,3,0,0,1,0,2,0.37,1,0,0,0,1,0,Matches
1972,Djed Spence,eng ENG,DF,Tottenham,eng Premier League,25-085,2000,7.4,7,0.94,6,0,1,0,0,0,0,0.00,0,0,0,0,0,0,Matches
1973,Leonardo Spinazzola,it ITA,DFMF,Napoli,it Serie A,32-222,1993,5.9,22,3.70,18,0,3,1,0,0,3,0.50,2,0,1,0,0,0,Matches
1974,Anton Stach,de GER,MF,Leeds United,eng Premier League,26-352,1998,7.9,28,3.55,16,3,3,3,0,3,3,0.38,1,0,0,1,0,1,Matches
1975,Jens Stage,dk DEN,MF,Werder Bremen,de Bundesliga,28-359,1996,6.2,6,0.96,4,0,1,0,1,0,2,0.32,2,0,0,0,0,0,Matches
1976,Benjamin Stambouli,fr FRA,MF,Metz,fr Ligue 1,35-081,1990,5.9,11,1.86,11,0,0,0,0,0,0,0.00,0,0,0,0,0,0,Matches
1977,Nicolae Stanciu,ro ROU,MFFW,Genoa,it Serie A,32-179,1993,1.9,4,2.09,3,0,0,1,0,0,0,0.00,0,0,0,0,0,0,Matches
1978,Otto Stange,de GER,MF,Hamburger SV,de Bundesliga,18-266,2007,0.2,0,0.00,0,0,0,0,0,0,0,0.00,0,0,0,0,0,0,Matches
1979,Josip Stanišić,hr CRO,DF,Bayern Munich,de Bundesliga,25-214,2000,3.1,5,1.61,5,0,0,0,0,0,0,0.00,0,0,0,0,0,0,Matches
1980,Carl Starfelt,se SWE,DF,Celta Vigo,es La Liga,30-154,1995,1.9,0,0.00,0,0,0,0,0,0,0,0.00,0,0,0,0,0,0,Matches
1981,Niklas Stark,de GER,DF,Werder Bremen,de Bundesliga,30-202,1995,1.6,2,1.28,2,0,0,0,0,0,0,0.00,0,0,0,0,0,0,Matches
1982,Orri Steinn Óskarsson,is ISL,FW,Real Sociedad,es La Liga,21-065,2004,1.3,3,2.39,2,0,0,1,0,0,0,0.00,0,0,0,0,0,0,Matches
1983,Calvin Stengs,nl NED,MF,Pisa,it Serie A,26-319,1998,0.1,1,6.92,1,0,0,0,0,0,0,0.00,0,0,0,0,0,0,Matches
1984,Pascal Stenzel,de GER,DF,Stuttgart,de Bundesliga,29-227,1996,0.7,0,0.00,0,0,0,0,0,0,0,0.00,0,0,0,0,0,0,Matches
1985,Angelo Stiller,de GER,MF,Stuttgart,de Bundesliga,24-212,2001,7.6,38,4.98,27,9,1,1,0,0,5,0.66,3,1,0,1,0,0,Matches
1986,Kevin Stöger,at AUT,MF,Gladbach,de Bundesliga,32-067,1993,4.5,14,3.14,6,6,0,0,1,1,0,0.00,0,0,0,0,0,0,Matches
1987,John Stones,eng ENG,DF,Manchester City,eng Premier League,31-158,1994,3.6,3,0.83,3,0,0,0,0,0,0,0.00,0,0,0,0,0,0,Matches
1988,Jørgen Strand Larsen,no NOR,FW,Wolves,eng Premier League,25-269,2000,6.9,9,1.31,7,0,1,0,1,0,0,0.00,0,0,0,0,0,0,Matches
1989,Pascal Struijk,nl NED,DF,Leeds United,eng Premier League,26-083,1999,8.0,7,0.87,6,0,0,1,0,0,1,0.12,1,0,0,0,0,0,Matches
1990,Cristhian Stuani,uy URU,FW,Girona,es La Liga,39-021,1986,1.9,3,1.55,1,0,0,0,2,0,2,1.03,0,0,0,0,2,0,Matches
1991,Nikola Štulić,rs SRB,FW,Lecce,it Serie A,24-055,2001,5.5,13,2.36,10,0,2,0,1,0,0,0.00,0,0,0,0,0,0,Matches
1992,Denis Suárez,es ESP,MF,Alavés,es La Liga,31-300,1994,2.9,9,3.13,9,0,0,0,0,0,0,0.00,0,0,0,0,0,0,Matches
1993,Gabriel Suazo,cl CHI,DFMF,Sevilla,es La Liga,28-085,1997,8.3,22,2.64,14,7,0,0,0,1,2,0.24,1,1,0,0,0,0,Matches
1994,Luka Sučić,hr CRO,MF,Real Sociedad,es La Liga,23-055,2002,1.4,1,0.73,1,0,0,0,0,0,0,0.00,0,0,0,0,0,0,Matches
1995,Petar Sucic,hr CRO,MF,Inter,it Serie A,22-008,2003,4.4,14,3.17,12,0,1,0,1,0,3,0.68,2,0,1,0,0,0,Matches
1996,Yukinari Sugawara,jp JPN,DF,Werder Bremen,de Bundesliga,25-127,2000,7.8,14,1.80,11,1,1,1,0,0,2,0.26,2,0,0,0,0,0,Matches
1997,Pavel Šulc,cz CZE,FWMF,Lyon,fr Ligue 1,24-308,2000,4.5,18,4.02,11,0,2,4,0,1,2,0.45,1,0,0,1,0,0,Matches
1998,Niklas Süle,de GER,DF,Dortmund,de Bundesliga,30-060,1995,0.5,0,0.00,0,0,0,0,0,0,0,0.00,0,0,0,0,0,0,Matches
1999,Kamaldeen Sulemana,gh GHA,MF,Atalanta,it Serie A,23-260,2002,5.3,11,2.10,8,0,1,1,1,0,2,0.38,2,0,0,0,0,0,Matches
2000,Crysencio Summerville,nl NED,MFFW,West Ham,eng Premier League,24-003,2001,5.3,14,2.62,10,0,2,0,2,0,4,0.75,3,0,0,0,1,0,Matches
2001,Yuito Suzuki,jp JPN,MF,Freiburg,de Bundesliga,24-008,2001,2.3,7,3.01,6,0,0,1,0,0,1,0.43,1,0,0,0,0,0,Matches
2002,Zion Suzuki,jp JPN,GK,Parma,it Serie A,23-073,2002,9.0,5,0.56,3,2,0,0,0,0,0,0.00,0,0,0,0,0,0,Matches
2003,Mattias Svanberg,se SWE,MF,Wolfsburg,de Bundesliga,26-301,1999,3.5,6,1.71,5,0,0,0,1,0,0,0.00,0,0,0,0,0,0,Matches
2004,Daniel Svensson,se SWE,DFMF,Dortmund,de Bundesliga,23-263,2002,8.3,18,2.18,15,3,0,0,0,0,1,0.12,1,0,0,0,0,0,Matches
2005,Mile Svilar,rs SRB,GK,Roma,it Serie A,26-067,1999,9.0,3,0.33,2,1,0,0,0,0,0,0.00,0,0,0,0,0,0,Matches
2006,Williot Swedberg,se SWE,MFFW,Celta Vigo,es La Liga,21-274,2004,2.6,2,0.76,2,0,0,0,0,0,0,0.00,0,0,0,0,0,0,Matches
2007,Lamine Sy,mr MTN,DF,Auxerre,fr Ligue 1,23-084,2002,0.4,2,5.63,1,0,0,0,1,0,0,0.00,0,0,0,0,0,0,Matches
2008,Fodé Sylla,fr FRA,MF,Lens,fr Ligue 1,19-200,2006,0.7,1,1.43,1,0,0,0,0,0,0,0.00,0,0,0,0,0,0,Matches
2009,Wojciech Szczęsny,pl POL,GK,Barcelona,es La Liga,35-198,1990,4.0,0,0.00,0,0,0,0,0,0,0,0.00,0,0,0,0,0,0,Matches
2010,Dominik Szoboszlai,hu HUN,MFDF,Liverpool,eng Premier League,25-008,2000,10.0,45,4.50,34,7,1,1,1,1,6,0.60,5,0,0,0,0,1,Matches
2011,Alexander Sørloth,no NOR,FW,Atlético Madrid,es La Liga,29-332,1995,4.8,9,1.88,5,0,2,1,1,0,1,0.21,0,0,0,1,0,0,Matches
2012,Musa Al-Taamari,jo JOR,FWDF,Rennes,fr Ligue 1,28-145,1997,4.7,20,4.24,11,0,3,4,1,1,2,0.42,1,0,0,0,1,0,Matches
2013,Haris Tabakovic,ba BIH,FW,Gladbach,de Bundesliga,31-135,1994,5.3,5,0.94,3,0,0,2,0,0,1,0.19,1,0,0,0,0,0,Matches
2014,Nicolás Tagliafico,ar ARG,DF,Lyon,fr Ligue 1,33-063,1992,5.1,9,1.76,6,1,0,2,0,0,1,0.20,1,0,0,0,0,0,Matches
2015,Jonathan Tah,de GER,DF,Bayern Munich,de Bundesliga,29-264,1996,7.7,3,0.39,3,0,0,0,0,0,0,0.00,0,0,0,0,0,0,Matches
2016,Chemsdine Talbi,ma MAR,FWMF,Sunderland,eng Premier League,20-177,2005,6.2,11,1.78,8,0,0,3,0,0,2,0.32,1,0,0,1,0,0,Matches
2017,Montassar Talbi,tn TUN,DF,Lorient,fr Ligue 1,27-160,1998,10.0,5,0.50,4,0,0,1,0,0,1,0.10,1,0,0,0,0,0,Matches
2018,Adrien Tameze,cm CMR,DFMF,Torino,it Serie A,31-271,1994,4.7,7,1.49,6,0,0,0,1,0,0,0.00,0,0,0,0,0,0,Matches
2019,Ao Tanaka,jp JPN,MF,Leeds United,eng Premier League,27-053,1998,3.6,11,3.07,10,1,0,0,0,0,0,0.00,0,0,0,0,0,0,Matches
2020,Axel Tapé,fr FRA,DF,Leverkusen,de Bundesliga,18-084,2007,1.8,5,2.76,2,0,2,1,0,0,1,0.55,1,0,0,0,0,0,Matches
2021,Edmond Tapsoba,bf BFA,DF,Leverkusen,de Bundesliga,26-273,1999,9.0,10,1.11,8,1,0,0,0,1,1,0.11,0,1,0,0,0,0,Matches
2022,James Tarkowski,eng ENG,DF,Everton,eng Premier League,32-348,1992,9.0,9,1.00,9,0,0,0,0,0,0,0.00,0,0,0,0,0,0,Matches
2023,César Tárrega,es ESP,DF,Valencia,es La Liga,23-249,2002,11.0,8,0.73,4,0,1,2,0,1,0,0.00,0,0,0,0,0,0,Matches
2024,Tylel Tati,fr FRA,DF,Nantes,fr Ligue 1,17-287,2008,8.7,9,1.03,8,0,0,0,0,1,0,0.00,0,0,0,0,0,0,Matches
2025,Nuno Tavares,pt POR,DF,Lazio,it Serie A,25-280,2000,5.1,17,3.32,10,4,1,0,2,0,0,0.00,0,0,0,0,0,0,Matches
2026,Marcus Tavernier,eng ENG,MFFW,Bournemouth,eng Premier League,26-225,1999,7.5,25,3.33,23,0,1,0,1,0,2,0.27,2,0,0,0,0,0,Matches
2027,Loum Tchaouna,fr FRA,MF,Burnley,eng Premier League,22-055,2003,4.2,5,1.20,2,0,0,3,0,0,2,0.48,0,0,0,2,0,0,Matches
2028,Jackson Tchatchoua,cm CMR,DFMF,Wolves,eng Premier League,24-049,2001,4.8,7,1.46,6,0,1,0,0,0,0,0.00,0,0,0,0,0,0,Matches
2029,Aurélien Tchouaméni,fr FRA,MF,Real Madrid,es La Liga,25-279,2000,9.7,9,0.93,7,0,0,1,0,1,0,0.00,0,0,0,0,0,0,Matches
2030,Mathys Tel,fr FRA,FW,Tottenham,eng Premier League,20-189,2005,2.7,4,1.51,4,0,0,0,0,0,2,0.76,2,0,0,0,0,0,Matches
2031,Nathan Tella,ng NGA,MFFW,Leverkusen,de Bundesliga,26-120,1999,2.8,15,5.38,8,0,4,1,2,0,4,1.43,1,0,1,0,2,0,Matches
2032,Nahuel Tenaglia,ar ARG,DF,Alavés,es La Liga,29-254,1996,9.0,7,0.78,4,0,1,1,1,0,2,0.22,0,0,0,1,1,0,Matches
2033,Arnau Tenas,es ESP,GK,Villarreal,es La Liga,24-156,2001,3.0,0,0.00,0,0,0,0,0,0,0,0.00,0,0,0,0,0,0,Matches
2034,Filippo Terracciano,it ITA,DF,Cremonese,it Serie A,22-267,2003,8.9,6,0.68,5,1,0,0,0,0,0,0.00,0,0,0,0,0,0,Matches
2035,Pietro Terracciano,it ITA,GK,Milan,it Serie A,35-239,1990,1.4,0,0.00,0,0,0,0,0,0,0,0.00,0,0,0,0,0,0,Matches
2036,Ramón Terrats,es ESP,MF,Espanyol,es La Liga,25-015,2000,1.1,2,1.87,1,0,0,0,1,0,0,0.00,0,0,0,0,0,0,Matches
2037,Martin Terrier,fr FRA,MFFW,Leverkusen,de Bundesliga,28-243,1997,0.5,2,3.83,1,0,1,0,0,0,0,0.00,0,0,0,0,0,0,Matches
2038,Tanner Tessmann,us USA,MF,Lyon,fr Ligue 1,24-039,2001,8.4,13,1.55,11,0,1,1,0,0,2,0.24,1,0,0,1,0,0,Matches
2039,Kenny Tete,nl NED,DF,Fulham,eng Premier League,30-024,1995,7.0,7,1.00,5,0,0,1,0,1,0,0.00,0,0,0,0,0,0,Matches
2040,Jordan Teze,nl NED,MFDF,Monaco,fr Ligue 1,26-033,1999,8.9,21,2.35,10,9,0,1,0,1,2,0.22,2,0,0,0,0,0,Matches
2041,Florian Thauvin,fr FRA,MF,Lens,fr Ligue 1,32-280,1993,8.4,28,3.34,17,8,1,2,0,0,2,0.24,1,0,0,1,0,0,Matches
2042,Arthur Theate,be BEL,DF,Eint Frankfurt,de Bundesliga,25-161,2000,9.0,15,1.67,13,1,0,1,0,0,2,0.22,2,0,0,0,0,0,Matches
2043,Thiago,br BRA,FW,Brentford,eng Premier League,24-129,2001,9.2,18,1.95,14,0,0,4,0,0,2,0.22,2,0,0,0,0,0,Matches
2044,Malick Thiaw,de GER,DF,Newcastle Utd,eng Premier League,24-086,2001,5.0,3,0.60,2,0,0,1,0,0,0,0.00,0,0,0,0,0,0,Matches
2045,Jan Thielmann,de GER,FWMF,Köln,de Bundesliga,23-160,2002,4.9,17,3.45,13,1,0,1,2,0,4,0.81,3,0,0,1,0,0,Matches
2046,Adrien Thomasson,fr FRA,MF,Lens,fr Ligue 1,31-327,1993,10.0,49,4.90,30,15,1,1,2,0,7,0.70,5,2,0,0,0,0,Matches
2047,Morten Thorsby,no NOR,MFFW,Genoa,it Serie A,29-181,1996,1.6,3,1.84,3,0,0,0,0,0,1,0.61,1,0,0,0,0,0,Matches
2048,Kristian Thorstvedt,no NOR,MF,Sassuolo,it Serie A,26-234,1999,3.6,10,2.81,9,0,0,0,1,0,1,0.28,1,0,0,0,0,0,Matches
2049,Khéphren Thuram,fr FRA,MF,Juventus,it Serie A,24-221,2001,6.6,16,2.41,13,0,0,2,1,0,2,0.30,2,0,0,0,0,0,Matches
2050,Marcus Thuram,fr FRA,FW,Inter,it Serie A,28-088,1997,4.1,16,3.87,11,0,3,2,0,0,1,0.24,0,0,0,1,0,0,Matches
2051,Cheikh Tidiane Sabaly,sn SEN,MFFW,Metz,fr Ligue 1,26-243,1999,6.9,11,1.60,7,0,2,2,0,0,1,0.15,1,0,0,0,0,0,Matches
2052,Youri Tielemans,be BEL,MF,Aston Villa,eng Premier League,28-179,1997,3.5,8,2.29,7,1,0,0,0,0,0,0.00,0,0,0,0,0,0,Matches
2053,Phillip Tietz,de GER,FWMF,Augsburg,de Bundesliga,28-116,1997,2.0,6,3.05,6,0,0,0,0,0,0,0.00,0,0,0,0,0,0,Matches
2054,Malik Tillman,us USA,MF,Leverkusen,de Bundesliga,23-158,2002,4.2,11,2.64,7,1,1,0,2,0,1,0.24,0,0,0,0,1,0,Matches
2055,Jurriën Timber,nl NED,DF,Arsenal,eng Premier League,24-138,2001,8.8,28,3.18,20,1,1,4,2,0,3,0.34,1,0,0,1,1,0,Matches
2056,Jean-Clair Todibo,fr FRA,DF,West Ham,eng Premier League,25-307,1999,3.4,2,0.59,2,0,0,0,0,0,0,0.00,0,0,0,0,0,0,Matches
2057,Umut Tohumcu,de GER,MF,Hoffenheim,de Bundesliga,21-083,2004,1.3,2,1.53,2,0,0,0,0,0,1,0.76,1,0,0,0,0,0,Matches
2058,Corentin Tolisso,fr FRA,MFFW,Lyon,fr Ligue 1,31-091,1994,9.5,24,2.54,20,0,0,1,3,0,0,0.00,0,0,0,0,0,0,Matches
2059,Jeremy Toljan,de GER,DF,Levante,es La Liga,31-086,1994,9.5,16,1.69,13,0,0,1,1,1,2,0.21,2,0,0,0,0,0,Matches
2060,Tiago Tomás,pt POR,FWMF,Stuttgart,de Bundesliga,23-139,2002,4.8,12,2.50,10,0,1,0,1,0,0,0.00,0,0,0,0,0,0,Matches
2061,Fikayo Tomori,eng ENG,DF,Milan,it Serie A,27-318,1997,7.6,5,0.66,5,0,0,0,0,0,0,0.00,0,0,0,0,0,0,Matches
2062,Sandro Tonali,it ITA,MF,Newcastle Utd,eng Premier League,25-178,2000,7.8,24,3.07,15,5,0,2,2,0,3,0.38,2,0,0,0,1,0,Matches
2063,Keke Topp,de GER,FW,Werder Bremen,de Bundesliga,21-222,2004,0.9,5,5.36,4,0,1,0,0,0,3,3.21,2,0,1,0,0,0,Matches
2064,Pablo Torre,es ESP,MFFW,Mallorca,es La Liga,22-213,2003,5.7,23,4.03,12,8,0,1,1,1,3,0.53,1,1,0,0,1,0,Matches
2065,Jofre Torrents,es ESP,DF,Barcelona,es La Liga,18-278,2007,0.4,2,4.50,2,0,0,0,0,0,0,0.00,0,0,0,0,0,0,Matches
2066,Ferrán Torres,es ESP,FW,Barcelona,es La Liga,25-246,2000,6.7,17,2.53,13,0,0,2,1,1,3,0.45,1,0,0,1,0,1,Matches
2067,Pau Torres,es ESP,DF,Aston Villa,eng Premier League,28-290,1997,5.7,5,0.88,5,0,0,0,0,0,0,0.00,0,0,0,0,0,0,Matches
2068,Lucas Torró,es ESP,MF,Osasuna,es La Liga,31-106,1994,8.6,5,0.58,5,0,0,0,0,0,1,0.12,1,0,0,0,0,0,Matches
2069,Jordan Torunarigha,de GER,DF,Hamburger SV,de Bundesliga,28-087,1997,2.0,0,0.00,0,0,0,0,0,0,0,0.00,0,0,0,0,0,0,Matches
2070,Abdoulaye Touré,gn GUI,MF,Le Havre,fr Ligue 1,31-244,1994,5.6,6,1.07,5,0,0,1,0,0,0,0.00,0,0,0,0,0,0,Matches
2071,Alpha Touré,sn SEN,MFDF,Metz,fr Ligue 1,19-281,2006,4.9,8,1.62,7,0,0,0,0,1,0,0.00,0,0,0,0,0,0,Matches
2072,Bazoumana Touré,ci CIV,FWMF,Hoffenheim,de Bundesliga,19-245,2006,7.4,25,3.37,16,1,3,0,5,0,5,0.67,3,0,0,0,2,0,Matches
2073,Idrissa Touré,de GER,DF,Pisa,it Serie A,27-187,1998,6.4,12,1.88,10,0,1,1,0,0,0,0.00,0,0,0,0,0,0,Matches
2074,Ousmane Toure,fr FRA,DF,Lille,fr Ligue 1,20-257,2005,0.6,1,1.76,1,0,0,0,0,0,0,0.00,0,0,0,0,0,0,Matches
2075,Lucas Tousart,fr FRA,MF,Brest,fr Ligue 1,28-187,1997,1.4,1,0.73,1,0,0,0,0,0,0,0.00,0,0,0,0,0,0,Matches
2076,James Trafford,eng ENG,GK,Manchester City,eng Premier League,23-023,2002,3.0,0,0.00,0,0,0,0,0,0,0,0.00,0,0,0,0,0,0,Matches
2077,Mattéo Tramoni,fr FRA,MFFW,Pisa,it Serie A,25-286,2000,5.6,14,2.51,9,3,0,0,1,1,0,0.00,0,0,0,0,0,0,Matches
2078,Adama Traoré,es ESP,FW,Fulham,eng Premier League,29-281,1996,2.6,5,1.92,4,0,1,0,0,0,0,0.00,0,0,0,0,0,0,Matches
2079,Bertrand Traoré,bf BFA,FWMF,Sunderland,eng Premier League,30-057,1995,2.4,4,1.67,3,0,0,1,0,0,1,0.42,0,0,0,1,0,0,Matches
2080,Boubacar Traoré,ml MLI,MF,Metz,fr Ligue 1,24-074,2001,6.7,5,0.75,3,0,0,1,0,1,1,0.15,1,0,0,0,0,0,Matches
2081,Hamari Traoré,ml MLI,DF,Paris FC,fr Ligue 1,33-279,1992,4.0,4,1.00,3,0,0,0,0,1,0,0.00,0,0,0,0,0,0,Matches
2082,Omar Traoré,de GER,DF,Heidenheim,de Bundesliga,27-271,1998,6.7,14,2.10,10,1,1,1,1,0,2,0.30,1,0,0,1,0,0,Matches
2083,Kevin Trapp,de GER,GK,Paris FC,fr Ligue 1,35-117,1990,2.0,0,0.00,0,0,0,0,0,0,0,0.00,0,0,0,0,0,0,Matches
2084,Óscar Trejo,ar ARG,MF,Rayo Vallecano,es La Liga,37-190,1988,0.5,3,6.14,3,0,0,0,0,0,0,0.00,0,0,0,0,0,0,Matches
2085,Philipp Treu,de GER,DFFW,Freiburg,de Bundesliga,24-334,2000,3.9,3,0.77,3,0,0,0,0,0,0,0.00,0,0,0,0,0,0,Matches
2086,Christopher Trimmel,at AUT,DF,Union Berlin,de Bundesliga,38-251,1987,6.8,30,4.40,5,23,0,1,1,0,1,0.15,0,1,0,0,0,0,Matches
2087,Kieran Trippier,eng ENG,DF,Newcastle Utd,eng Premier League,35-044,1990,6.8,27,3.98,14,13,0,0,0,0,0,0.00,0,0,0,0,0,0,Matches
2088,Mariano Troilo,ar ARG,MF,Parma,it Serie A,22-133,2003,0.0,0,0.00,0,0,0,0,0,0,0,0.00,0,0,0,0,0,0,Matches
2089,Leandro Trossard,be BEL,FW,Arsenal,eng Premier League,30-333,1994,6.1,16,2.60,13,0,2,1,0,0,2,0.33,2,0,0,0,0,0,Matches
2090,Adrien Truffert,fr FRA,DF,Bournemouth,eng Premier League,23-347,2001,9.0,14,1.56,12,0,1,0,1,0,2,0.22,2,0,0,0,0,0,Matches
2091,Kostas Tsimikas,gr GRE,DF,Roma,it Serie A,29-174,1996,1.7,0,0.00,0,0,0,0,0,0,0,0.00,0,0,0,0,0,0,Matches
2092,Heorhii Tsitaishvili,ge GEO,DFFW,Metz,fr Ligue 1,24-349,2000,5.9,19,3.22,11,3,5,0,0,0,2,0.34,2,0,0,0,0,0,Matches
2093,Viktor Tsyhankov,ua UKR,MFFW,Girona,es La Liga,27-352,1997,3.5,8,2.32,4,2,1,0,1,0,2,0.58,1,0,1,0,0,0,Matches
2094,Axel Tuanzebe,cd COD,DF,Burnley,eng Premier League,27-353,1997,4.0,3,0.75,3,0,0,0,0,0,0,0.00,0,0,0,0,0,0,Matches
2095,Stefano Turati,it ITA,GK,Sassuolo,it Serie A,24-058,2001,1.0,0,0.00,0,0,0,0,0,0,0,0.00,0,0,0,0,0,0,Matches
2096,Beñat Turrientes,es ESP,MF,Real Sociedad,es La Liga,23-275,2002,2.9,8,2.75,5,0,1,1,0,1,0,0.00,0,0,0,0,0,0,Matches
2097,Stefanos Tzimas,gr GRE,MFFW,Brighton,eng Premier League,19-300,2006,0.9,6,6.43,3,1,0,2,0,0,1,1.07,0,0,0,1,0,0,Matches
2098,Christantus Uche,ng NGA,MF,Crystal Palace,eng Premier League,22-167,2003,0.1,1,9.00,0,0,0,1,0,0,0,0.00,0,0,0,0,0,0,Matches
2099,Christantus Uche,ng NGA,FW,Getafe,es La Liga,22-167,2003,3.0,8,2.67,5,0,1,0,2,0,2,0.67,1,0,1,0,0,0,Matches
2100,Destiny Udogie,it ITA,DF,Tottenham,eng Premier League,22-339,2002,3.6,6,1.68,5,0,0,0,1,0,0,0.00,0,0,0,0,0,0,Matches
2101,Matthieu Udol,fr FRA,DF,Lens,fr Ligue 1,29-227,1996,9.9,24,2.43,17,0,0,3,2,2,1,0.10,0,0,0,1,0,0,Matches
2102,Manuel Ugarte,uy URU,MF,Manchester Utd,eng Premier League,24-205,2001,3.2,3,0.95,2,0,0,0,0,1,0,0.00,0,0,0,0,0,0,Matches
2103,Lesley Ugochukwu,fr FRA,MF,Burnley,eng Premier League,21-221,2004,5.8,6,1.04,3,0,1,0,1,1,0,0.00,0,0,0,0,0,0,Matches
2104,Filip Ugrinic,ch SUI,MF,Valencia,es La Liga,26-301,1999,1.0,2,1.94,1,1,0,0,0,0,1,0.97,0,1,0,0,0,0,Matches
2105,Lukas Ullrich,de GER,DF,Gladbach,de Bundesliga,21-231,2004,5.9,13,2.20,12,0,0,0,0,1,1,0.17,1,0,0,0,0,0,Matches
2106,Enes Ünal,tr TUR,FW,Bournemouth,eng Premier League,28-176,1997,0.0,0,0.00,0,0,0,0,0,0,0,0.00,0,0,0,0,0,0,Matches
2107,Deniz Undav,de GER,FWMF,Stuttgart,de Bundesliga,29-106,1996,3.3,11,3.38,8,1,0,2,0,0,0,0.00,0,0,0,0,0,0,Matches
2108,Dayot Upamecano,fr FRA,DF,Bayern Munich,de Bundesliga,27-006,1998,6.2,7,1.12,6,0,0,1,0,0,1,0.16,1,0,0,0,0,0,Matches
2109,Jan Urbich,de GER,FW,Gladbach,de Bundesliga,21-132,2004,0.4,1,2.31,1,0,0,0,0,0,0,0.00,0,0,0,0,0,0,Matches
2110,Jonas Urbig,de GER,GK,Bayern Munich,de Bundesliga,22-086,2003,1.0,0,0.00,0,0,0,0,0,0,0,0.00,0,0,0,0,0,0,Matches
2111,Can Uzun,tr TUR,MF,Eint Frankfurt,de Bundesliga,19-356,2005,6.5,23,3.53,18,2,2,0,1,0,5,0.77,5,0,0,0,0,0,Matches
2112,Josha Vagnoman,de GER,DF,Stuttgart,de Bundesliga,24-326,2000,5.9,17,2.88,13,1,0,0,3,0,1,0.17,1,0,0,0,0,0,Matches
2113,Lautaro Valenti,ar ARG,DF,Parma,it Serie A,26-292,1999,4.5,5,1.10,2,3,0,0,0,0,1,0.22,0,1,0,0,0,0,Matches
2114,Óscar Valentín,es ESP,MF,Rayo Vallecano,es La Liga,31-074,1994,6.2,6,0.97,6,0,0,0,0,0,1,0.16,1,0,0,0,0,0,Matches
2115,Nicolás Valentini,ar ARG,DF,Hellas Verona,it Serie A,24-210,2001,2.7,2,0.73,2,0,0,0,0,0,0,0.00,0,0,0,0,0,0,Matches
2116,Germán Valera,es ESP,FWDF,Elche,es La Liga,23-231,2002,7.6,26,3.41,18,5,1,0,2,0,3,0.39,2,0,1,0,0,0,Matches
2117,Emanuele Valeri,it ITA,DF,Parma,it Serie A,26-330,1998,5.3,18,3.41,7,8,1,0,1,1,1,0.19,0,1,0,0,0,0,Matches
2118,Martin Valjent,sk SVK,DF,Mallorca,es La Liga,29-326,1995,10.0,9,0.90,9,0,0,0,0,0,1,0.10,1,0,0,0,0,0,Matches
2119,Álex Valle,es ESP,DF,Como,it Serie A,21-191,2004,7.4,15,2.03,12,1,0,0,1,1,3,0.41,2,0,0,0,1,0,Matches
2120,Álvaro Vallés,es ESP,GK,Betis,es La Liga,28-100,1997,3.0,1,0.33,1,0,0,0,0,0,0,0.00,0,0,0,0,0,0,Matches
2121,Federico Valverde,uy URU,MFDF,Real Madrid,es La Liga,27-103,1998,10.1,30,2.98,27,2,0,1,0,0,4,0.40,4,0,0,0,0,0,Matches
2122,Ignace Van Der Brempt,be BEL,DF,Como,it Serie A,23-215,2002,1.1,1,0.94,0,0,0,0,1,0,0,0.00,0,0,0,0,0,0,Matches
2123,Virgil van Dijk,nl NED,DF,Liverpool,eng Premier League,34-117,1991,10.0,11,1.10,11,0,0,0,0,0,1,0.10,1,0,0,0,0,0,Matches
2124,Vladyslav Vanat,ua UKR,FW,Girona,es La Liga,23-302,2002,6.2,8,1.28,5,0,2,1,0,0,1,0.16,0,0,0,1,0,0,Matches
2125,Jari Vandeputte,be BEL,MF,Cremonese,it Serie A,29-261,1996,7.2,30,4.19,16,10,1,0,2,1,8,1.12,3,4,0,0,1,0,Matches
2126,Vanderson,br BRA,DF,Monaco,fr Ligue 1,24-134,2001,2.0,5,2.50,5,0,0,0,0,0,2,1.00,2,0,0,0,0,0,Matches
2127,Charles Vanhoutte,be BEL,MF,Nice,fr Ligue 1,27-047,1998,7.0,9,1.29,8,0,0,0,0,1,3,0.43,3,0,0,0,0,0,Matches
2128,Jamie Vardy,eng ENG,FW,Cremonese,it Serie A,38-295,1987,4.7,7,1.48,5,0,0,0,2,0,1,0.21,1,0,0,0,0,0,Matches
2129,Ruben Vargas,ch SUI,FWMF,Sevilla,es La Liga,27-089,1998,8.0,28,3.48,21,5,1,1,0,0,4,0.50,3,1,0,0,0,0,Matches
2130,Nikola Vasilj,ba BIH,GK,St. Pauli,de Bundesliga,29-335,1995,9.0,0,0.00,0,0,0,0,0,0,0,0.00,0,0,0,0,0,0,Matches
2131,Johan Vásquez,mx MEX,DF,Genoa,it Serie A,27-011,1998,9.0,11,1.22,9,0,0,1,1,0,0,0.00,0,0,0,0,0,0,Matches
2132,José Luis García Vayá,es ESP,MF,Valencia,es La Liga,27-083,1998,7.0,11,1.58,6,4,0,1,0,0,1,0.14,1,0,0,0,0,0,Matches
2133,Robinio Vaz,fr FRA,FWMF,Marseille,fr Ligue 1,18-258,2007,3.1,13,4.13,6,0,1,1,5,0,5,1.59,3,0,1,1,0,0,Matches
2134,Franco Vázquez,ar ARG,FWMF,Cremonese,it Serie A,36-253,1989,3.7,6,1.63,3,1,0,0,2,0,0,0.00,0,0,0,0,0,0,Matches
2135,Jesus Vazquez,es ESP,DFMF,Valencia,es La Liga,22-304,2003,4.0,8,2.01,7,0,1,0,0,0,0,0.00,0,0,0,0,0,0,Matches
2136,Lucas Vázquez,es ESP,DF,Leverkusen,de Bundesliga,34-124,1991,2.6,8,3.10,5,0,0,0,2,1,2,0.78,1,0,0,0,1,0,Matches
2137,Matías Vecino,uy URU,MF,Lazio,it Serie A,34-070,1991,0.8,2,2.50,2,0,0,0,0,0,0,0.00,0,0,0,0,0,0,Matches
2138,Danilo Veiga,pt POR,DF,Lecce,it Serie A,23-038,2002,6.5,9,1.39,7,0,1,0,1,0,1,0.15,1,0,0,0,0,0,Matches
2139,Renato Veiga,pt POR,DF,Villarreal,es La Liga,22-096,2003,7.8,2,0.26,2,0,0,0,0,0,0,0.00,0,0,0,0,0,0,Matches
2140,Joël Veltman,nl NED,DF,Brighton,eng Premier League,33-291,1992,3.6,3,0.83,3,0,0,0,0,0,0,0.00,0,0,0,0,0,0,Matches
2141,Micky van de Ven,nl NED,DF,Tottenham,eng Premier League,24-197,2001,9.9,5,0.51,5,0,0,0,0,0,0,0.00,0,0,0,0,0,0,Matches
2142,Unai Vencedor Paris,es ESP,MF,Levante,es La Liga,24-352,2000,4.5,9,2.00,6,3,0,0,0,0,0,0.00,0,0,0,0,0,0,Matches
2143,Lorenzo Venturino,it ITA,FWMF,Genoa,it Serie A,19-133,2006,0.4,2,4.50,2,0,0,0,0,0,0,0.00,0,0,0,0,0,0,Matches
2144,Nikolas Veratschnig,at AUT,DFMF,Mainz 05,de Bundesliga,22-282,2003,1.7,6,3.51,3,0,1,0,2,0,0,0.00,0,0,0,0,0,0,Matches
2145,Bart Verbruggen,nl NED,GK,Brighton,eng Premier League,23-076,2002,10.0,1,0.10,1,0,0,0,0,0,0,0.00,0,0,0,0,0,0,Matches
2146,Calvin Verdonk,id IDN,DF,Lille,fr Ligue 1,28-190,1997,1.9,6,3.14,5,1,0,0,0,0,0,0.00,0,0,0,0,0,0,Matches
2147,Antonio Vergara,it ITA,MF,Napoli,it Serie A,22-290,2003,0.0,0,0.00,0,0,0,0,0,0,0,0.00,0,0,0,0,0,0,Matches
2148,Arthur Vermeeren,be BEL,MFFW,Marseille,fr Ligue 1,20-268,2005,2.0,4,1.98,4,0,0,0,0,0,1,0.49,1,0,0,0,0,0,Matches
2149,Jozhua Vertrouwd,nl NED,DF,Rayo Vallecano,es La Liga,21-073,2004,2.1,1,0.47,0,1,0,0,0,0,0,0.00,0,0,0,0,0,0,Matches
2150,Mikel Vesga,es ESP,MF,Athletic Club,es La Liga,32-165,1993,2.1,4,1.96,4,0,0,0,0,0,0,0.00,0,0,0,0,0,0,Matches
2151,Guglielmo Vicario,it ITA,GK,Tottenham,eng Premier League,29-026,1996,10.0,1,0.10,1,0,0,0,0,0,0,0.00,0,0,0,0,0,0,Matches
2152,Carlos Vicente,es ESP,MFFW,Alavés,es La Liga,26-193,1999,7.5,17,2.27,10,5,0,0,2,0,2,0.27,1,0,0,0,1,0,Matches
2153,Nacho Vidal,es ESP,DF,Oviedo,es La Liga,30-282,1995,5.9,4,0.68,3,0,0,1,0,0,1,0.17,0,0,0,1,0,0,Matches
2154,Fabio Vieira,pt POR,MF,Hamburger SV,de Bundesliga,25-156,2000,3.0,18,6.02,12,3,1,1,1,0,1,0.33,1,0,0,0,0,0,Matches
2155,Julián Vignolo,ar ARG,FW,Toulouse,fr Ligue 1,18-330,2006,0.1,0,0.00,0,0,0,0,0,0,0,0.00,0,0,0,0,0,0,Matches
2156,Federico Viñas,uy URU,FW,Oviedo,es La Liga,27-125,1998,3.6,8,2.20,4,0,0,2,1,1,1,0.28,0,0,0,1,0,0,Matches
2157,Jan Virgili,es ESP,FWMF,Mallorca,es La Liga,19-099,2006,2.6,18,7.04,10,1,6,1,0,0,3,1.17,2,0,0,1,0,0,Matches
2158,Mattia Viti,it ITA,DF,Fiorentina,it Serie A,23-282,2002,1.6,1,0.62,1,0,0,0,0,0,0,0.00,0,0,0,0,0,0,Matches
2159,Martin Vitík,cz CZE,DF,Bologna,it Serie A,22-285,2003,4.0,5,1.25,3,0,0,1,0,1,0,0.00,0,0,0,0,0,0,Matches
2160,Vitinha,pt POR,FWMF,Genoa,it Serie A,25-232,2000,3.6,18,4.97,7,3,0,3,3,2,0,0.00,0,0,0,0,0,0,Matches
2161,Vitinha,pt POR,MF,Paris S-G,fr Ligue 1,25-262,2000,7.7,38,4.91,34,2,0,0,1,1,6,0.77,5,0,0,0,0,1,Matches
2162,Daniel Vivian,es ESP,DF,Athletic Club,es La Liga,26-110,1999,9.7,6,0.62,4,0,0,2,0,0,1,0.10,0,0,0,1,0,0,Matches
2163,Odysseas Vlachodimos,gr GRE,GK,Sevilla,es La Liga,31-190,1994,7.0,1,0.14,1,0,0,0,0,0,0,0.00,0,0,0,0,0,0,Matches
2164,Dušan Vlahović,rs SRB,FW,Juventus,it Serie A,25-278,2000,5.5,18,3.25,12,0,1,2,3,0,3,0.54,2,0,0,0,1,0,Matches
2165,Nikola Vlašić,hr CRO,MFFW,Torino,it Serie A,28-029,1997,7.0,24,3.43,22,0,2,0,0,0,0,0.00,0,0,0,0,0,0,Matches
2166,Mërgim Vojvoda,xk KVX,FWDF,Como,it Serie A,30-274,1995,5.5,16,2.90,11,1,1,3,0,0,0,0.00,0,0,0,0,0,0,Matches
2167,Cristian Volpato,it ITA,FWMF,Sassuolo,it Serie A,21-352,2003,3.0,14,4.72,11,1,2,0,0,0,3,1.01,3,0,0,0,0,0,Matches
2168,Alexis Vossah,fr FRA,MF,Toulouse,fr Ligue 1,17-236,2008,1.2,1,0.83,0,1,0,0,0,0,1,0.83,0,1,0,0,0,0,Matches
2169,Aster Vranckx,be BEL,MF,Sassuolo,it Serie A,23-029,2002,4.6,3,0.65,2,0,0,0,1,0,0,0.00,0,0,0,0,0,0,Matches
2170,Stefan de Vrij,nl NED,DF,Inter,it Serie A,33-270,1992,2.0,3,1.50,3,0,0,0,0,0,1,0.50,1,0,0,0,0,0,Matches
2171,İsak Vural,tr TUR,MF,Pisa,it Serie A,19-158,2006,1.2,2,1.71,0,0,0,0,2,0,0,0.00,0,0,0,0,0,0,Matches
2172,Luka Vušković,hr CRO,DF,Hamburger SV,de Bundesliga,18-251,2007,6.0,9,1.50,8,0,0,0,1,0,0,0.00,0,0,0,0,0,0,Matches
2173,Yannik Wagner,de GER,MF,Heidenheim,de Bundesliga,18-177,2007,0.3,4,15.00,1,2,0,1,0,0,0,0.00,0,0,0,0,0,0,Matches
2174,Elye Wahi,fr FRA,FW,Eint Frankfurt,de Bundesliga,22-304,2003,3.3,8,2.41,7,0,0,0,1,0,2,0.60,2,0,0,0,0,0,Matches
2175,Hauke Wahl,de GER,DF,St. Pauli,de Bundesliga,31-201,1994,8.0,9,1.13,8,0,0,0,0,1,0,0.00,0,0,0,0,0,0,Matches
2176,Luca Waldschmidt,de GER,FWMF,Köln,de Bundesliga,29-167,1996,2.0,8,3.91,6,1,0,1,0,0,1,0.49,1,0,0,0,0,0,Matches
2177,Kyle Walker,eng ENG,DF,Burnley,eng Premier League,35-158,1990,10.0,11,1.10,6,4,0,1,0,0,3,0.30,2,0,0,1,0,0,Matches
2178,Kyle Walker-Peters,eng ENG,DF,West Ham,eng Premier League,28-203,1997,5.0,7,1.40,6,0,1,0,0,0,2,0.40,2,0,0,0,0,0,Matches
2179,Sebastian Walukiewicz,pl POL,DF,Sassuolo,it Serie A,25-211,2000,7.4,9,1.22,8,1,0,0,0,0,0,0.00,0,0,0,0,0,0,Matches
2180,Aaron Wan-Bissaka,cd COD,DF,West Ham,eng Premier League,27-341,1997,4.2,8,1.89,7,1,0,0,0,0,0,0.00,0,0,0,0,0,0,Matches
2181,James Ward-Prowse,eng ENG,MF,West Ham,eng Premier League,31-001,1994,4.6,19,4.14,8,9,0,1,1,0,0,0.00,0,0,0,0,0,0,Matches
2182,Ollie Watkins,eng ENG,FW,Aston Villa,eng Premier League,29-307,1995,8.7,13,1.49,9,0,0,2,2,0,0,0.00,0,0,0,0,0,0,Matches
2183,Tom Watson,eng ENG,FW,Brighton,eng Premier League,19-208,2006,0.5,1,2.14,1,0,0,0,0,0,1,2.14,1,0,0,0,0,0,Matches
2184,Timothy Weah,us USA,DFFW,Marseille,fr Ligue 1,25-253,2000,5.8,14,2.42,11,0,1,1,0,1,1,0.17,1,0,0,0,0,0,Matches
2185,Tobias Weigel,de GER,FW,Heidenheim,de Bundesliga,18-190,2007,0.0,1,45.00,1,0,0,0,0,0,0,0.00,0,0,0,0,0,0,Matches
2186,Nelson Weiper,de GER,FW,Mainz 05,de Bundesliga,20-230,2005,3.4,5,1.47,4,0,0,1,0,0,0,0.00,0,0,0,0,0,0,Matches
2187,Danny Welbeck,eng ENG,FW,Brighton,eng Premier League,34-341,1990,7.0,15,2.15,12,0,2,0,0,1,0,0.00,0,0,0,0,0,0,Matches
2188,Timo Werner,de GER,FW,RB Leipzig,de Bundesliga,29-241,1996,0.0,0,0.00,0,0,0,0,0,0,0,0.00,0,0,0,0,0,0,Matches
2189,Wesley,br BRA,DFMF,Roma,it Serie A,22-057,2003,7.4,21,2.83,17,1,0,2,0,1,1,0.13,1,0,0,0,0,0,Matches
2190,Adam Wharton,eng ENG,MF,Crystal Palace,eng Premier League,21-269,2004,7.0,23,3.29,12,8,2,0,0,1,1,0.14,1,0,0,0,0,0,Matches
2191,Ben White,eng ENG,DF,Arsenal,eng Premier League,28-025,1997,0.8,2,2.57,2,0,0,0,0,0,0,0.00,0,0,0,0,0,0,Matches
2192,Silvan Widmer,ch SUI,DF,Mainz 05,de Bundesliga,32-242,1993,3.3,9,2.72,4,3,0,2,0,0,1,0.30,0,0,0,1,0,0,Matches
2193,Mats Wieffer,nl NED,DF,Brighton,eng Premier League,25-351,1999,6.1,13,2.12,11,0,1,1,0,0,3,0.49,2,0,0,1,0,0,Matches
2194,Iñaki Williams,gh GHA,FW,Athletic Club,es La Liga,31-140,1994,7.5,17,2.28,15,0,0,1,1,0,2,0.27,1,0,0,0,1,0,Matches
2195,Neco Williams,wls WAL,DFMF,Nott'ham Forest,eng Premier League,24-203,2001,10.0,17,1.70,14,1,0,1,1,0,1,0.10,1,0,0,0,0,0,Matches
2196,Nico Williams,es ESP,FW,Athletic Club,es La Liga,23-113,2002,5.2,20,3.88,14,1,4,0,1,0,3,0.58,1,0,1,0,1,0,Matches
2197,Estêvão Willian,br BRA,FW,Chelsea,eng Premier League,18-192,2007,3.5,16,4.56,9,0,6,1,0,0,3,0.85,1,0,1,1,0,0,Matches
2198,Joe Willock,eng ENG,MF,Newcastle Utd,eng Premier League,26-074,1999,1.0,0,0.00,0,0,0,0,0,0,0,0.00,0,0,0,0,0,0,Matches
2199,Callum Wilson,eng ENG,FW,West Ham,eng Premier League,33-248,1992,2.7,5,1.88,1,0,2,1,1,0,0,0.00,0,0,0,0,0,0,Matches
2200,Harry Wilson,wls WAL,FWMF,Fulham,eng Premier League,28-225,1997,6.6,13,1.96,10,2,0,0,1,0,0,0.00,0,0,0,0,0,0,Matches
2201,Patrick Wimmer,at AUT,FW,Wolfsburg,de Bundesliga,24-156,2001,4.7,11,2.36,7,1,0,0,2,1,2,0.43,2,0,0,0,0,0,Matches
2202,Jonas Wind,dk DEN,FW,Wolfsburg,de Bundesliga,26-268,1999,2.7,4,1.48,3,0,0,0,1,0,0,0.00,0,0,0,0,0,0,Matches
2203,Ben Winterburn,eng ENG,MF,Bournemouth,eng Premier League,21-059,2004,0.1,0,0.00,0,0,0,0,0,0,0,0.00,0,0,0,0,0,0,Matches
2204,Florian Wirtz,de GER,MFFW,Liverpool,eng Premier League,22-183,2003,6.7,32,4.74,26,3,1,1,1,0,1,0.15,1,0,0,0,0,0,Matches
2205,Axel Witsel,be BEL,MF,Girona,es La Liga,36-294,1989,7.1,9,1.26,6,0,0,1,1,1,0,0.00,0,0,0,0,0,0,Matches
2206,Marius Wolf,de GER,DFMF,Augsburg,de Bundesliga,30-159,1995,3.5,6,1.70,4,1,0,1,0,0,0,0.00,0,0,0,0,0,0,Matches
2207,Nick Woltemade,de GER,FW,Newcastle Utd,eng Premier League,23-261,2002,5.3,8,1.51,5,0,0,3,0,0,0,0.00,0,0,0,0,0,0,Matches
2208,Nick Woltemade,de GER,FW,Stuttgart,de Bundesliga,23-261,2002,1.0,2,2.00,1,0,1,0,0,0,0,0.00,0,0,0,0,0,0,Matches
2209,Jeong Woo-yeong,kr KOR,MF,Union Berlin,de Bundesliga,26-043,1999,1.7,9,5.26,5,2,0,1,1,0,0,0.00,0,0,0,0,0,0,Matches
2210,Chris Wood,nz NZL,FW,Nott'ham Forest,eng Premier League,33-330,1991,6.0,8,1.34,6,0,1,1,0,0,1,0.17,0,0,1,0,0,0,Matches
2211,Christopher Wooh,cm CMR,DF,Rennes,fr Ligue 1,24-045,2001,0.7,0,0.00,0,0,0,0,0,0,0,0.00,0,0,0,0,0,0,Matches
2212,Joe Worrall,eng ENG,DF,Burnley,eng Premier League,28-296,1997,0.2,0,0.00,0,0,0,0,0,0,0,0.00,0,0,0,0,0,0,Matches
2213,Granit Xhaka,ch SUI,MF,Sunderland,eng Premier League,33-036,1992,9.0,26,2.89,15,11,0,0,0,0,4,0.44,3,1,0,0,0,0,Matches
2214,Lamine Yamal,es ESP,FW,Barcelona,es La Liga,18-112,2007,5.1,33,6.51,15,1,8,5,3,1,7,1.38,4,0,1,1,1,0,Matches
2215,Yehor Yarmoliuk,ua UKR,MF,Brentford,eng Premier League,21-246,2004,8.7,14,1.61,12,0,1,0,0,1,3,0.34,2,0,1,0,0,0,Matches
2216,Ryan Yates,eng ENG,MF,Nott'ham Forest,eng Premier League,27-346,1997,2.4,3,1.27,3,0,0,0,0,0,1,0.42,1,0,0,0,0,0,Matches
2217,Terry Yegbe,gh GHA,DF,Metz,fr Ligue 1,24-281,2001,7.3,3,0.41,3,0,0,0,0,0,1,0.14,1,0,0,0,0,0,Matches
2218,Bertuğ Yıldırım,tr TUR,FW,Rennes,fr Ligue 1,23-113,2002,0.0,1,30.00,1,0,0,0,0,0,0,0.00,0,0,0,0,0,0,Matches
2219,Kenan Yıldız,tr TUR,MFFW,Juventus,it Serie A,20-182,2005,8.2,41,4.99,25,7,4,3,2,0,4,0.49,1,1,1,0,1,0,Matches
2220,Darlin Yongwa,cm CMR,DFMF,Lorient,fr Ligue 1,25-041,2000,2.8,9,3.19,6,0,0,1,2,0,0,0.00,0,0,0,0,0,0,Matches
2221,Leny Yoro,fr FRA,DF,Manchester Utd,eng Premier League,19-354,2005,6.9,8,1.16,8,0,0,0,0,0,0,0.00,0,0,0,0,0,0,Matches
2222,Etienne Youte Kinkoue,fr FRA,DFMF,Le Havre,fr Ligue 1,23-292,2002,3.5,2,0.56,2,0,0,0,0,0,1,0.28,1,0,0,0,0,0,Matches
2223,Illia Zabarnyi,ua UKR,DF,Paris S-G,fr Ligue 1,23-062,2002,9.3,7,0.76,7,0,0,0,0,0,0,0.00,0,0,0,0,0,0,Matches
2224,Mattia Zaccagni,it ITA,FW,Lazio,it Serie A,30-139,1995,7.6,19,2.51,12,0,2,4,1,0,1,0.13,1,0,0,0,0,0,Matches
2225,Dan-Axel Zagadou,fr FRA,DF,Stuttgart,de Bundesliga,26-152,1999,0.8,0,0.00,0,0,0,0,0,0,0,0.00,0,0,0,0,0,0,Matches
2226,Stephan Zagadou,fr FRA,DF,Le Havre,fr Ligue 1,17-009,2008,0.7,0,0.00,0,0,0,0,0,0,0,0.00,0,0,0,0,0,0,Matches
2227,Warren Zaïre-Emery,fr FRA,MFDF,Paris S-G,fr Ligue 1,19-239,2006,9.0,28,3.12,27,0,0,1,0,0,2,0.22,2,0,0,0,0,0,Matches
2228,Denis Zakaria,ch SUI,MF,Monaco,fr Ligue 1,28-347,1996,4.0,6,1.50,6,0,0,0,0,0,2,0.50,2,0,0,0,0,0,Matches
2229,Arsen Zakharyan,ru RUS,MFFW,Real Sociedad,es La Liga,22-160,2003,1.4,5,3.52,3,2,0,0,0,0,0,0.00,0,0,0,0,0,0,Matches
2230,Nicola Zalewski,pl POL,DF,Atalanta,it Serie A,23-283,2002,4.6,10,2.18,7,1,1,1,0,0,1,0.22,0,1,0,0,0,0,Matches
2231,Andre-Frank Zambo Anguissa,cm CMR,MF,Napoli,it Serie A,29-351,1995,9.4,28,2.99,23,0,1,3,1,0,7,0.75,3,0,1,2,1,0,Matches
2232,Nicolò Zaniolo,it ITA,FW,Udinese,it Serie A,26-123,1999,5.2,21,4.01,12,3,2,2,2,0,1,0.19,0,1,0,0,0,0,Matches
2233,Alessandro Zanoli,it ITA,DF,Udinese,it Serie A,25-030,2000,4.9,11,2.22,8,3,0,0,0,0,1,0.20,1,0,0,0,0,0,Matches
2234,Duván Zapata,co COL,FW,Torino,it Serie A,34-215,1991,0.5,1,2.14,0,0,0,1,0,0,0,0.00,0,0,0,0,0,0,Matches
2235,Gabriele Zappa,it ITA,DF,Cagliari,it Serie A,25-315,1999,4.7,5,1.06,5,0,0,0,0,0,0,0.00,0,0,0,0,0,0,Matches
2236,Davide Zappacosta,it ITA,DF,Atalanta,it Serie A,33-144,1992,6.3,16,2.54,8,1,1,4,2,0,0,0.00,0,0,0,0,0,0,Matches
2237,Bryan Zaragoza,es ESP,FWMF,Celta Vigo,es La Liga,24-054,2001,4.4,15,3.44,10,1,1,3,0,0,1,0.23,0,0,0,1,0,0,Matches
2238,Oier Zarraga,es ESP,MF,Udinese,it Serie A,26-302,1999,2.0,3,1.48,2,0,0,1,0,0,0,0.00,0,0,0,0,0,0,Matches
2239,Aaron Zehnter,de GER,DF,Wolfsburg,de Bundesliga,21-002,2004,4.0,7,1.75,4,2,1,0,0,0,1,0.25,1,0,0,0,0,0,Matches
2240,Jordan Zemura,zw ZIM,DF,Udinese,it Serie A,25-353,1999,4.0,8,1.98,7,0,0,0,1,0,2,0.49,2,0,0,0,0,0,Matches
2241,Robin Zentner,de GER,GK,Mainz 05,de Bundesliga,31-005,1994,6.7,3,0.45,3,0,0,0,0,0,0,0.00,0,0,0,0,0,0,Matches
2242,Alessio Zerbin,it ITA,DFMF,Cremonese,it Serie A,26-244,1999,5.8,8,1.38,6,0,1,1,0,0,3,0.52,2,0,0,1,0,0,Matches
2243,Cedric Zesiger,ch SUI,DF,Augsburg,de Bundesliga,27-131,1998,2.3,1,0.43,1,0,0,0,0,0,0,0.00,0,0,0,0,0,0,Matches
2244,Michael Zetterer,de GER,GK,Eint Frankfurt,de Bundesliga,30-113,1995,5.0,2,0.40,2,0,0,0,0,0,0,0.00,0,0,0,0,0,0,Matches
2245,Edon Zhegrova,xk KVX,MF,Juventus,it Serie A,26-216,1999,0.4,6,15.43,2,1,2,0,1,0,1,2.57,1,0,0,0,0,0,Matches
2246,Piotr Zieliński,pl POL,MF,Inter,it Serie A,31-166,1994,1.3,8,5.95,6,0,0,2,0,0,1,0.74,1,0,0,0,0,0,Matches
2247,Oleksandr Zinchenko,ua UKR,DF,Nott'ham Forest,eng Premier League,28-322,1996,2.8,10,3.56,8,0,0,1,0,1,1,0.36,1,0,0,0,0,0,Matches
2248,Jan Ziółkowski,pl POL,DF,Roma,it Serie A,20-150,2005,0.7,3,4.15,1,0,0,0,2,0,0,0.00,0,0,0,0,0,0,Matches
2249,Joshua Zirkzee,nl NED,FWMF,Manchester Utd,eng Premier League,24-164,2001,1.0,4,4.19,3,0,0,1,0,0,0,0.00,0,0,0,0,0,0,Matches
2250,Budu Zivzivadze,ge GEO,FW,Heidenheim,de Bundesliga,31-237,1994,3.5,6,1.71,5,0,1,0,0,0,0,0.00,0,0,0,0,0,0,Matches
2251,Luck Zogbé,ci CIV,FWDF,Brest,fr Ligue 1,20-223,2005,0.0,0,0.00,0,0,0,0,0,0,0,0.00,0,0,0,0,0,0,Matches
2252,Nadir Zortea,it ITA,DF,Bologna,it Serie A,26-136,1999,4.6,10,2.19,9,0,0,0,0,1,0,0.00,0,0,0,0,0,0,Matches
2253,Yanis Zouaoui,dz ALG,DF,Le Havre,fr Ligue 1,31-115,1994,7.9,18,2.29,6,7,3,1,0,1,1,0.13,0,1,0,0,0,0,Matches
2254,Igor Zubeldia,es ESP,DF,Real Sociedad,es La Liga,28-217,1997,11.0,6,0.55,5,0,0,1,0,0,0,0.00,0,0,0,0,0,0,Matches
2255,Martín Zubimendi,es ESP,MF,Arsenal,eng Premier League,26-273,1999,9.4,20,2.13,20,0,0,0,0,0,2,0.21,2,0,0,0,0,0,Matches
2256,Martin Ødegaard,no NOR,MF,Arsenal,eng Premier League,26-320,1998,2.3,11,4.88,6,1,2,1,1,0,3,1.33,1,1,1,0,0,0,Matches
2257,Milan Đurić,ba BIH,FW,Parma,it Serie A,35-164,1990,0.4,2,4.50,0,0,0,1,1,0,0,0.00,0,0,0,0,0,0,Matches
