,,,,,,,,,Total,,,,,Short,,,Medium,,,Long,,,,,Expected,,,,,,,
Rk,Player,Nation,Pos,Squad,Comp,Age,Born,90s,Cmp,Att,Cmp%,TotDist,PrgDist,Cmp,Att,Cmp%,Cmp,Att,Cmp%,Cmp,Att,Cmp%,Ast,xAG,xA,A-xAG,KP,1/3,PPA,CrsPA,PrgP,Matches
1,Brenden Aaronson,us USA,FWMF,Leeds United,eng Premier League,25-011,2000,7.1,143,178,80.3,2011,452,80,91,87.9,56,69,81.2,1,6,16.7,0,1.3,1.4,-1.3,10,11,9,4,20,Matches
2,Jones El-Abdellaoui,ma MAR,MFFW,Celta Vigo,es La Liga,19-294,2006,0.9,26,33,78.8,406,37,14,17,82.4,9,10,90.0,2,2,100.0,0,0.1,0.1,-0.1,2,1,1,1,0,Matches
3,Himad Abdelli,dz ALG,MF,Angers,fr Ligue 1,25-350,1999,4.9,218,264,82.6,3713,1071,112,127,88.2,79,89,88.8,22,35,62.9,0,0.3,0.4,-0.3,5,23,6,0,34,Matches
4,Ali Abdi,tn TUN,DFMF,Nice,fr Ligue 1,31-317,1993,2.8,55,78,70.5,729,252,33,39,84.6,18,25,72.0,1,4,25.0,0,0.4,0.2,-0.4,4,7,3,1,2,Matches
5,Salis Abdul Samed,gh GHA,MF,Nice,fr Ligue 1,25-221,2000,3.9,145,159,91.2,1975,438,91,98,92.9,45,49,91.8,4,5,80.0,0,0.0,0.1,0.0,0,8,0,0,4,Matches
6,Saud Abdulhamid,sa KSA,DF,Lens,fr Ligue 1,26-107,1999,2.2,98,122,80.3,1474,505,55,59,93.2,37,46,80.4,3,12,25.0,1,0.5,0.8,+0.5,2,4,3,0,13,Matches
7,Laurent Abergel,fr FRA,MF,Lorient,fr Ligue 1,32-274,1993,9.9,537,617,87.0,10038,2953,208,225,92.4,258,283,91.2,58,82,70.7,0,0.5,0.5,-0.5,8,65,6,1,56,Matches
8,Matthis Abline,fr FRA,FWMF,Nantes,fr Ligue 1,22-219,2003,7.9,88,129,68.2,1372,436,43,63,68.3,34,41,82.9,7,11,63.6,2,1.0,1.3,+1.0,11,12,10,2,22,Matches
9,Abner,br BRA,DF,Lyon,fr Ligue 1,25-159,2000,5.0,183,220,83.2,2948,1211,99,106,93.4,65,78,83.3,16,26,61.5,0,0.2,0.2,-0.2,3,19,7,1,23,Matches
10,Zakaria Aboukhlal,ma MAR,FWMF,Torino,it Serie A,25-257,2000,1.3,17,24,70.8,268,111,10,14,71.4,4,4,100.0,2,3,66.7,0,0.0,0.0,0.0,0,1,1,1,3,Matches
11,Abdel Abqar,ma MAR,DF,Getafe,es La Liga,26-237,1999,4.8,101,141,71.6,2303,676,29,36,80.6,48,54,88.9,21,46,45.7,1,0.2,0.3,+0.8,1,7,0,0,6,Matches
12,Francis Abu,gh GHA,MF,Toulouse,fr Ligue 1,24-189,2001,5.1,161,198,81.3,2413,656,82,97,84.5,67,80,83.8,4,10,40.0,0,0.0,0.1,0.0,1,12,1,0,14,Matches
13,Giorgi Abuashvili,ge GEO,FWDF,Metz,fr Ligue 1,22-267,2003,3.0,93,116,80.2,1577,378,51,54,94.4,34,41,82.9,7,17,41.2,0,0.1,0.4,-0.1,2,8,2,1,9,Matches
14,Francesco Acerbi,it ITA,DF,Inter,it Serie A,37-265,1988,5.9,355,371,95.7,6727,1733,104,109,95.4,224,230,97.4,25,27,92.6,0,0.1,0.4,-0.1,2,18,2,1,23,Matches
15,Ragnar Ache,de GER,FWDF,Köln,de Bundesliga,27-097,1998,2.5,33,46,71.7,391,67,23,29,79.3,9,13,69.2,0,1,0.0,2,0.7,0.3,+1.3,3,3,2,0,5,Matches
16,Joshua Acheampong,eng ENG,DF,Chelsea,eng Premier League,19-181,2006,3.9,273,296,92.2,4588,1044,122,130,93.8,143,147,97.3,6,15,40.0,0,0.0,0.0,0.0,0,8,0,0,11,Matches
17,Akor Adams,ng NGA,FW,Sevilla,es La Liga,25-277,2000,4.5,37,68,54.4,561,76,21,33,63.6,12,22,54.5,2,5,40.0,1,0.1,0.1,+0.9,2,2,2,0,5,Matches
18,Che Adams,sct SCO,FWMF,Torino,it Serie A,29-112,1996,4.2,68,90,75.6,1010,215,43,52,82.7,14,18,77.8,6,8,75.0,0,0.1,0.1,-0.1,3,4,1,0,3,Matches
19,Tyler Adams,us USA,MF,Bournemouth,eng Premier League,26-261,1999,8.7,360,430,83.7,6063,1540,155,176,88.1,179,200,89.5,19,32,59.4,1,0.1,0.2,+0.9,2,37,0,0,38,Matches
20,Junior Adamu,at AUT,FW,Freiburg,de Bundesliga,24-149,2001,4.2,42,72,58.3,564,107,26,35,74.3,12,23,52.2,1,2,50.0,1,1.2,0.1,-0.2,4,1,2,1,4,Matches
21,Tosin Adarabioyo,eng ENG,DF,Chelsea,eng Premier League,28-039,1997,4.2,325,363,89.5,5938,2112,107,115,93.0,199,213,93.4,17,29,58.6,0,0.0,0.1,0.0,0,17,1,0,15,Matches
22,Jayden Addai,nl NED,FW,Como,it Serie A,20-068,2005,2.9,49,70,70.0,759,171,31,41,75.6,15,19,78.9,3,4,75.0,0,0.1,0.3,-0.1,2,3,3,0,7,Matches
23,Karim Adeyemi,de GER,MFFW,Dortmund,de Bundesliga,23-288,2002,5.3,99,141,70.2,1280,260,63,74,85.1,28,41,68.3,2,6,33.3,1,1.5,1.5,-0.5,7,6,1,0,12,Matches
24,Simon Adingra,ci CIV,FW,Sunderland,eng Premier League,23-305,2002,3.0,48,69,69.6,803,94,22,28,78.6,20,22,90.9,3,7,42.9,0,0.6,0.2,-0.6,5,0,4,2,2,Matches
25,Amine Adli,ma MAR,FWMF,Bournemouth,eng Premier League,25-176,2000,2.1,58,82,70.7,824,186,36,43,83.7,17,22,77.3,3,6,50.0,0,0.2,0.1,-0.2,4,2,1,0,5,Matches
26,Vasilije Adžić,me MNE,MF,Juventus,it Serie A,19-174,2006,1.3,47,62,75.8,773,205,22,25,88.0,15,16,93.8,5,7,71.4,0,0.2,0.1,-0.2,4,4,2,0,8,Matches
27,Michel Aebischer,ch SUI,MF,Pisa,it Serie A,28-300,1997,7.5,314,370,84.9,5746,1344,131,144,91.0,144,160,90.0,35,55,63.6,0,0.5,0.5,-0.5,5,28,3,0,37,Matches
28,David Affengruber,at AUT,DF,Elche,es La Liga,24-228,2001,8.4,488,542,90.0,8209,2741,220,234,94.0,236,250,94.4,24,46,52.2,0,0.1,0.3,-0.1,1,32,4,0,27,Matches
29,Oladapo Afolayan,eng ENG,MFFW,St. Pauli,de Bundesliga,27-263,1998,1.7,50,75,66.7,856,157,28,32,87.5,16,23,69.6,5,12,41.7,0,0.1,0.2,-0.1,2,5,2,1,6,Matches
30,Emmanuel Agbadou,ci CIV,DF,Wolves,eng Premier League,28-138,1997,6.2,300,379,79.2,6829,2696,74,83,89.2,179,200,89.5,45,90,50.0,0,0.1,0.3,-0.1,2,38,5,2,26,Matches
31,Julen Agirrezabala,es ESP,GK,Valencia,es La Liga,24-311,2000,11.0,256,362,70.7,6829,5045,50,51,98.0,132,134,98.5,72,175,41.1,0,0.0,0.0,0.0,1,2,0,0,1,Matches
32,Lucien Agoume,fr FRA,MF,Sevilla,es La Liga,23-266,2002,8.3,302,383,78.9,5251,1589,142,159,89.3,117,135,86.7,33,62,53.2,1,0.8,0.4,+0.2,8,47,7,2,47,Matches
33,Felix Agu,ng NGA,DF,Werder Bremen,de Bundesliga,26-036,1999,5.4,198,248,79.8,3254,661,96,111,86.5,83,94,88.3,12,27,44.4,0,0.4,0.4,-0.4,5,8,3,2,12,Matches
34,Marc Aguado,es ESP,MF,Elche,es La Liga,25-253,2000,6.0,321,352,91.2,4574,1297,181,192,94.3,113,120,94.2,11,14,78.6,0,0.0,0.1,0.0,1,32,0,0,22,Matches
35,Nayef Aguerd,ma MAR,DF,West Ham,eng Premier League,29-217,1996,2.0,106,119,89.1,1731,663,52,53,98.1,47,49,95.9,5,13,38.5,0,0.0,0.0,0.0,0,12,0,0,9,Matches
36,Nayef Aguerd,ma MAR,DF,Marseille,fr Ligue 1,29-217,1996,7.0,640,680,94.1,10894,3958,285,292,97.6,300,309,97.1,40,59,67.8,0,0.1,0.2,-0.1,2,56,0,0,38,Matches
37,Ruben Aguilar,fr FRA,DF,Lens,fr Ligue 1,32-190,1993,8.1,331,425,77.9,4748,2044,211,234,90.2,95,129,73.6,17,36,47.2,0,1.0,0.9,-1.0,12,27,15,7,36,Matches
38,Honest Ahanor,it ITA,DF,Atalanta,it Serie A,17-252,2008,4.2,172,195,88.2,2702,816,85,92,92.4,83,92,90.2,3,7,42.9,0,0.0,0.1,0.0,0,16,0,0,13,Matches
39,Lucas Ahijado,es ESP,DF,Oviedo,es La Liga,30-276,1995,4.1,146,193,75.6,2525,959,70,84,83.3,64,78,82.1,11,25,44.0,1,0.5,0.6,+0.5,3,7,4,1,11,Matches
40,Joseph Aidoo,gh GHA,DF,Celta Vigo,es La Liga,30-034,1995,1.0,33,36,91.7,587,133,11,11,100.0,21,23,91.3,1,1,100.0,0,0.0,0.0,0.0,0,0,0,0,0,Matches
41,Ola Aina,ng NGA,DF,Nott'ham Forest,eng Premier League,29-025,1996,3.0,125,157,79.6,2161,962,58,59,98.3,56,70,80.0,9,21,42.9,0,0.1,0.3,-0.1,2,13,2,1,11,Matches
42,Abdelhamid Ait Boudlal,ma MAR,DFMF,Rennes,fr Ligue 1,19-200,2006,2.2,72,85,84.7,1300,525,33,37,89.2,32,32,100.0,6,14,42.9,0,0.0,0.0,0.0,0,5,1,0,6,Matches
43,Rayan Aït-Nouri,dz ALG,DF,Manchester City,eng Premier League,24-149,2001,2.2,105,121,86.8,1529,385,64,71,90.1,39,40,97.5,2,5,40.0,0,0.2,0.5,-0.2,2,6,0,0,7,Matches
44,Tosin Aiyegun,bj BEN,MFFW,Lorient,fr Ligue 1,27-129,1998,5.6,75,102,73.5,1157,285,46,56,82.1,23,32,71.9,5,6,83.3,0,0.5,0.4,-0.5,6,13,2,0,12,Matches
45,Junior Ajayi,ci CIV,FW,Hellas Verona,it Serie A,21-022,2004,0.0,1,1,100.0,15,0,0,0,,1,1,100.0,0,0,,0,0.0,0.0,0.0,0,0,0,0,0,Matches
46,Kristoffer Ajer,no NOR,DF,Brentford,eng Premier League,27-199,1998,4.3,106,155,68.4,1849,665,48,60,80.0,46,61,75.4,9,24,37.5,1,0.7,0.5,+0.3,1,7,3,0,15,Matches
47,Ludovic Ajorque,fr FRA,FW,Brest,fr Ligue 1,31-250,1994,9.9,183,265,69.1,2985,320,90,130,69.2,59,79,74.7,20,28,71.4,3,1.1,0.9,+1.9,14,10,0,0,15,Matches
48,Manuel Akanji,ch SUI,DF,Inter,it Serie A,30-106,1995,7.0,469,522,89.8,8964,2474,162,175,92.6,254,270,94.1,51,66,77.3,0,0.2,0.4,-0.2,3,39,4,2,32,Matches
49,Nathan Aké,nl NED,DF,Manchester City,eng Premier League,30-257,1995,2.3,155,171,90.6,2687,967,62,62,100.0,83,93,89.2,8,14,57.1,0,0.1,0.2,-0.1,1,18,3,2,20,Matches
50,Ilias Akhomach,ma MAR,MFFW,Villarreal,es La Liga,21-200,2004,1.7,44,58,75.9,744,177,22,22,100.0,17,24,70.8,5,8,62.5,0,0.7,0.3,-0.7,5,4,3,1,6,Matches
51,Ebenezer Akinsanmiro,ng NGA,MF,Pisa,it Serie A,20-342,2004,6.6,165,192,85.9,2864,808,70,74,94.6,76,86,88.4,12,21,57.1,1,0.8,0.4,+0.2,6,25,3,1,31,Matches
52,Maghnes Akliouche,fr FRA,MFFW,Monaco,fr Ligue 1,23-250,2002,8.8,328,407,80.6,5067,1466,172,196,87.8,107,131,81.7,28,42,66.7,2,2.0,2.4,0.0,14,36,16,2,48,Matches
53,Clément Akpa,ci CIV,DF,Auxerre,fr Ligue 1,23-343,2001,9.0,402,505,79.6,7827,2994,149,161,92.5,194,212,91.5,50,110,45.5,0,0.3,0.5,-0.3,6,39,5,1,35,Matches
54,Jean-Daniel Akpa-Akpro,ci CIV,MF,Hellas Verona,it Serie A,33-022,1992,3.0,49,70,70.0,744,273,31,38,81.6,15,21,71.4,2,4,50.0,0,0.0,0.0,0.0,2,5,0,0,3,Matches
55,Kevin Akpoguma,ng NGA,DF,Hoffenheim,de Bundesliga,30-197,1995,0.3,5,9,55.6,91,37,2,3,66.7,3,6,50.0,0,0,,0,0.0,0.0,0.0,0,1,0,0,0,Matches
56,David Alaba,at AUT,DF,Real Madrid,es La Liga,33-131,1992,0.6,48,50,96.0,800,324,22,22,100.0,25,25,100.0,1,3,33.3,0,0.0,0.0,0.0,0,0,0,0,2,Matches
57,Raúl Albiol,es ESP,DF,Pisa,it Serie A,40-059,1985,1.5,98,104,94.2,2080,950,27,29,93.1,55,57,96.5,16,17,94.1,0,0.1,0.0,-0.1,1,8,1,0,8,Matches
58,Carlos Alcaraz,ar ARG,FWMF,Everton,eng Premier League,22-337,2002,2.7,69,88,78.4,1143,135,33,39,84.6,30,35,85.7,5,7,71.4,0,0.0,0.1,0.0,1,3,1,0,5,Matches
59,Omar Alderete,py PAR,DF,Sunderland,eng Premier League,28-311,1996,7.4,311,369,84.3,6308,2643,98,108,90.7,173,187,92.5,39,69,56.5,1,0.1,0.3,+0.9,2,26,3,2,31,Matches
60,Alexandre Alemão,br BRA,FW,Rayo Vallecano,es La Liga,27-215,1998,5.6,54,88,61.4,780,157,33,45,73.3,15,28,53.6,3,4,75.0,0,0.1,0.1,-0.1,3,3,2,0,6,Matches
61,Carles Aleñá,es ESP,MFFW,Alavés,es La Liga,27-301,1998,7.0,272,340,80.0,4343,1167,140,154,90.9,100,113,88.5,20,50,40.0,3,1.0,1.2,+2.0,12,31,6,5,22,Matches
62,Trent Alexander-Arnold,eng ENG,DF,Real Madrid,es La Liga,27-026,1998,1.7,111,141,78.7,1681,337,63,68,92.6,32,40,80.0,10,24,41.7,0,0.0,0.1,0.0,1,10,0,0,5,Matches
63,Alfon,es ESP,FWDF,Sevilla,es La Liga,26-182,1999,2.1,35,47,74.5,507,120,21,23,91.3,13,19,68.4,0,1,0.0,0,0.1,0.1,-0.1,3,4,2,0,5,Matches
64,Mohamed Ali Cho,fr FRA,FW,Nice,fr Ligue 1,21-287,2004,2.5,35,50,70.0,473,178,21,26,80.8,11,14,78.6,1,3,33.3,2,0.8,0.6,+1.2,6,4,5,1,10,Matches
65,Alisson,br BRA,GK,Liverpool,eng Premier League,33-031,1992,6.0,211,254,83.1,5044,3281,56,56,100.0,106,107,99.1,49,91,53.8,0,0.0,0.0,0.0,0,3,0,0,4,Matches
66,Jim Allevinah,ga GAB,FWDF,Angers,fr Ligue 1,30-248,1995,0.9,10,13,76.9,143,34,6,6,100.0,4,5,80.0,0,1,0.0,0,0.0,0.0,0.0,0,0,0,0,1,Matches
67,Thiago Almada,ar ARG,MFFW,Atlético Madrid,es La Liga,24-190,2001,3.0,139,167,83.2,2319,574,65,71,91.5,63,70,90.0,7,17,41.2,1,0.7,0.5,+0.3,6,11,3,1,17,Matches
68,Domingos André Ribeiro Almeida,pt POR,FWMF,Valencia,es La Liga,25-156,2000,1.8,87,105,82.9,1564,337,35,38,92.1,37,42,88.1,11,17,64.7,0,0.0,0.1,0.0,1,7,5,0,15,Matches
69,Pontus Almqvist,se SWE,DFMF,Parma,it Serie A,26-115,1999,3.9,60,80,75.0,862,233,41,48,85.4,13,19,68.4,5,8,62.5,0,1.0,0.7,-1.0,7,1,4,3,3,Matches
70,Marcos Alonso,es ESP,DF,Celta Vigo,es La Liga,34-309,1990,6.3,429,485,88.5,7581,2452,182,191,95.3,201,219,91.8,34,53,64.2,0,0.4,0.6,-0.4,4,47,5,2,46,Matches
71,Adrià Altimira,es ESP,DF,Villarreal,es La Liga,24-219,2001,0.1,8,8,100.0,130,48,5,5,100.0,3,3,100.0,0,0,,0,0.0,0.0,0.0,0,2,0,0,1,Matches
72,Sergi Altimira,es ESP,MF,Betis,es La Liga,24-069,2001,5.0,261,283,92.2,4274,1039,133,140,95.0,98,106,92.5,24,29,82.8,1,0.2,0.2,+0.8,4,22,0,0,12,Matches
73,Carlos Álvarez,es ESP,MF,Levante,es La Liga,22-088,2003,6.5,172,223,77.1,2823,927,89,101,88.1,69,86,80.2,11,26,42.3,1,1.3,1.5,-0.3,10,30,11,0,39,Matches
74,Hugo Álvarez,es ESP,FWMF,Celta Vigo,es La Liga,22-123,2003,3.8,130,160,81.3,1872,427,72,85,84.7,46,52,88.5,5,7,71.4,0,0.2,0.2,-0.2,6,4,5,0,15,Matches
75,Julián Álvarez,ar ARG,FW,Atlético Madrid,es La Liga,25-275,2000,9.4,251,316,79.4,4069,1138,131,148,88.5,83,95,87.4,25,46,54.3,2,3.3,2.4,-1.3,20,16,22,1,42,Matches
76,Skelly Alvero,fr FRA,DF,Werder Bremen,de Bundesliga,23-182,2002,0.4,23,24,95.8,447,103,8,8,100.0,14,14,100.0,1,2,50.0,0,0.0,0.0,0.0,0,2,0,0,2,Matches
77,Giuseppe Ambrosino,it ITA,FW,Napoli,it Serie A,22-053,2003,0.4,1,4,25.0,5,0,1,3,33.3,0,1,0.0,0,0,,0,0.0,0.0,0.0,0,0,0,0,0,Matches
78,Aurele Amenda,ch SUI,DF,Eint Frankfurt,de Bundesliga,22-094,2003,1.2,73,88,83.0,1557,524,22,23,95.7,43,46,93.5,8,18,44.4,0,0.0,0.0,0.0,0,6,1,0,6,Matches
79,Kelvin Amian,fr FRA,DF,Nantes,fr Ligue 1,27-267,1998,10.0,366,467,78.4,5841,2441,190,210,90.5,161,196,82.1,13,48,27.1,0,0.4,0.4,-0.4,2,27,2,0,40,Matches
80,Mohamed Amine Sbai,fr FRA,FW,Angers,fr Ligue 1,24-362,2000,1.8,35,57,61.4,482,161,25,30,83.3,7,12,58.3,2,12,16.7,1,0.7,0.4,+0.3,2,3,2,0,8,Matches
81,Michael Amir Murillo,pa PAN,DF,Marseille,fr Ligue 1,29-264,1996,7.7,335,402,83.3,5521,1298,157,176,89.2,146,165,88.5,24,41,58.5,0,0.6,0.8,-0.6,8,20,9,4,28,Matches
82,Nadiem Amiri,de GER,MF,Mainz 05,de Bundesliga,29-006,1996,8.5,428,539,79.4,7924,3140,188,204,92.2,179,205,87.3,54,101,53.5,1,1.1,2.4,-0.1,14,59,31,1,84,Matches
83,Samuel Amo-Ameyaw,eng ENG,DFFW,Strasbourg,fr Ligue 1,19-107,2006,2.8,92,111,82.9,1400,328,57,63,90.5,32,42,76.2,3,5,60.0,1,0.3,0.3,+0.7,3,8,5,1,9,Matches
84,Mathis Amougou,fr FRA,MF,Strasbourg,fr Ligue 1,19-288,2006,1.8,57,64,89.1,698,232,39,42,92.9,15,17,88.2,0,1,0.0,0,0.2,0.1,-0.2,1,4,2,0,9,Matches
85,Mohamed Amoura,dz ALG,FW,Wolfsburg,de Bundesliga,25-177,2000,5.1,87,131,66.4,1397,160,41,58,70.7,34,44,77.3,7,10,70.0,1,1.8,0.8,-0.8,11,3,5,1,8,Matches
86,Ethan Ampadu,wls WAL,MF,Leeds United,eng Premier League,25-049,2000,7.7,410,487,84.2,7493,1890,168,187,89.8,193,217,88.9,42,69,60.9,0,0.1,0.2,-0.1,2,39,3,2,28,Matches
87,Sofyan Amrabat,ma MAR,MF,Betis,es La Liga,29-073,1996,4.2,234,263,89.0,4328,1191,97,104,93.3,108,117,92.3,26,33,78.8,0,0.2,0.1,-0.2,4,22,2,0,31,Matches
88,Joachim Andersen,dk DEN,DF,Fulham,eng Premier League,29-155,1996,8.5,458,548,83.6,9612,3430,139,152,91.4,242,260,93.1,71,124,57.3,0,0.7,1.0,-0.7,2,52,4,0,34,Matches
89,Elliot Anderson,eng ENG,MF,Nott'ham Forest,eng Premier League,22-361,2002,10.0,660,793,83.2,11517,3613,297,326,91.1,302,334,90.4,55,111,49.5,1,1.7,1.3,-0.7,15,88,12,4,89,Matches
90,André,br BRA,MF,Wolves,eng Premier League,24-109,2001,6.8,292,322,90.7,4979,1330,138,145,95.2,131,139,94.2,20,28,71.4,0,0.1,0.2,-0.1,1,25,2,1,25,Matches
91,Benjamin André,fr FRA,MF,Lille,fr Ligue 1,35-091,1990,7.9,343,414,82.9,5862,1539,159,181,87.8,142,167,85.0,31,38,81.6,1,0.8,0.9,+0.2,7,35,11,2,52,Matches
92,Robert Andrich,de GER,MFDF,Leverkusen,de Bundesliga,31-041,1994,5.7,255,293,87.0,4233,989,122,139,87.8,102,114,89.5,23,29,79.3,0,0.2,0.3,-0.2,3,17,2,0,13,Matches
93,Miguel Ángel Rubio,es ESP,DF,Espanyol,es La Liga,27-236,1998,1.4,36,44,81.8,536,215,18,19,94.7,16,19,84.2,1,5,20.0,0,0.0,0.0,0.0,0,1,0,0,1,Matches
94,Angeliño,es ESP,DFMF,Roma,it Serie A,28-302,1997,4.3,183,244,75.0,3214,1065,76,84,90.5,87,111,78.4,16,32,50.0,0,0.1,0.6,-0.1,3,13,9,2,25,Matches
95,Samuele Angori,it ITA,DF,Pisa,it Serie A,22-026,2003,4.8,87,144,60.4,1687,574,32,36,88.9,45,66,68.2,8,31,25.8,1,1.3,1.1,-0.3,6,6,2,2,6,Matches
96,Faustino Anjorin,eng ENG,MFFW,Torino,it Serie A,23-344,2001,0.3,7,10,70.0,119,44,3,3,100.0,4,7,57.1,0,0,,0,0.0,0.0,0.0,0,2,0,0,2,Matches
97,Ilyas Ansah,de GER,MFFW,Union Berlin,de Bundesliga,20-359,2004,6.6,81,102,79.4,1098,229,52,57,91.2,23,28,82.1,3,4,75.0,0,0.3,0.4,-0.3,4,5,5,0,15,Matches
98,Aaron Anselmino,ar ARG,DF,Dortmund,de Bundesliga,20-187,2005,1.8,122,134,91.0,2067,715,50,52,96.2,69,77,89.6,3,4,75.0,0,0.0,0.1,0.0,0,12,1,0,13,Matches
99,Jaidon Anthony,eng ENG,MFFW,Burnley,eng Premier League,25-336,1999,9.0,166,242,68.6,2545,537,89,116,76.7,54,72,75.0,12,29,41.4,1,0.4,0.6,+0.6,8,12,6,3,12,Matches
100,Waldemar Anton,de GER,DF,Dortmund,de Bundesliga,29-105,1996,9.0,713,786,90.7,13680,4351,205,213,96.2,461,487,94.7,41,68,60.3,0,0.0,0.4,0.0,2,58,6,2,48,Matches
101,Antoniu,es ESP,FW,Espanyol,es La Liga,23-058,2002,0.4,16,19,84.2,261,82,8,8,100.0,6,7,85.7,1,1,100.0,0,0.0,0.0,0.0,1,0,1,1,2,Matches
102,Antony,br BRA,FW,Betis,es La Liga,25-251,2000,5.6,241,314,76.8,3608,993,134,156,85.9,76,100,76.0,17,33,51.5,0,0.6,1.2,-0.6,12,13,9,2,29,Matches
103,Youssef El-Arabi,ma MAR,FW,Nantes,fr Ligue 1,38-272,1987,2.2,32,54,59.3,548,216,13,26,50.0,13,18,72.2,3,4,75.0,0,0.2,0.1,-0.2,3,2,2,0,4,Matches
104,Mauro Arambarri,uy URU,MF,Getafe,es La Liga,30-033,1995,10.8,190,253,75.1,3112,823,94,117,80.3,68,85,80.0,21,33,63.6,0,0.1,0.1,-0.1,3,19,1,0,31,Matches
105,Jon Aramburu,ve VEN,DF,Real Sociedad,es La Liga,23-102,2002,9.0,390,522,74.7,6526,2471,193,216,89.4,165,221,74.7,29,57,50.9,0,0.2,0.3,-0.2,5,46,5,5,46,Matches
106,Ronald Araújo,uy URU,DF,Barcelona,es La Liga,26-240,1999,4.7,287,314,91.4,4854,1763,124,128,96.9,149,161,92.5,12,20,60.0,0,0.0,0.1,0.0,1,21,0,0,21,Matches
107,Carlens Arcus,ht HAI,DF,Angers,fr Ligue 1,29-127,1996,9.7,434,494,87.9,7546,2819,192,202,95.0,193,213,90.6,38,57,66.7,0,0.2,0.2,-0.2,3,22,2,1,28,Matches
108,Alphonse Areola,fr FRA,GK,West Ham,eng Premier League,32-248,1993,5.0,106,171,62.0,2803,1896,27,27,100.0,50,50,100.0,29,93,31.2,0,0.0,0.0,0.0,0,5,0,0,0,Matches
109,Jesús Areso,es ESP,DF,Athletic Club,es La Liga,26-123,1999,8.2,294,403,73.0,5142,1613,135,155,87.1,126,180,70.0,27,49,55.1,1,0.6,0.5,+0.4,8,17,9,6,20,Matches
110,Jhon Arias,co COL,FW,Wolves,eng Premier League,28-042,1997,6.1,188,224,83.9,3026,595,102,113,90.3,73,88,83.0,11,19,57.9,0,0.5,0.3,-0.5,9,12,5,2,19,Matches
111,Harrison Armstrong,eng ENG,FW,Everton,eng Premier League,18-287,2007,0.0,0,0,,0,0,0,0,,0,0,,0,0,,0,0.0,0.0,0.0,0,0,0,0,0,Matches
112,Hákon Arnar Haraldsson,is ISL,MFFW,Lille,fr Ligue 1,22-206,2003,8.2,320,396,80.8,5180,1410,156,175,89.1,131,157,83.4,23,41,56.1,1,1.3,1.8,-0.3,20,24,14,1,46,Matches
113,Maximilian Arnold,de GER,MF,Wolfsburg,de Bundesliga,31-159,1994,7.0,312,380,82.1,6610,2067,98,105,93.3,150,168,89.3,60,100,60.0,2,2.0,2.0,0.0,18,21,5,1,22,Matches
114,Tolu Arokodare,ng NGA,FW,Wolves,eng Premier League,24-344,2000,2.3,14,28,50.0,148,11,9,14,64.3,2,9,22.2,0,0,,0,0.1,0.0,-0.1,1,1,0,0,0,Matches
115,Kervin Arriaga,hn HON,MF,Levante,es La Liga,27-301,1998,4.2,170,202,84.2,3047,999,73,86,84.9,75,80,93.8,20,24,83.3,0,0.1,0.2,-0.1,2,24,1,1,22,Matches
116,Arthur,br BRA,DF,Leverkusen,de Bundesliga,22-230,2003,4.0,132,168,78.6,1884,425,81,89,91.0,42,52,80.8,5,13,38.5,0,0.4,0.6,-0.4,2,3,4,0,14,Matches
117,Takuma Asano,jp JPN,FW,Mallorca,es La Liga,30-357,1994,2.8,30,46,65.2,322,72,26,33,78.8,4,7,57.1,0,0,,0,0.0,0.0,0.0,0,2,1,0,2,Matches
118,Raúl Asencio,es ESP,DF,Real Madrid,es La Liga,22-262,2003,3.5,210,219,95.9,3595,939,103,106,97.2,100,101,99.0,6,9,66.7,0,0.0,0.1,0.0,0,22,1,0,16,Matches
119,Fisnik Asllani,xk KVX,FWMF,Hoffenheim,de Bundesliga,23-086,2002,6.7,98,151,64.9,1320,439,66,91,72.5,23,40,57.5,3,7,42.9,1,1.3,0.7,-0.3,11,10,9,1,16,Matches
120,Kristjan Asllani,al ALB,MF,Torino,it Serie A,23-238,2002,6.3,274,339,80.8,5912,1781,88,98,89.8,132,144,91.7,52,90,57.8,0,0.5,0.6,-0.5,7,31,4,0,29,Matches
121,Joel Asoro,se SWE,FW,Metz,fr Ligue 1,26-189,1999,0.1,2,3,66.7,42,11,0,1,0.0,2,2,100.0,0,0,,0,0.0,0.0,0.0,0,0,0,0,1,Matches
122,Iago Aspas,es ESP,FWMF,Celta Vigo,es La Liga,38-093,1987,4.1,188,240,78.3,3329,1106,92,104,88.5,68,80,85.0,23,34,67.6,1,1.5,1.1,-0.5,14,24,17,3,49,Matches
123,Yaser Asprilla,co COL,FWMF,Girona,es La Liga,21-348,2003,4.7,90,128,70.3,1853,525,36,41,87.8,36,50,72.0,17,26,65.4,0,1.4,1.1,-1.4,6,6,9,1,17,Matches
124,Lorenz Assignon,tg TOG,DF,Stuttgart,de Bundesliga,25-133,2000,3.5,137,177,77.4,1924,650,82,94,87.2,46,66,69.7,3,9,33.3,0,0.4,0.7,-0.4,2,9,3,1,12,Matches
125,Dehmaine Assoumani,fr FRA,MF,Nantes,fr Ligue 1,20-199,2005,4.4,102,157,65.0,1843,593,46,58,79.3,43,58,74.1,10,33,30.3,0,0.4,0.5,-0.4,6,12,4,0,16,Matches
126,Otavio Ataide,br BRA,DF,Paris FC,fr Ligue 1,23-195,2002,8.4,495,561,88.2,10424,3367,118,131,90.1,319,338,94.4,57,89,64.0,0,0.0,0.1,0.0,1,23,0,0,26,Matches
127,Zachary Athekame,ch SUI,DFFW,Milan,it Serie A,20-324,2004,1.2,45,55,81.8,833,245,22,24,91.7,17,20,85.0,6,9,66.7,0,0.0,0.0,0.0,0,3,1,1,2,Matches
128,Arthur Atta,fr FRA,MF,Udinese,it Serie A,22-292,2003,9.5,293,365,80.3,4660,1338,153,171,89.5,98,115,85.2,26,48,54.2,2,0.9,1.0,+1.1,16,37,10,3,43,Matches
129,Noah Atubolu,de GER,GK,Freiburg,de Bundesliga,23-161,2002,9.0,266,393,67.7,8894,6775,25,25,100.0,114,115,99.1,126,250,50.4,0,0.0,0.0,0.0,0,15,1,0,3,Matches
130,Pierre-Emerick Aubameyang,ga GAB,FW,Marseille,fr Ligue 1,36-137,1989,6.0,96,125,76.8,1281,342,55,71,77.5,32,37,86.5,2,3,66.7,2,1.5,1.5,+0.5,6,9,5,0,13,Matches
131,Emil Audero,id IDN,GK,Cremonese,it Serie A,28-288,1997,6.0,162,261,62.1,4575,3298,24,24,100.0,89,92,96.7,49,143,34.3,0,0.0,0.0,0.0,0,1,0,0,0,Matches
132,Carlos Augusto,br BRA,DF,Inter,it Serie A,26-299,1999,3.2,137,161,85.1,2161,633,69,76,90.8,59,70,84.3,7,12,58.3,1,0.2,0.2,+0.8,2,8,3,1,17,Matches
133,Yann Aurel Bisseck,de GER,DF,Inter,it Serie A,24-338,2000,2.0,100,109,91.7,2015,703,19,20,95.0,72,77,93.5,8,11,72.7,0,0.0,0.0,0.0,0,5,0,0,5,Matches
134,Leon Avdullahu,xk KVX,MF,Hoffenheim,de Bundesliga,21-252,2004,7.4,383,446,85.9,6851,2401,173,192,90.1,159,176,90.3,45,62,72.6,1,0.5,0.4,+0.5,6,33,3,1,36,Matches
135,Ezequiel Ávila,ar ARG,FWMF,Betis,es La Liga,31-269,1994,0.5,10,13,76.9,130,48,4,5,80.0,2,4,50.0,1,1,100.0,0,0.0,0.0,0.0,0,1,1,0,1,Matches
136,Arthur Avom,cm CMR,MF,Lorient,fr Ligue 1,20-322,2004,8.4,348,421,82.7,6013,1764,170,187,90.9,142,168,84.5,31,47,66.0,1,1.3,1.7,-0.3,14,36,12,3,48,Matches
137,Chidozie Awaziem,ng NGA,DF,Nantes,fr Ligue 1,28-305,1997,9.8,550,630,87.3,11704,4256,150,163,92.0,316,333,94.9,79,120,65.8,0,0.1,0.2,-0.1,4,25,4,0,17,Matches
138,Taiwo Awoniyi,ng NGA,FW,Nott'ham Forest,eng Premier League,28-082,1997,1.1,18,21,85.7,266,27,10,10,100.0,8,9,88.9,0,0,,0,0.1,0.0,-0.1,2,0,0,0,1,Matches
139,Yasin Ayari,se SWE,MF,Brighton,eng Premier League,22-027,2003,8.7,345,410,84.1,5825,1350,162,177,91.5,153,172,89.0,24,42,57.1,0,0.3,0.5,-0.3,8,20,5,1,31,Matches
140,Neil El Aynaoui,ma MAR,MF,Roma,it Serie A,24-123,2001,2.6,89,103,86.4,1379,314,45,50,90.0,40,46,87.0,3,3,100.0,0,0.1,0.0,-0.1,1,9,0,0,8,Matches
141,César Azpilicueta,es ESP,DF,Sevilla,es La Liga,36-066,1989,5.5,291,344,84.6,4861,1880,138,150,92.0,129,144,89.6,20,42,47.6,0,0.0,0.1,0.0,1,19,2,1,13,Matches
142,Oussama El Azzouzi,ma MAR,MFDF,Auxerre,fr Ligue 1,24-157,2001,2.2,96,108,88.9,1677,438,52,57,91.2,28,32,87.5,14,15,93.3,0,0.0,0.1,0.0,1,13,0,0,11,Matches
143,Mio Backhaus,de GER,GK,Werder Bremen,de Bundesliga,21-200,2004,7.0,219,256,85.5,5122,3086,47,47,100.0,130,132,98.5,41,75,54.7,0,0.0,0.0,0.0,0,0,0,0,0,Matches
144,Loïc Bade,fr FRA,DF,Leverkusen,de Bundesliga,25-205,2000,6.9,470,519,90.6,8129,3363,203,212,95.8,236,259,91.1,28,42,66.7,0,0.1,0.2,-0.1,2,31,0,0,17,Matches
145,Benoît Badiashile,fr FRA,DF,Chelsea,eng Premier League,24-221,2001,0.7,53,57,93.0,989,427,22,23,95.7,24,24,100.0,7,10,70.0,0,0.0,0.0,0.0,0,6,1,0,4,Matches
146,Alex Baena,es ESP,MF,Atlético Madrid,es La Liga,24-105,2001,3.1,105,144,72.9,1750,607,52,56,92.9,44,55,80.0,9,24,37.5,1,2.2,1.1,-1.2,12,9,11,1,20,Matches
147,Samson Baidoo,at AUT,DF,Lens,fr Ligue 1,21-216,2004,8.5,332,359,92.5,6322,2196,107,114,93.9,192,198,97.0,30,41,73.2,0,0.5,0.1,-0.5,1,18,0,0,23,Matches
148,Leon Bailey,jm JAM,MFFW,Roma,it Serie A,28-085,1997,1.2,24,36,66.7,336,47,17,20,85.0,7,11,63.6,0,2,0.0,0,0.0,0.1,0.0,2,0,0,0,1,Matches
149,Eric Bailly,ci CIV,DF,Oviedo,es La Liga,31-204,1994,3.0,124,139,89.2,2529,832,24,26,92.3,88,92,95.7,11,19,57.9,0,0.0,0.2,0.0,0,4,0,0,5,Matches
150,Theo Bair,ca CAN,MFFW,Auxerre,fr Ligue 1,26-067,1999,0.1,3,4,75.0,41,10,1,1,100.0,2,2,100.0,0,0,,0,0.0,0.0,0.0,0,1,0,0,0,Matches
151,Cédric Bakambu,cd COD,FW,Betis,es La Liga,34-205,1991,0.8,11,17,64.7,118,10,9,12,75.0,0,3,0.0,1,1,100.0,0,0.0,0.0,0.0,1,1,0,0,0,Matches
152,Johan Bakayoko,be BEL,FW,RB Leipzig,de Bundesliga,22-196,2003,5.9,155,187,82.9,1994,298,98,109,89.9,32,42,76.2,9,14,64.3,0,0.5,0.7,-0.5,6,5,6,2,13,Matches
153,Darryl Bakola,fr FRA,MF,Marseille,fr Ligue 1,17-337,2007,0.3,22,24,91.7,452,162,7,7,100.0,13,13,100.0,2,4,50.0,0,0.0,0.0,0.0,0,4,0,0,5,Matches
154,Ridle Baku,de GER,DF,RB Leipzig,de Bundesliga,27-208,1998,8.9,510,612,83.3,9551,3703,187,205,91.2,268,299,89.6,51,80,63.8,1,1.9,2.3,-0.9,13,36,9,0,64,Matches
155,Dilane Bakwa,fr FRA,FWMF,Nott'ham Forest,eng Premier League,23-068,2002,1.9,72,96,75.0,1034,267,46,51,90.2,19,26,73.1,4,12,33.3,0,0.4,0.3,-0.4,5,3,2,1,9,Matches
156,Dilane Bakwa,fr FRA,DFMF,Strasbourg,fr Ligue 1,23-068,2002,1.2,40,50,80.0,712,151,21,23,91.3,15,19,78.9,4,7,57.1,2,0.4,0.8,+1.6,3,2,2,0,6,Matches
157,Tommaso Baldanzi,it ITA,MFFW,Roma,it Serie A,22-224,2003,1.5,45,55,81.8,600,140,34,37,91.9,8,9,88.9,2,5,40.0,0,0.4,0.3,-0.4,4,2,3,2,3,Matches
158,Alejandro Balde,es ESP,DF,Barcelona,es La Liga,22-015,2003,4.8,257,282,91.1,3498,550,153,162,94.4,91,99,91.9,4,7,57.1,0,0.6,0.9,-0.6,7,5,5,1,16,Matches
159,Fabio Baldé,pt POR,FWMF,Hamburger SV,de Bundesliga,20-105,2005,0.8,15,24,62.5,232,20,8,11,72.7,6,10,60.0,0,1,0.0,0,0.0,0.0,0.0,0,0,0,0,0,Matches
160,Carlos Baleba,cm CMR,MF,Brighton,eng Premier League,21-303,2004,6.3,208,247,84.2,3293,591,116,126,92.1,65,79,82.3,19,29,65.5,0,0.0,0.2,0.0,2,15,1,0,10,Matches
161,Leonardo Balerdi,ar ARG,DF,Marseille,fr Ligue 1,26-280,1999,6.7,482,508,94.9,8174,2696,203,207,98.1,247,254,97.2,25,38,65.8,0,0.0,0.1,0.0,2,33,2,0,21,Matches
162,Daniel Ballard,nir NIR,DF,Sunderland,eng Premier League,26-041,1999,4.5,115,141,81.6,2099,837,36,43,83.7,67,74,90.5,7,18,38.9,0,0.6,0.3,-0.6,4,7,1,0,7,Matches
163,Iván Balliu,al ALB,DF,Rayo Vallecano,es La Liga,33-305,1992,1.5,84,101,83.2,1458,607,37,41,90.2,40,48,83.3,6,10,60.0,0,0.0,0.1,0.0,0,9,0,0,17,Matches
164,Fodé Ballo-Touré,sn SEN,DF,Metz,fr Ligue 1,28-303,1997,2.5,139,155,89.7,1958,391,84,86,97.7,44,51,86.3,4,6,66.7,0,0.2,0.1,-0.2,1,7,2,1,7,Matches
165,Folarin Balogun,us USA,FW,Monaco,fr Ligue 1,24-122,2001,6.0,80,115,69.6,934,119,56,68,82.4,13,22,59.1,3,6,50.0,1,0.5,0.3,+0.5,3,2,1,0,7,Matches
166,Abdoulaye Bamba,ci CIV,DF,Angers,fr Ligue 1,35-191,1990,0.1,5,8,62.5,68,9,3,4,75.0,2,3,66.7,0,1,0.0,0,0.0,0.0,0.0,0,0,0,0,0,Matches
167,Aladji Bamba,fr FRA,MF,Monaco,fr Ligue 1,19-111,2006,1.5,114,124,91.9,1815,472,53,60,88.3,49,49,100.0,8,9,88.9,0,0.0,0.2,0.0,0,11,1,0,10,Matches
168,Mohamed Bamba,ci CIV,FW,Lorient,fr Ligue 1,23-327,2001,5.5,61,85,71.8,898,115,34,42,81.0,17,23,73.9,4,6,66.7,1,0.8,0.5,+0.2,3,1,1,0,5,Matches
169,Lameck Banda,zm ZAM,FW,Lecce,it Serie A,24-277,2001,2.5,49,65,75.4,742,127,27,28,96.4,18,21,85.7,3,6,50.0,0,0.2,0.2,-0.2,2,1,4,1,4,Matches
170,Noahkai Banks,us USA,DF,Augsburg,de Bundesliga,18-336,2006,4.2,198,220,90.0,3782,1156,63,70,90.0,112,120,93.3,22,26,84.6,0,0.0,0.1,0.0,0,22,1,0,20,Matches
171,Ezechiel Banzuzi,nl NED,MF,RB Leipzig,de Bundesliga,20-259,2005,3.0,87,112,77.7,1228,381,53,65,81.5,30,38,78.9,3,6,50.0,1,0.2,0.1,+0.8,4,5,1,0,9,Matches
172,Tommaso Barbieri,it ITA,FWDF,Cremonese,it Serie A,23-068,2002,3.5,67,109,61.5,1158,369,31,41,75.6,27,42,64.3,7,12,58.3,0,0.4,0.2,-0.4,4,6,4,1,10,Matches
173,Valentín Barco,ar ARG,MFDF,Strasbourg,fr Ligue 1,21-102,2004,9.0,463,561,82.5,7444,2442,231,256,90.2,180,205,87.8,32,66,48.5,3,3.2,2.5,-0.2,14,35,19,1,66,Matches
174,Bradley Barcola,fr FRA,FW,Paris S-G,fr Ligue 1,23-061,2002,7.0,240,286,83.9,3447,743,150,164,91.5,68,78,87.2,13,18,72.2,0,0.8,1.3,-0.8,10,11,14,1,26,Matches
175,Melvin Bard,fr FRA,DFMF,Nice,fr Ligue 1,24-361,2000,10.5,372,497,74.8,6214,2006,177,201,88.1,168,201,83.6,21,70,30.0,0,0.4,0.5,-0.4,7,32,9,8,36,Matches
176,Roony Bardghji,se SWE,FW,Barcelona,es La Liga,19-352,2005,1.9,79,98,80.6,1295,286,40,47,85.1,31,37,83.8,7,9,77.8,0,0.5,0.8,-0.5,5,3,7,3,10,Matches
177,Nicolò Barella,it ITA,MF,Inter,it Serie A,28-268,1997,7.9,462,567,81.5,8502,2460,199,222,89.6,209,243,86.0,51,82,62.2,3,2.0,1.7,+1.0,20,55,23,5,66,Matches
178,Kike Barja,es ESP,MFFW,Osasuna,es La Liga,28-215,1997,0.6,16,32,50.0,353,53,8,10,80.0,2,8,25.0,5,10,50.0,0,0.1,0.1,-0.1,1,1,1,1,0,Matches
179,Ross Barkley,eng ENG,MF,Aston Villa,eng Premier League,31-332,1993,0.7,21,24,87.5,373,151,9,10,90.0,9,10,90.0,2,3,66.7,0,0.0,0.0,0.0,1,2,1,0,6,Matches
180,Ashley Barnes,eng ENG,FW,Burnley,eng Premier League,36-003,1989,0.1,1,5,20.0,15,12,1,2,50.0,0,1,0.0,0,1,0.0,0,0.0,0.0,0.0,0,0,0,0,0,Matches
181,Harvey Barnes,eng ENG,FW,Newcastle Utd,eng Premier League,27-328,1997,4.1,82,113,72.6,1218,392,51,58,87.9,24,35,68.6,5,10,50.0,0,0.8,0.9,-0.8,6,6,9,4,16,Matches
182,Ander Barrenetxea,es ESP,MFFW,Real Sociedad,es La Liga,23-310,2001,9.2,272,370,73.5,4533,1361,128,144,88.9,116,147,78.9,21,51,41.2,3,2.9,2.7,+0.1,21,16,14,4,43,Matches
183,Pablo Barrios,es ESP,MF,Atlético Madrid,es La Liga,22-140,2003,8.8,462,545,84.8,7322,1954,242,265,91.3,177,199,88.9,33,55,60.0,0,0.3,0.9,-0.3,7,57,14,3,64,Matches
184,Thierno Barry,fr FRA,FW,Everton,eng Premier League,23-012,2002,2.8,32,47,68.1,390,30,20,26,76.9,10,17,58.8,0,1,0.0,0,0.0,0.0,0.0,1,0,0,0,2,Matches
185,Davide Bartesaghi,it ITA,DFFW,Milan,it Serie A,19-308,2005,4.2,143,182,78.6,2386,564,70,78,89.7,54,69,78.3,15,27,55.6,0,0.6,0.7,-0.6,7,8,4,3,7,Matches
186,Marc Bartra,es ESP,DF,Betis,es La Liga,34-291,1991,5.5,245,286,85.7,5090,1756,78,83,94.0,122,131,93.1,40,63,63.5,0,0.0,0.1,0.0,1,18,1,0,12,Matches
187,Federico Baschirotto,it ITA,DF,Cremonese,it Serie A,29-043,1996,10.0,374,433,86.4,7297,2554,122,129,94.6,203,219,92.7,46,78,59.0,0,0.0,0.1,0.0,0,15,2,0,16,Matches
188,Toma Bašić,hr CRO,MF,Lazio,it Serie A,28-342,1996,3.9,124,145,85.5,1715,262,75,84,89.3,37,43,86.0,5,9,55.6,1,0.2,0.0,+0.8,2,10,0,0,6,Matches
189,Calvin Bassey,ng NGA,DF,Fulham,eng Premier League,25-306,1999,9.1,486,559,86.9,8736,2968,190,206,92.2,256,270,94.8,35,67,52.2,0,0.0,0.1,0.0,1,35,2,0,22,Matches
190,Alessandro Bastoni,it ITA,DF,Inter,it Serie A,26-203,1999,7.6,533,628,84.9,10646,3149,196,210,93.3,253,282,89.7,80,118,67.8,2,0.7,0.9,+1.3,8,51,14,6,46,Matches
191,Augusto Batalla,ar ARG,GK,Rayo Vallecano,es La Liga,29-186,1996,11.0,277,409,67.7,8462,6738,42,42,100.0,119,122,97.5,115,243,47.3,0,0.0,0.0,0.0,1,11,2,0,0,Matches
192,Michy Batshuayi,be BEL,FW,Eint Frankfurt,de Bundesliga,32-031,1993,0.7,14,19,73.7,216,47,8,11,72.7,5,7,71.4,1,1,100.0,0,0.0,0.1,0.0,0,2,0,0,0,Matches
193,Martin Baturina,hr CRO,FWMF,Como,it Serie A,22-259,2003,1.1,41,48,85.4,599,157,26,28,92.9,12,15,80.0,3,4,75.0,0,0.3,0.4,-0.3,5,2,0,0,1,Matches
194,Oliver Baumann,de GER,GK,Hoffenheim,de Bundesliga,35-153,1990,8.0,227,299,75.9,5622,4185,69,69,100.0,104,104,100.0,53,125,42.4,0,0.0,0.0,0.0,0,12,0,0,1,Matches
195,Christoph Baumgartner,at AUT,MF,RB Leipzig,de Bundesliga,26-093,1999,7.6,183,245,74.7,2738,760,102,124,82.3,58,76,76.3,12,24,50.0,2,0.8,0.7,+1.2,11,16,9,0,31,Matches
196,Altay Bayındır,tr TUR,GK,Manchester Utd,eng Premier League,27-202,1998,6.0,122,192,63.5,3438,2646,30,30,100.0,52,53,98.1,40,109,36.7,0,0.2,0.0,-0.2,1,8,1,0,0,Matches
197,Vakoun Bayo,ci CIV,FW,Udinese,it Serie A,28-296,1997,2.8,59,79,74.7,805,130,34,45,75.6,19,24,79.2,2,2,100.0,1,0.4,0.1,+0.6,2,5,1,0,6,Matches
198,Ihlas Bebou,tg TOG,FW,Hoffenheim,de Bundesliga,31-193,1994,0.6,4,6,66.7,61,22,2,3,66.7,2,2,100.0,0,0,,0,0.6,0.2,-0.6,1,1,0,0,1,Matches
199,Samu Becerra,es ESP,DFMF,Rayo Vallecano,es La Liga,19-305,2006,0.1,12,14,85.7,157,46,7,8,87.5,4,5,80.0,0,0,,0,0.0,0.1,0.0,1,0,1,1,0,Matches
200,Adrian Beck,de GER,MFFW,Heidenheim,de Bundesliga,28-146,1997,3.4,104,132,78.8,1614,278,59,67,88.1,35,42,83.3,8,12,66.7,0,0.3,0.4,-0.3,6,6,6,0,15,Matches
201,Sheraldo Becker,sr SUR,MF,Osasuna,es La Liga,30-266,1995,1.0,17,31,54.8,324,126,9,13,69.2,7,12,58.3,1,3,33.3,0,0.3,0.1,-0.3,2,2,2,1,2,Matches
202,Donny van de Beek,nl NED,MF,Girona,es La Liga,28-198,1997,0.5,13,14,92.9,198,47,7,7,100.0,6,7,85.7,0,0,,0,0.0,0.1,0.0,0,2,0,0,2,Matches
203,Tjaš Begić,si SVN,DF,Parma,it Serie A,22-125,2003,0.0,0,1,0.0,0,0,0,1,0.0,0,0,,0,0,,0,0.0,0.0,0.0,0,0,0,0,0,Matches
204,Maximilian Beier,de GER,MFFW,Dortmund,de Bundesliga,23-016,2002,5.5,115,158,72.8,1624,289,64,85,75.3,45,50,90.0,2,7,28.6,1,0.7,1.2,+0.3,4,2,8,1,8,Matches
205,Ismael Bekhoucha,ma MAR,DF,Getafe,es La Liga,20-347,2004,1.2,14,24,58.3,263,142,8,11,72.7,4,6,66.7,2,4,50.0,1,1.0,0.0,0.0,1,2,0,0,2,Matches
206,Reda Belahyane,ma MAR,MF,Lazio,it Serie A,21-154,2004,1.7,55,63,87.3,746,165,37,43,86.0,15,17,88.2,2,2,100.0,1,1.1,0.7,-0.1,3,6,2,0,6,Matches
207,Rafik Belghali,dz ALG,DFFW,Hellas Verona,it Serie A,23-148,2002,6.4,155,201,77.1,2217,836,78,89,87.6,61,78,78.2,5,16,31.3,0,0.6,1.2,-0.6,10,12,6,2,16,Matches
208,Haris Belkebla,dz ALG,MF,Angers,fr Ligue 1,31-278,1994,9.9,324,365,88.8,5335,1308,153,163,93.9,145,160,90.6,18,24,75.0,0,0.1,0.1,-0.1,4,12,2,0,25,Matches
209,Yassin Belkhdim,fr FRA,MFFW,Angers,fr Ligue 1,23-261,2002,9.4,264,325,81.2,4254,1246,141,161,87.6,95,108,88.0,21,32,65.6,2,1.0,0.7,+1.0,8,15,5,2,24,Matches
210,Stefan Bell,de GER,DF,Mainz 05,de Bundesliga,34-070,1991,3.6,107,154,69.5,2167,884,36,43,83.7,57,74,77.0,14,32,43.8,0,0.4,0.3,-0.4,3,10,0,0,7,Matches
211,Armel Bella Kotchap,de GER,DF,Hellas Verona,it Serie A,23-326,2001,2.6,81,96,84.4,1382,462,38,41,92.7,36,41,87.8,5,10,50.0,0,0.1,0.2,-0.1,1,4,1,0,6,Matches
212,Raoul Bellanova,it ITA,DF,Atalanta,it Serie A,25-169,2000,6.3,234,295,79.3,3840,1101,126,140,90.0,88,107,82.2,17,42,40.5,0,1.0,1.1,-1.0,14,11,10,7,21,Matches
213,Jean-Ricner Bellegarde,ht HAI,MFFW,Wolves,eng Premier League,27-128,1998,4.5,133,175,76.0,2438,609,57,65,87.7,59,74,79.7,16,30,53.3,0,0.3,0.4,-0.3,3,9,12,2,26,Matches
214,Héctor Bellerín,es ESP,DF,Betis,es La Liga,30-228,1995,8.6,433,503,86.1,6688,2569,237,254,93.3,166,192,86.5,22,37,59.5,1,1.2,1.2,-0.2,13,32,12,5,44,Matches
215,Jobe Bellingham,eng ENG,MF,Dortmund,de Bundesliga,20-040,2005,2.7,141,161,87.6,2311,531,69,82,84.1,63,67,94.0,8,10,80.0,0,0.2,0.4,-0.2,2,15,3,0,22,Matches
216,Jude Bellingham,eng ENG,MF,Real Madrid,es La Liga,22-126,2003,4.2,203,237,85.7,3437,716,103,114,90.4,73,80,91.3,23,32,71.9,1,1.0,0.6,0.0,9,23,9,0,30,Matches
217,Jeanuël Belocian,fr FRA,DF,Leverkusen,de Bundesliga,20-258,2005,1.1,56,64,87.5,980,324,23,25,92.0,26,28,92.9,6,9,66.7,0,0.1,0.1,-0.1,1,11,1,0,7,Matches
218,Andrea Belotti,it ITA,FW,Cagliari,it Serie A,31-317,1993,2.1,23,31,74.2,339,54,11,14,78.6,9,11,81.8,2,3,66.7,0,0.0,0.0,0.0,1,2,1,0,3,Matches
219,Fran Beltrán,es ESP,MF,Celta Vigo,es La Liga,26-272,1999,2.5,107,119,89.9,1718,470,51,53,96.2,50,54,92.6,4,7,57.1,0,0.1,0.1,-0.1,1,14,1,0,13,Matches
220,Lucas Beltrán,ar ARG,FW,Valencia,es La Liga,24-218,2001,3.0,60,78,76.9,814,161,33,34,97.1,21,28,75.0,2,2,100.0,0,0.2,0.2,-0.2,2,4,0,0,7,Matches
221,Eliesse Ben Seghir,ma MAR,MFFW,Monaco,fr Ligue 1,20-259,2005,0.5,19,26,73.1,281,80,10,12,83.3,8,10,80.0,1,4,25.0,0,0.0,0.0,0.0,0,1,2,0,2,Matches
222,Eliesse Ben Seghir,ma MAR,MF,Leverkusen,de Bundesliga,20-259,2005,1.7,68,84,81.0,912,200,45,52,86.5,16,22,72.7,3,4,75.0,0,0.9,0.8,-0.9,5,5,2,1,7,Matches
223,Carlos Benavídez,uy URU,MF,Alavés,es La Liga,27-217,1998,0.3,14,16,87.5,209,36,10,11,90.9,3,3,100.0,1,1,100.0,0,0.0,0.0,0.0,1,1,0,0,2,Matches
224,Adrian Benedyczak,pl POL,MFFW,Parma,it Serie A,24-343,2000,1.3,18,33,54.5,242,91,13,19,68.4,4,7,57.1,1,3,33.3,1,0.7,0.4,+0.3,3,1,0,0,1,Matches
225,Yassine Benhattab,fr FRA,MFFW,Nantes,fr Ligue 1,22-349,2002,4.1,87,130,66.9,1372,405,48,60,80.0,31,42,73.8,6,18,33.3,0,0.6,0.7,-0.6,5,4,5,2,9,Matches
226,Iker Benito,es ESP,DFFW,Osasuna,es La Liga,23-084,2002,1.7,73,93,78.5,1202,309,40,44,90.9,20,31,64.5,10,13,76.9,0,0.2,0.5,-0.2,2,1,3,3,1,Matches
227,Ramy Bensebaini,dz ALG,DF,Dortmund,de Bundesliga,30-200,1995,8.5,610,684,89.2,11355,3542,216,223,96.9,339,368,92.1,53,81,65.4,0,0.2,1.4,-0.2,5,84,21,2,96,Matches
228,Nabil Bentaleb,dz ALG,MF,Lille,fr Ligue 1,30-343,1994,2.6,188,224,83.9,3603,1450,67,73,91.8,96,107,89.7,20,32,62.5,0,0.2,0.5,-0.2,2,34,4,0,29,Matches
229,Rodrigo Bentancur,uy URU,MF,Tottenham,eng Premier League,28-130,1997,7.2,305,355,85.9,5114,1118,133,154,86.4,155,167,92.8,14,23,60.9,1,0.5,0.4,+0.5,5,23,3,0,26,Matches
230,Lucas Beraldo,br BRA,DF,Paris S-G,fr Ligue 1,21-343,2003,6.4,620,648,95.7,10556,4441,254,260,97.7,328,335,97.9,29,40,72.5,0,0.0,0.4,0.0,1,48,0,0,35,Matches
231,Domenico Berardi,it ITA,FW,Sassuolo,it Serie A,31-093,1994,6.5,150,200,75.0,2484,640,87,98,88.8,47,56,83.9,14,32,43.8,2,1.2,1.0,+0.8,8,11,9,1,29,Matches
232,Yuri Berchiche,es ESP,DF,Athletic Club,es La Liga,35-265,1990,10.5,555,664,83.6,9167,4004,269,305,88.2,256,295,86.8,29,47,61.7,0,0.8,0.6,-0.8,6,64,5,3,71,Matches
233,Álex Berenguer,es ESP,FWMF,Athletic Club,es La Liga,30-121,1995,7.4,197,282,69.9,3226,1019,109,123,88.6,57,80,71.3,23,64,35.9,0,1.5,1.7,-1.5,16,11,15,6,24,Matches
234,Sander Berge,no NOR,MF,Fulham,eng Premier League,27-261,1998,9.6,389,440,88.4,6644,1776,171,190,90.0,189,200,94.5,24,30,80.0,0,0.5,0.4,-0.5,6,36,6,1,46,Matches
235,Lucas Bergvall,se SWE,MFFW,Tottenham,eng Premier League,19-273,2006,4.6,115,161,71.4,1932,531,53,63,84.1,48,61,78.7,10,28,35.7,1,0.3,0.2,+0.7,2,14,4,1,20,Matches
236,Medon Berisha,al ALB,MF,Lecce,it Serie A,22-012,2003,5.5,200,271,73.8,4218,1064,72,76,94.7,77,93,82.8,44,81,54.3,1,0.8,0.9,+0.2,9,25,2,1,32,Matches
237,Anthony Bermont,fr FRA,DFMF,Lens,fr Ligue 1,20-265,2005,0.5,27,37,73.0,425,129,17,21,81.0,7,11,63.6,2,2,100.0,0,0.0,0.1,0.0,0,2,4,0,7,Matches
238,Adrian Bernabe,es ESP,MFDF,Parma,it Serie A,24-160,2001,7.7,287,360,79.7,5290,1601,111,130,85.4,134,156,85.9,35,56,62.5,0,0.8,0.7,-0.8,10,39,4,0,43,Matches
239,Marc Bernal,es ESP,MF,Barcelona,es La Liga,18-160,2007,0.1,10,12,83.3,131,29,5,7,71.4,3,3,100.0,0,0,,1,0.6,0.2,+0.4,1,2,0,0,1,Matches
240,Federico Bernardeschi,it ITA,FWMF,Bologna,it Serie A,31-259,1994,3.6,132,162,81.5,2635,757,48,50,96.0,61,72,84.7,21,31,67.7,0,1.3,0.8,-1.3,13,13,12,4,22,Matches
241,Bernardo,br BRA,DF,Hoffenheim,de Bundesliga,30-172,1995,7.9,371,480,77.3,5907,2557,178,207,86.0,154,188,81.9,24,51,47.1,0,0.1,0.1,-0.1,3,38,3,0,56,Matches
242,Lorenzo Bernasconi,it ITA,DF,Atalanta,it Serie A,21-351,2003,2.8,146,182,80.2,2574,745,69,77,89.6,58,70,82.9,16,28,57.1,0,0.5,0.5,-0.5,5,5,4,2,11,Matches
243,Antoine Bernede,fr FRA,MF,Hellas Verona,it Serie A,26-160,1999,7.6,188,257,73.2,3054,1077,92,105,87.6,73,97,75.3,15,36,41.7,0,0.5,0.4,-0.5,8,23,7,1,28,Matches
244,Nicolò Bertola,it ITA,DF,Udinese,it Serie A,22-224,2003,3.8,148,180,82.2,2883,963,62,67,92.5,59,69,85.5,25,37,67.6,0,0.0,0.1,0.0,3,14,1,0,12,Matches
245,Jan-Niklas Beste,de GER,FW,Freiburg,de Bundesliga,26-302,1999,5.3,105,161,65.2,1931,590,34,44,77.3,47,60,78.3,16,34,47.1,0,0.8,0.9,-0.8,8,8,3,2,9,Matches
246,Beto,gw GNB,FW,Everton,eng Premier League,27-275,1998,6.3,46,76,60.5,536,49,33,49,67.3,10,20,50.0,0,0,,0,0.4,0.1,-0.4,3,4,0,0,2,Matches
247,Sam Beukema,nl NED,DF,Napoli,it Serie A,26-350,1998,4.0,280,294,95.2,5012,1594,110,111,99.1,152,154,98.7,15,25,60.0,0,0.0,0.0,0.0,1,20,0,0,26,Matches
248,Matteo Bianchetti,it ITA,DF,Cremonese,it Serie A,32-230,1993,8.7,370,451,82.0,6791,2676,161,174,92.5,160,182,87.9,44,81,54.3,1,0.2,0.1,+0.8,1,21,1,0,21,Matches
249,Mika Biereth,dk DEN,FWMF,Monaco,fr Ligue 1,22-267,2003,6.2,62,106,58.5,887,210,34,56,60.7,22,32,68.8,1,2,50.0,0,0.2,0.6,-0.2,4,4,5,0,9,Matches
250,Pedro Bigas,es ESP,DF,Elche,es La Liga,35-048,1990,8.6,589,665,88.6,10089,3582,265,273,97.1,277,296,93.6,40,80,50.0,1,0.2,0.2,+0.8,3,61,4,2,40,Matches
251,Jaka Bijol,si SVN,DF,Leeds United,eng Premier League,26-270,1999,2.0,126,135,93.3,2334,797,48,50,96.0,66,68,97.1,11,14,78.6,0,0.1,0.0,-0.1,1,6,0,0,2,Matches
252,Cristiano Biraghi,it ITA,DFMF,Torino,it Serie A,33-062,1992,4.9,151,212,71.2,2936,1396,55,63,87.3,70,91,76.9,22,46,47.8,0,0.5,0.7,-0.5,7,14,8,4,21,Matches
253,Tom Bischof,de GER,DFMF,Bayern Munich,de Bundesliga,20-127,2005,3.4,300,326,92.0,4160,1134,182,188,96.8,99,107,92.5,8,12,66.7,2,0.8,0.8,+1.2,8,24,6,1,26,Matches
254,Leonardo Bittencourt,de GER,MF,Werder Bremen,de Bundesliga,31-318,1993,2.0,112,134,83.6,1778,480,52,59,88.1,51,54,94.4,4,13,30.8,0,0.2,0.4,-0.2,2,12,1,0,9,Matches
255,Emmanuel Biumla,fr FRA,DF,Angers,fr Ligue 1,20-178,2005,1.5,61,73,83.6,1054,419,22,26,84.6,37,38,97.4,2,6,33.3,0,0.0,0.0,0.0,0,0,0,0,1,Matches
256,Marco Bizot,nl NED,GK,Aston Villa,eng Premier League,34-237,1991,2.0,46,67,68.7,1272,836,10,10,100.0,22,22,100.0,14,35,40.0,0,0.0,0.0,0.0,0,0,0,0,1,Matches
257,Antonio Blanco,es ESP,MF,Alavés,es La Liga,25-102,2000,8.4,428,519,82.5,7578,2292,194,216,89.8,179,214,83.6,43,61,70.5,0,0.2,0.4,-0.2,5,53,3,0,52,Matches
258,Ludovic Blas,fr FRA,MFDF,Rennes,fr Ligue 1,27-306,1997,6.0,195,241,80.9,3319,656,104,112,92.9,68,81,84.0,18,32,56.3,1,1.3,0.8,-0.3,12,13,13,3,35,Matches
259,Daley Blind,nl NED,DF,Girona,es La Liga,35-238,1990,9.6,549,619,88.7,10048,3453,245,253,96.8,246,260,94.6,55,92,59.8,0,0.2,0.4,-0.2,4,49,6,1,46,Matches
260,Adam Boayar,ma MAR,MF,Elche,es La Liga,20-020,2005,0.1,9,9,100.0,160,31,4,4,100.0,3,3,100.0,2,2,100.0,0,0.0,0.0,0.0,0,3,1,0,2,Matches
261,Oscar Bobb,no NOR,MFFW,Manchester City,eng Premier League,22-113,2003,5.0,180,201,89.6,2405,550,120,126,95.2,51,57,89.5,4,7,57.1,1,0.6,0.9,+0.4,9,6,15,2,17,Matches
262,Ben Bobzien,de GER,FW,Mainz 05,de Bundesliga,22-187,2003,0.1,9,11,81.8,126,15,6,7,85.7,1,2,50.0,1,1,100.0,0,0.0,0.0,0.0,0,2,0,0,1,Matches
263,Arnaud Bodart,be BEL,GK,Lille,fr Ligue 1,27-236,1998,2.0,62,77,80.5,1613,1167,14,15,93.3,30,31,96.8,17,30,56.7,0,0.0,0.0,0.0,0,4,0,0,0,Matches
264,Sacha Boey,fr FRA,DF,Bayern Munich,de Bundesliga,25-050,2000,5.1,287,338,84.9,3661,779,175,193,90.7,85,98,86.7,5,13,38.5,0,0.2,0.3,-0.2,4,23,1,1,22,Matches
265,Jeremie Boga,ci CIV,FWMF,Nice,fr Ligue 1,28-303,1997,6.5,152,191,79.6,2208,418,87,102,85.3,49,57,86.0,11,17,64.7,2,1.0,0.5,+1.0,12,12,5,0,16,Matches
266,Lamare Bogarde,nl NED,MF,Aston Villa,eng Premier League,21-301,2004,3.1,148,157,94.3,2309,541,73,76,96.1,65,67,97.0,6,7,85.7,0,0.0,0.1,0.0,2,14,1,0,8,Matches
267,Jayden Bogle,eng ENG,DF,Leeds United,eng Premier League,25-098,2000,9.6,271,360,75.3,4541,1389,132,149,88.6,108,136,79.4,22,45,48.9,0,0.2,0.4,-0.2,3,18,8,4,24,Matches
268,Adama Boiro,es ESP,DF,Athletic Club,es La Liga,23-133,2002,0.5,41,45,91.1,682,117,17,18,94.4,23,25,92.0,1,2,50.0,0,0.0,0.0,0.0,0,3,1,1,6,Matches
269,Morgan Bokelé Mputu,cm CMR,FWDF,Metz,fr Ligue 1,21-234,2004,1.9,62,79,78.5,1002,276,38,44,86.4,16,22,72.7,7,10,70.0,0,0.1,0.2,-0.1,1,3,2,2,7,Matches
270,Daniel Boloca,ro ROU,MF,Sassuolo,it Serie A,26-315,1998,1.5,53,57,93.0,804,123,30,31,96.8,18,18,100.0,4,6,66.7,0,0.0,0.0,0.0,1,5,0,0,3,Matches
271,Moïse Bombito,ca CAN,DF,Nice,fr Ligue 1,25-217,2000,1.6,54,64,84.4,976,393,21,24,87.5,30,34,88.2,3,5,60.0,0,0.0,0.0,0.0,0,2,0,0,4,Matches
272,Federico Bonazzoli,it ITA,FW,Cremonese,it Serie A,28-165,1997,5.2,118,147,80.3,1908,377,54,66,81.8,42,49,85.7,13,17,76.5,0,0.3,0.1,-0.3,1,13,1,0,12,Matches
273,Warren Bondo,fr FRA,MF,Cremonese,it Serie A,22-048,2003,7.4,243,274,88.7,3811,1005,124,135,91.9,97,106,91.5,15,19,78.9,0,0.1,0.1,-0.1,2,18,2,0,25,Matches
274,Giovanni Bonfanti,it ITA,DF,Pisa,it Serie A,22-289,2003,3.6,81,134,60.4,1558,771,35,38,92.1,24,38,63.2,17,44,38.6,0,0.1,0.1,-0.1,3,4,3,2,5,Matches
275,Victor Boniface,ng NGA,FWMF,Werder Bremen,de Bundesliga,24-314,2000,2.9,55,79,69.6,854,153,26,36,72.2,20,28,71.4,4,4,100.0,1,0.4,0.5,+0.6,2,6,2,0,9,Matches
276,Rahim Bonkano,ne NIG,DF,Oviedo,es La Liga,23-305,2002,8.4,316,409,77.3,5134,1709,176,194,90.7,115,146,78.8,22,48,45.8,0,0.3,0.5,-0.3,5,12,12,4,24,Matches
277,Ange-Yoan Bonny,fr FRA,FW,Inter,it Serie A,22-008,2003,3.1,53,70,75.7,728,164,28,36,77.8,20,21,95.2,2,2,100.0,3,1.8,1.0,+1.2,9,3,4,0,7,Matches
278,Gennaro Borrelli,it ITA,FW,Cagliari,it Serie A,25-237,2000,4.5,49,70,70.0,636,122,31,43,72.1,13,17,76.5,2,2,100.0,0,0.3,0.2,-0.3,5,4,1,0,5,Matches
279,Sven Botman,nl NED,DF,Newcastle Utd,eng Premier League,25-294,2000,5.4,249,289,86.2,4619,1834,95,104,91.3,128,137,93.4,24,40,60.0,0,0.5,0.3,-0.5,3,3,0,0,12,Matches
280,Ayyoub Bouaddi,fr FRA,MF,Lille,fr Ligue 1,18-031,2007,8.0,234,280,83.6,3942,809,108,122,88.5,108,127,85.0,15,17,88.2,0,0.3,0.4,-0.3,7,21,1,0,21,Matches
281,Badredine Bouanani,dz ALG,MF,Nice,fr Ligue 1,20-329,2004,1.0,38,52,73.1,464,77,25,29,86.2,10,15,66.7,0,3,0.0,0,0.1,0.3,-0.1,1,0,3,0,3,Matches
282,Badredine Bouanani,dz ALG,FWMF,Stuttgart,de Bundesliga,20-329,2004,1.8,56,74,75.7,839,155,35,41,85.4,16,21,76.2,4,7,57.1,0,0.1,0.4,-0.1,2,2,1,1,3,Matches
283,Hicham Boudaoui,dz ALG,MF,Nice,fr Ligue 1,26-040,1999,8.1,235,285,82.5,3514,992,138,147,93.9,70,82,85.4,15,28,53.6,2,1.5,1.4,+0.5,10,24,12,2,32,Matches
284,Justin Bourgault,fr FRA,MFDF,Brest,fr Ligue 1,20-049,2005,0.2,7,7,100.0,113,51,6,6,100.0,0,0,,1,1,100.0,0,0.0,0.0,0.0,0,1,0,0,0,Matches
285,Jarrod Bowen,eng ENG,FWMF,West Ham,eng Premier League,28-317,1996,9.0,156,220,70.9,2225,503,93,110,84.5,48,60,80.0,6,17,35.3,1,1.4,1.2,-0.4,9,8,10,4,18,Matches
286,Lucas Boyé,ar ARG,FWMF,Alavés,es La Liga,29-247,1996,5.1,70,106,66.0,867,223,38,45,84.4,18,30,60.0,3,4,75.0,0,0.6,0.4,-0.6,8,6,5,0,10,Matches
287,Enzo Boyomo,cm CMR,DF,Osasuna,es La Liga,24-026,2001,10.0,384,473,81.2,6815,2580,144,155,92.9,206,229,90.0,28,72,38.9,0,0.8,0.7,-0.8,4,29,5,1,35,Matches
288,Domagoj Bradarić,hr CRO,DFFW,Hellas Verona,it Serie A,25-327,1999,6.9,176,246,71.5,2756,754,91,101,90.1,70,89,78.7,9,36,25.0,0,1.4,1.1,-1.4,7,7,3,1,11,Matches
289,Conor Bradley,nir NIR,DF,Liverpool,eng Premier League,22-116,2003,5.0,259,301,86.0,4117,1141,140,149,94.0,102,115,88.7,15,29,51.7,0,0.0,0.3,0.0,1,21,6,2,22,Matches
290,Bilal Brahimi,dz ALG,FW,Nice,fr Ligue 1,25-233,2000,0.0,3,5,60.0,34,8,2,2,100.0,1,1,100.0,0,2,0.0,0,0.2,0.1,-0.2,1,0,0,0,0,Matches
291,Julian Brandt,de GER,FWMF,Dortmund,de Bundesliga,29-184,1996,4.0,140,180,77.8,2182,441,76,95,80.0,51,64,79.7,10,13,76.9,2,1.5,1.7,+0.5,8,11,5,1,15,Matches
292,Lilian Brassier,fr FRA,DF,Rennes,fr Ligue 1,26-000,1999,4.4,252,298,84.6,4622,1823,88,95,92.6,141,155,91.0,17,36,47.2,0,0.0,0.1,0.0,0,33,1,0,29,Matches
293,Iker Bravo,es ESP,FW,Udinese,it Serie A,20-293,2005,1.8,28,39,71.8,445,105,13,15,86.7,14,16,87.5,1,4,25.0,0,0.2,0.2,-0.2,3,1,4,0,7,Matches
294,Josip Brekalo,hr CRO,FW,Oviedo,es La Liga,27-132,1998,3.4,110,149,73.8,1938,557,54,71,76.1,43,54,79.6,12,16,75.0,0,0.8,0.5,-0.8,9,9,3,0,20,Matches
295,Gleison Bremer,br BRA,DF,Juventus,it Serie A,28-229,1997,3.8,169,198,85.4,3441,1116,46,49,93.9,98,106,92.5,24,37,64.9,2,0.1,0.1,+1.9,3,4,0,0,4,Matches
296,Marco Brescianini,it ITA,MFDF,Atalanta,it Serie A,25-286,2000,1.8,68,83,81.9,1114,295,31,37,83.8,31,32,96.9,5,13,38.5,0,0.1,0.1,-0.1,2,11,0,0,10,Matches
297,Abel Bretones,es ESP,DFMF,Osasuna,es La Liga,25-073,2000,8.0,199,274,72.6,3117,1126,108,125,86.4,64,86,74.4,18,40,45.0,0,0.3,0.5,-0.3,7,16,6,4,18,Matches
298,Sascha Britschgi,ch SUI,DF,Parma,it Serie A,19-067,2006,4.5,87,132,65.9,1391,559,46,60,76.7,33,53,62.3,7,10,70.0,0,0.1,0.1,-0.1,1,7,1,1,7,Matches
299,Brian Brobbey,nl NED,FW,Sunderland,eng Premier League,23-274,2002,0.8,6,13,46.2,71,22,5,7,71.4,1,2,50.0,0,1,0.0,1,0.1,0.0,+0.9,1,1,0,0,2,Matches
300,Marius Broholm,no NOR,FW,Lille,fr Ligue 1,20-311,2004,1.3,42,58,72.4,581,166,30,37,81.1,11,15,73.3,1,3,33.3,0,0.2,0.1,-0.2,2,3,2,0,7,Matches
301,Armando Broja,al ALB,FW,Burnley,eng Premier League,24-053,2001,0.7,4,6,66.7,50,9,3,4,75.0,1,1,100.0,0,0,,0,0.0,0.0,0.0,0,0,0,0,0,Matches
302,David Brooks,wls WAL,FWMF,Bournemouth,eng Premier League,28-117,1997,5.3,148,218,67.9,2220,734,77,91,84.6,52,74,70.3,10,29,34.5,1,1.4,1.4,-0.4,7,15,7,4,17,Matches
303,Nathaniel Brown,de GER,DFFW,Eint Frankfurt,de Bundesliga,22-139,2003,6.8,249,303,82.2,3799,880,138,152,90.8,91,107,85.0,14,26,53.8,2,0.9,1.3,+1.1,8,16,3,1,17,Matches
304,Brugui,es ESP,MF,Levante,es La Liga,28-363,1996,7.1,126,159,79.2,1662,337,89,103,86.4,29,37,78.4,3,7,42.9,1,0.4,0.4,+0.6,4,11,6,2,8,Matches
305,Paris Brunner,de GER,FW,Monaco,fr Ligue 1,19-260,2006,0.9,9,17,52.9,124,30,6,8,75.0,1,1,100.0,1,3,33.3,0,0.0,0.0,0.0,0,1,1,0,2,Matches
306,Jacob Bruun Larsen,dk DEN,FWMF,Burnley,eng Premier League,27-044,1998,4.4,84,112,75.0,1079,238,54,61,88.5,21,31,67.7,2,6,33.3,1,0.6,0.5,+0.4,2,5,4,2,7,Matches
307,Tajon Buchanan,ca CAN,MF,Villarreal,es La Liga,26-267,1999,7.2,171,212,80.7,2426,533,102,117,87.2,57,68,83.8,6,13,46.2,0,0.6,0.7,-0.6,7,5,5,1,16,Matches
308,Ante Budimir,hr CRO,FW,Osasuna,es La Liga,34-103,1991,9.1,87,150,58.0,986,239,59,81,72.8,18,37,48.6,1,6,16.7,0,0.3,0.3,-0.3,3,6,2,0,7,Matches
309,Emi Buendía,ar ARG,FWMF,Aston Villa,eng Premier League,28-312,1996,4.0,117,145,80.7,1754,564,70,77,90.9,32,40,80.0,8,14,57.1,2,0.5,0.7,+1.5,7,14,9,0,24,Matches
310,Hugo Bueno,es ESP,DFMF,Wolves,eng Premier League,23-045,2002,7.8,288,381,75.6,4910,1186,136,158,86.1,123,152,80.9,25,54,46.3,0,1.0,1.1,-1.0,13,16,18,17,20,Matches
311,Manu Bueno,es ESP,MF,Sevilla,es La Liga,21-098,2004,0.1,5,6,83.3,64,25,4,5,80.0,1,1,100.0,0,0,,0,0.0,0.0,0.0,0,0,1,1,0,Matches
312,Santiago Bueno,uy URU,DF,Wolves,eng Premier League,26-358,1998,6.4,279,317,88.0,5627,1795,77,88,87.5,168,177,94.9,32,46,69.6,0,0.1,0.4,-0.1,3,21,1,1,21,Matches
313,Louis Buffon,it ITA,FW,Pisa,it Serie A,17-309,2007,0.2,0,1,0.0,0,0,0,0,,0,0,,0,0,,0,0.0,0.0,0.0,0,0,0,0,0,Matches
314,Adam Buksa,pl POL,FW,Udinese,it Serie A,29-113,1996,3.5,36,64,56.3,406,97,18,29,62.1,9,17,52.9,1,1,100.0,0,0.3,0.2,-0.3,4,2,0,0,3,Matches
315,Andrija Bulatović,me MNE,MF,Lens,fr Ligue 1,18-310,2006,0.1,4,7,57.1,39,0,4,7,57.1,0,0,,0,0,,0,0.0,0.0,0.0,0,0,0,0,0,Matches
316,Marius Bülter,de GER,FWMF,Köln,de Bundesliga,32-218,1993,4.2,72,105,68.6,1252,458,39,42,92.9,20,36,55.6,11,16,68.8,3,1.7,1.2,+1.3,9,11,9,4,12,Matches
317,Facundo Buonanotte,ar ARG,MF,Chelsea,eng Premier League,20-314,2004,0.5,20,22,90.9,251,29,15,16,93.8,3,4,75.0,1,1,100.0,0,0.3,0.1,-0.3,2,2,0,0,0,Matches
318,Alessandro Buongiorno,it ITA,DF,Napoli,it Serie A,26-149,1999,5.4,297,322,92.2,5083,1532,123,128,96.1,160,165,97.0,11,21,52.4,1,0.1,0.1,+0.9,1,20,3,2,24,Matches
319,Wouter Burger,nl NED,MF,Hoffenheim,de Bundesliga,24-259,2001,6.0,207,284,72.9,2988,988,114,138,82.6,69,88,78.4,10,29,34.5,1,1.4,0.7,-0.4,9,26,5,0,31,Matches
320,Jonathan Burkardt,de GER,FW,Eint Frankfurt,de Bundesliga,25-114,2000,5.7,63,89,70.8,897,133,33,39,84.6,17,24,70.8,7,9,77.8,0,0.2,0.3,-0.2,5,4,2,0,4,Matches
321,Oliver Burke,sct SCO,MFFW,Union Berlin,de Bundesliga,28-209,1997,4.5,53,75,70.7,755,227,36,47,76.6,12,17,70.6,3,4,75.0,0,0.2,0.2,-0.2,4,4,1,0,9,Matches
322,Vincent Burlet,be BEL,DF,Lille,fr Ligue 1,20-040,2005,0.2,15,16,93.8,239,110,7,7,100.0,7,7,100.0,1,2,50.0,0,0.5,0.1,-0.5,1,1,2,1,2,Matches
323,Dan Burn,eng ENG,DF,Newcastle Utd,eng Premier League,33-177,1992,9.0,291,411,70.8,5287,2170,112,139,80.6,153,191,80.1,21,61,34.4,1,0.1,0.2,+0.9,3,16,4,1,26,Matches
324,Marnon Busch,de GER,DFMF,Heidenheim,de Bundesliga,30-329,1994,4.7,131,174,75.3,2856,970,41,44,93.2,67,84,79.8,22,37,59.5,1,0.4,0.4,+0.6,3,17,0,0,15,Matches
325,Aurélio Buta,pt POR,DF,Eint Frankfurt,de Bundesliga,28-265,1997,1.5,62,79,78.5,911,229,36,39,92.3,24,30,80.0,2,6,33.3,0,0.0,0.1,0.0,1,3,2,0,3,Matches
326,Jean Butez,fr FRA,GK,Como,it Serie A,30-147,1995,10.0,333,404,82.4,8825,6009,76,77,98.7,160,160,100.0,97,167,58.1,0,0.0,0.0,0.0,0,12,1,0,2,Matches
327,Sam Byram,eng ENG,DF,Leeds United,eng Premier League,32-047,1993,0.1,1,1,100.0,12,0,1,1,100.0,0,0,,0,0,,0,0.0,0.0,0.0,0,0,0,0,0,Matches
328,William Bøving,dk DEN,MFFW,Mainz 05,de Bundesliga,22-246,2003,0.8,17,28,60.7,224,65,7,10,70.0,5,6,83.3,1,3,33.3,0,0.0,0.0,0.0,0,0,1,0,2,Matches
329,Jorge Cabello,es ESP,DF,Levante,es La Liga,21-191,2004,2.7,42,51,82.4,798,291,13,14,92.9,23,24,95.8,5,12,41.7,0,0.0,0.0,0.0,0,4,0,0,6,Matches
330,Pape Cabral,fr FRA,MF,Monaco,fr Ligue 1,18-286,2007,0.5,28,31,90.3,455,83,13,14,92.9,12,13,92.3,2,2,100.0,0,0.0,0.0,0.0,0,0,1,0,1,Matches
331,Leandro Cabrera,uy URU,DF,Espanyol,es La Liga,34-138,1991,9.0,308,378,81.5,5807,2629,105,113,92.9,173,191,90.6,27,69,39.1,0,0.3,0.3,-0.3,4,18,1,0,21,Matches
332,Anthony Caci,fr FRA,DFMF,Mainz 05,de Bundesliga,28-124,1997,3.4,171,235,72.8,2857,1369,78,92,84.8,66,83,79.5,19,41,46.3,0,0.4,0.5,-0.4,6,29,12,4,25,Matches
333,Noah Cadiou,gp GLP,MF,Lorient,fr Ligue 1,27-007,1998,1.6,56,68,82.4,1016,265,22,24,91.7,29,35,82.9,4,6,66.7,0,0.0,0.0,0.0,0,7,0,0,9,Matches
334,Mathieu Cafaro,fr FRA,FWMF,Paris FC,fr Ligue 1,28-222,1997,0.4,19,26,73.1,284,14,13,15,86.7,6,8,75.0,0,1,0.0,0,0.1,0.1,-0.1,1,0,1,0,1,Matches
335,Moisés Caicedo,ec ECU,MF,Chelsea,eng Premier League,24-000,2001,9.5,522,575,90.8,8292,2388,280,289,96.9,215,232,92.7,22,32,68.8,1,0.9,0.8,+0.1,5,51,4,0,53,Matches
336,Tom Cairney,sct SCO,MF,Fulham,eng Premier League,34-286,1991,2.3,127,140,90.7,2218,661,56,60,93.3,57,65,87.7,12,13,92.3,0,0.0,0.1,0.0,2,12,2,0,14,Matches
337,Arturo Calabresi,it ITA,DF,Pisa,it Serie A,29-230,1996,1.6,49,61,80.3,970,259,15,15,100.0,29,35,82.9,5,9,55.6,0,0.0,0.1,0.0,0,4,1,0,4,Matches
338,Riccardo Calafiori,it ITA,DF,Arsenal,eng Premier League,23-167,2002,8.5,353,436,81.0,5756,1237,174,193,90.2,155,183,84.7,16,40,40.0,2,0.5,0.2,+1.5,4,24,5,2,32,Matches
339,Calebe,br BRA,MFDF,Alavés,es La Liga,25-186,2000,1.9,68,87,78.2,956,281,43,51,84.3,23,28,82.1,1,6,16.7,0,0.3,0.1,-0.3,6,4,1,0,7,Matches
340,Fernando Calero,es ESP,DF,Espanyol,es La Liga,30-049,1995,5.5,236,271,87.1,4131,1586,101,104,97.1,116,125,92.8,18,40,45.0,0,0.0,0.0,0.0,1,6,0,0,6,Matches
341,Duje Ćaleta-Car,hr CRO,DF,Real Sociedad,es La Liga,29-046,1996,7.7,408,447,91.3,7791,2980,141,148,95.3,229,242,94.6,34,48,70.8,0,0.1,0.5,-0.1,3,32,2,0,26,Matches
342,Hakan Çalhanoğlu,tr TUR,MF,Inter,it Serie A,31-267,1994,5.8,391,451,86.7,7408,1977,148,158,93.7,192,201,95.5,47,73,64.4,0,0.7,1.0,-0.7,12,46,8,0,44,Matches
343,Dominic Calvert-Lewin,eng ENG,FW,Leeds United,eng Premier League,28-231,1997,6.6,68,102,66.7,831,166,42,61,68.9,17,24,70.8,2,4,50.0,0,0.9,0.5,-0.9,8,7,3,0,7,Matches
344,Dani Calvo,es ESP,DF,Oviedo,es La Liga,31-215,1994,6.0,243,269,90.3,4739,1612,71,75,94.7,148,152,97.4,22,35,62.9,0,0.0,0.0,0.0,0,9,0,0,7,Matches
345,Adama Camara,fr FRA,MF,Paris FC,fr Ligue 1,29-015,1996,7.0,230,267,86.1,3894,772,105,122,86.1,102,113,90.3,17,22,77.3,0,0.1,0.2,-0.1,4,13,2,0,17,Matches
346,Amady Camara,ml MLI,FWMF,Nantes,fr Ligue 1,20-158,2005,1.5,30,47,63.8,504,116,18,22,81.8,9,15,60.0,3,6,50.0,0,0.0,0.0,0.0,1,1,2,0,2,Matches
347,Dawda Camara,mr MTN,FW,Girona,es La Liga,22-363,2002,0.8,7,10,70.0,148,10,2,3,66.7,4,4,100.0,1,2,50.0,0,0.2,0.0,-0.2,2,1,1,0,2,Matches
348,Lamine Camara,sn SEN,MF,Monaco,fr Ligue 1,21-305,2004,3.7,197,239,82.4,3171,856,99,107,92.5,79,89,88.8,14,32,43.8,3,1.5,1.1,+1.5,9,24,2,1,22,Matches
349,Mahdi Camara,fr FRA,MFDF,Rennes,fr Ligue 1,27-125,1998,6.0,219,253,86.6,3138,680,128,141,90.8,82,93,88.2,4,7,57.1,0,0.6,0.3,-0.6,6,19,5,0,27,Matches
350,Ousmane Camara,ml MLI,DF,Angers,fr Ligue 1,22-241,2003,8.7,272,315,86.3,5277,1746,81,88,92.0,165,174,94.8,24,50,48.0,0,0.1,0.0,-0.1,1,4,0,0,6,Matches
351,Francesco Camarda,it ITA,FW,Lecce,it Serie A,17-237,2008,3.6,29,41,70.7,425,55,15,22,68.2,9,11,81.8,2,2,100.0,0,0.0,0.0,0.0,0,3,0,0,4,Matches
352,Eduardo Camavinga,fr FRA,MF,Real Madrid,es La Liga,22-357,2002,3.0,180,197,91.4,2967,734,92,97,94.8,72,75,96.0,13,21,61.9,0,0.1,0.1,-0.1,2,30,3,0,18,Matches
353,Nicolò Cambiaghi,it ITA,FW,Bologna,it Serie A,24-309,2000,6.3,113,146,77.4,1836,399,62,72,86.1,46,57,80.7,4,11,36.4,2,1.5,1.0,+0.5,9,9,9,4,20,Matches
354,Andrea Cambiaso,it ITA,DFFW,Juventus,it Serie A,25-255,2000,7.3,358,418,85.6,5902,1665,191,211,90.5,125,143,87.4,33,44,75.0,1,1.5,1.5,-0.5,17,23,11,7,28,Matches
355,Axel Camblan,fr FRA,FWMF,Brest,fr Ligue 1,22-064,2003,0.1,3,3,100.0,38,0,2,2,100.0,1,1,100.0,0,0,,0,0.1,0.0,-0.1,1,0,0,0,0,Matches
356,Sergio Camello,es ESP,FWMF,Rayo Vallecano,es La Liga,24-265,2001,1.7,36,43,83.7,508,44,22,26,84.6,11,13,84.6,2,2,100.0,0,0.1,0.0,-0.1,3,2,0,0,1,Matches
357,Cole Campbell,us USA,FW,Dortmund,de Bundesliga,19-255,2006,0.2,4,7,57.1,54,8,3,3,100.0,1,2,50.0,0,0,,0,0.1,0.2,-0.1,1,0,0,0,0,Matches
358,Matteo Cancellieri,it ITA,FW,Lazio,it Serie A,23-263,2002,4.6,91,121,75.2,1209,317,56,69,81.2,33,41,80.5,0,3,0.0,0,0.3,0.8,-0.3,4,4,2,0,14,Matches
359,Fali Candé,gw GNB,DF,Sassuolo,it Serie A,27-282,1998,2.4,74,96,77.1,1237,385,29,31,93.5,37,43,86.0,5,14,35.7,0,0.0,0.0,0.0,1,3,0,0,3,Matches
360,Simone Canestrelli,it ITA,DF,Pisa,it Serie A,25-052,2000,9.0,275,342,80.4,5217,1984,94,109,86.2,146,168,86.9,28,51,54.9,0,0.1,0.1,-0.1,4,18,0,0,24,Matches
361,Jaydee Canvot,fr FRA,DF,Crystal Palace,eng Premier League,19-096,2006,0.0,2,2,100.0,22,14,2,2,100.0,0,0,,0,0,,0,0.0,0.0,0.0,0,0,0,0,0,Matches
362,Jaydee Canvot,fr FRA,MFDF,Toulouse,fr Ligue 1,19-096,2006,2.0,97,106,91.5,1732,439,33,38,86.8,60,62,96.8,4,6,66.7,0,0.0,0.0,0.0,0,3,0,0,3,Matches
363,Nicolás Capaldo,ar ARG,DFMF,Hamburger SV,de Bundesliga,28-049,1997,5.3,169,219,77.2,2834,963,69,79,87.3,85,104,81.7,8,21,38.1,1,0.3,0.8,+0.7,4,14,2,0,21,Matches
364,Pierrick Capelle,fr FRA,MF,Angers,fr Ligue 1,38-201,1987,0.6,17,23,73.9,302,142,8,8,100.0,7,9,77.8,1,3,33.3,0,0.2,0.2,-0.2,2,1,2,1,2,Matches
365,Elia Caprile,it ITA,GK,Cagliari,it Serie A,24-069,2001,9.0,203,299,67.9,5898,4330,40,40,100.0,85,86,98.8,76,170,44.7,0,0.0,0.0,0.0,0,8,0,0,0,Matches
366,Maxence Caqueret,fr FRA,MFFW,Como,it Serie A,25-260,2000,4.5,210,240,87.5,3220,1099,104,112,92.9,87,98,88.8,12,16,75.0,1,0.8,0.9,+0.2,8,21,7,2,26,Matches
367,Antonio Caracciolo,it ITA,DF,Pisa,it Serie A,35-125,1990,9.0,290,349,83.1,5304,1937,99,113,87.6,157,172,91.3,25,49,51.0,0,0.0,0.0,0.0,0,12,1,0,19,Matches
368,Valentin Carboni,ar ARG,MFFW,Genoa,it Serie A,20-242,2005,3.6,102,133,76.7,1526,467,55,65,84.6,38,45,84.4,5,9,55.6,0,0.2,0.3,-0.2,4,6,8,0,16,Matches
369,Sergi Cardona,es ESP,DF,Villarreal,es La Liga,26-117,1999,8.0,322,404,79.7,5150,1622,170,188,90.4,126,160,78.8,20,39,51.3,2,1.1,1.7,+0.9,9,17,13,7,24,Matches
370,Fábio Cardoso,pt POR,DF,Sevilla,es La Liga,31-197,1994,1.4,26,32,81.3,613,229,5,6,83.3,14,15,93.3,6,10,60.0,0,0.0,0.0,0.0,0,1,0,0,1,Matches
371,Johnny Cardoso,us USA,MF,Atlético Madrid,es La Liga,24-043,2001,2.0,94,111,84.7,1708,457,39,43,90.7,47,52,90.4,7,11,63.6,0,0.0,0.1,0.0,1,7,1,1,10,Matches
372,Igor Carioca,br BRA,DF,Lorient,fr Ligue 1,29-073,1996,4.5,206,244,84.4,3360,931,100,108,92.6,89,101,88.1,12,26,46.2,0,0.2,0.4,-0.2,5,9,4,0,18,Matches
373,Diego Carlos,br BRA,DF,Como,it Serie A,32-232,1993,6.4,306,337,90.8,5988,1933,88,92,95.7,187,197,94.9,28,45,62.2,0,0.0,0.0,0.0,0,11,0,0,9,Matches
374,Kevin Carlos,es ESP,FW,Nice,fr Ligue 1,24-206,2001,4.5,44,71,62.0,528,65,32,43,74.4,7,17,41.2,1,2,50.0,0,0.0,0.0,0.0,0,3,0,0,4,Matches
375,David Carmo,ao ANG,DF,Oviedo,es La Liga,26-106,1999,6.1,281,327,85.9,6462,2158,54,56,96.4,176,185,95.1,51,82,62.2,0,0.0,0.1,0.0,1,23,0,0,21,Matches
376,Carmona,es ESP,DFMF,Sevilla,es La Liga,23-277,2002,9.2,378,471,80.3,6249,1946,189,207,91.3,152,182,83.5,29,54,53.7,3,0.9,0.6,+2.1,6,28,4,2,24,Matches
377,Marco Carnesecchi,it ITA,GK,Atalanta,it Serie A,25-124,2000,10.0,286,372,76.9,8025,5783,44,44,100.0,159,160,99.4,83,166,50.0,0,0.0,0.0,0.0,0,3,0,0,0,Matches
378,Sergio Carreira,es ESP,MFDF,Celta Vigo,es La Liga,25-020,2000,6.9,315,381,82.7,5333,1817,141,159,88.7,148,172,86.0,18,31,58.1,0,0.3,0.3,-0.3,2,20,11,0,40,Matches
379,Álvaro Carreras,es ESP,DF,Real Madrid,es La Liga,22-224,2003,10.9,774,868,89.2,11762,3750,432,454,95.2,280,311,90.0,39,63,61.9,0,0.8,0.8,-0.8,14,92,7,0,100,Matches
380,Dani Carvajal,es ESP,DF,Real Madrid,es La Liga,33-295,1992,4.2,232,261,88.9,3794,1025,107,116,92.2,97,105,92.4,20,22,90.9,0,0.5,0.7,-0.5,2,12,5,0,18,Matches
381,Fabio Carvalho,pt POR,FWMF,Brentford,eng Premier League,23-064,2002,1.1,21,31,67.7,337,105,12,15,80.0,3,5,60.0,5,8,62.5,0,0.0,0.0,0.0,0,0,1,0,2,Matches
382,Cesare Casadei,it ITA,MF,Torino,it Serie A,22-296,2003,8.2,217,273,79.5,3547,876,105,123,85.4,96,111,86.5,12,22,54.5,0,0.6,0.5,-0.6,7,25,2,0,31,Matches
383,Marc Casado,es ESP,MF,Barcelona,es La Liga,22-049,2003,3.4,299,320,93.4,4682,1246,157,162,96.9,123,129,95.3,13,17,76.5,1,0.1,0.3,+0.9,5,29,2,0,20,Matches
384,Nicolò Casale,it ITA,DF,Bologna,it Serie A,27-261,1998,0.6,16,26,61.5,322,92,4,5,80.0,10,15,66.7,2,6,33.3,0,0.0,0.0,0.0,0,0,0,0,2,Matches
385,Casemiro,br BRA,MF,Manchester Utd,eng Premier League,33-252,1992,6.0,267,329,81.2,4815,1386,123,138,89.1,99,114,86.8,38,56,67.9,1,0.7,0.4,+0.3,6,25,0,0,29,Matches
386,Matty Cash,pl POL,DF,Aston Villa,eng Premier League,28-087,1997,9.7,417,533,78.2,7389,2075,173,184,94.0,191,224,85.3,41,100,41.0,0,0.7,0.7,-0.7,8,39,7,2,38,Matches
387,Josué Casimir,ht HAI,MFDF,Auxerre,fr Ligue 1,24-039,2001,8.7,218,304,71.7,3434,1000,123,148,83.1,69,97,71.1,18,41,43.9,0,0.3,0.7,-0.3,4,12,6,3,18,Matches
388,Cristian Cásseres Jr.,ve VEN,MF,Toulouse,fr Ligue 1,25-286,2000,8.0,278,349,79.7,5067,1771,115,132,87.1,129,154,83.8,30,49,61.2,0,1.1,1.2,-1.1,13,34,4,2,39,Matches
389,Timothy Castagne,be BEL,DFFW,Fulham,eng Premier League,29-332,1995,4.4,138,170,81.2,2162,638,69,77,89.6,58,71,81.7,7,14,50.0,0,0.2,0.1,-0.2,3,2,5,2,9,Matches
390,Valentín Castellanos,ar ARG,FW,Lazio,it Serie A,27-030,1998,4.8,57,93,61.3,806,230,39,54,72.2,10,21,47.6,5,8,62.5,3,1.4,0.8,+1.6,5,7,3,0,11,Matches
391,Castrin,es ESP,DF,Sevilla,es La Liga,22-305,2003,3.7,229,251,91.2,4903,1625,48,52,92.3,158,165,95.8,23,33,69.7,0,0.0,0.1,0.0,1,19,0,0,13,Matches
392,Jonny Castro,es ESP,DF,Alavés,es La Liga,31-244,1994,9.9,555,642,86.4,8624,3340,287,317,90.5,222,248,89.5,30,52,57.7,0,0.4,0.6,-0.4,7,48,5,2,50,Matches
393,Santiago Castro,ar ARG,FW,Bologna,it Serie A,21-034,2004,5.8,50,75,66.7,869,75,26,37,70.3,16,20,80.0,6,9,66.7,1,0.6,0.3,+0.4,7,0,3,0,5,Matches
394,Alessio Castro-Montes,be BEL,DFFW,Köln,de Bundesliga,28-169,1997,0.3,16,24,66.7,269,53,9,10,90.0,5,6,83.3,2,7,28.6,0,0.0,0.0,0.0,1,0,0,0,1,Matches
395,Danilo Cataldi,it ITA,MF,Lazio,it Serie A,31-088,1994,6.8,246,310,79.4,3835,1375,133,149,89.3,87,108,80.6,18,35,51.4,1,0.7,0.3,+0.3,5,23,0,0,24,Matches
396,Catena,es ESP,DF,Osasuna,es La Liga,31-005,1994,10.0,407,481,84.6,7899,3105,134,145,92.4,220,241,91.3,47,83,56.6,1,0.2,0.2,+0.8,4,14,1,0,20,Matches
397,Nicolò Cavuoti,it ITA,DF,Cagliari,it Serie A,22-212,2003,0.1,1,1,100.0,7,0,1,1,100.0,0,0,,0,0,,0,0.0,0.0,0.0,0,0,0,0,0,Matches
398,Santi Cazorla,es ESP,MFFW,Oviedo,es La Liga,40-324,1984,2.2,100,131,76.3,1820,583,48,56,85.7,35,40,87.5,15,29,51.7,0,0.4,0.5,-0.4,3,14,1,0,16,Matches
399,Dani Ceballos,es ESP,MF,Real Madrid,es La Liga,29-087,1996,3.1,234,251,93.2,3679,937,123,127,96.9,95,100,95.0,12,15,80.0,0,0.3,0.3,-0.3,6,32,4,0,29,Matches
400,Federico Ceccherini,it ITA,DF,Cremonese,it Serie A,33-175,1992,1.2,39,47,83.0,631,189,21,23,91.3,13,15,86.7,3,6,50.0,0,0.0,0.0,0.0,0,2,0,0,3,Matches
401,Abdoulie Ceesay,gm GAM,FW,St. Pauli,de Bundesliga,21-301,2004,1.4,16,22,72.7,198,39,10,14,71.4,5,6,83.3,0,0,,0,0.0,0.0,0.0,0,0,0,0,0,Matches
402,Zeki Çelik,tr TUR,DF,Roma,it Serie A,28-258,1997,6.2,267,344,77.6,3908,1309,149,167,89.2,96,115,83.5,11,30,36.7,1,0.2,0.3,+0.8,6,13,5,2,25,Matches
403,Fabien Centonze,fr FRA,DF,Nantes,fr Ligue 1,29-290,1996,0.2,8,14,57.1,154,88,4,5,80.0,3,6,50.0,1,1,100.0,0,0.0,0.0,0.0,0,1,0,0,1,Matches
404,Václav Černý,cz CZE,FW,Wolfsburg,de Bundesliga,28-016,1997,0.5,6,10,60.0,124,32,2,3,66.7,3,5,60.0,1,2,50.0,0,0.0,0.0,0.0,0,0,0,0,0,Matches
405,Julian Chabot,de GER,DF,Stuttgart,de Bundesliga,27-263,1998,7.1,509,580,87.8,9934,4121,159,179,88.8,286,309,92.6,58,80,72.5,0,0.0,0.3,0.0,1,48,3,0,37,Matches
406,El Chadaille Bitshiabu,fr FRA,DF,RB Leipzig,de Bundesliga,20-170,2005,0.2,16,18,88.9,262,63,9,10,90.0,4,5,80.0,2,2,100.0,0,0.0,0.0,0.0,0,0,0,0,0,Matches
407,Fares Chaïbi,dz ALG,MF,Eint Frankfurt,de Bundesliga,22-339,2002,6.6,243,336,72.3,3820,1000,133,153,86.9,77,109,70.6,21,47,44.7,5,1.6,0.8,+3.4,18,33,8,1,33,Matches
408,Ilyas Chaira,ma MAR,FWMF,Oviedo,es La Liga,24-273,2001,5.6,133,156,85.3,1884,301,81,90,90.0,41,48,85.4,6,8,75.0,0,0.1,0.3,-0.1,2,11,1,1,17,Matches
409,Trevoh Chalobah,eng ENG,DF,Chelsea,eng Premier League,26-120,1999,8.3,578,636,90.9,10354,2621,227,239,95.0,307,322,95.3,37,60,61.7,0,0.1,0.6,-0.1,2,41,4,1,30,Matches
410,Fallou Cham,gm GAM,DF,Hellas Verona,it Serie A,19-261,2006,2.4,56,87,64.4,894,399,26,34,76.5,24,32,75.0,4,10,40.0,0,0.6,0.1,-0.6,4,5,1,1,6,Matches
411,Brendan Chardonnet,fr FRA,DF,Brest,fr Ligue 1,30-315,1994,7.8,338,390,86.7,7410,2490,77,84,91.7,211,221,95.5,46,76,60.5,0,0.1,0.2,-0.1,3,18,1,0,15,Matches
412,Pep Chavarría,es ESP,DF,Rayo Vallecano,es La Liga,27-206,1998,10.2,487,604,80.6,8601,2888,212,230,92.2,231,269,85.9,41,73,56.2,2,1.5,1.3,+0.5,11,35,17,6,56,Matches
413,Arthur Chaves,br BRA,DF,Hoffenheim,de Bundesliga,24-277,2001,2.7,112,133,84.2,1984,591,43,45,95.6,57,66,86.4,8,16,50.0,0,0.1,0.0,-0.1,1,4,0,0,4,Matches
414,Walid Cheddira,ma MAR,FW,Sassuolo,it Serie A,27-284,1998,0.7,12,18,66.7,152,56,8,10,80.0,4,6,66.7,0,1,0.0,0,0.1,0.0,-0.1,2,1,0,0,1,Matches
415,Chema,es ESP,MF,Stuttgart,de Bundesliga,20-191,2005,4.5,196,234,83.8,3220,939,99,112,88.4,84,95,88.4,10,18,55.6,0,0.1,0.2,-0.1,4,23,2,0,35,Matches
416,Samir Chergui,dz ALG,DF,Paris FC,fr Ligue 1,26-269,1999,9.2,425,472,90.0,6868,1950,204,219,93.2,185,199,93.0,26,36,72.2,0,0.2,0.3,-0.2,2,18,2,1,22,Matches
417,Sidiki Cherif,fr FRA,FWMF,Angers,fr Ligue 1,18-322,2006,5.9,71,101,70.3,986,178,37,48,77.1,22,30,73.3,4,6,66.7,0,0.1,0.2,-0.1,2,5,0,0,5,Matches
418,Rayan Cherki,fr FRA,MFFW,Manchester City,eng Premier League,22-077,2003,1.0,74,87,85.1,1039,355,43,47,91.5,24,27,88.9,3,7,42.9,0,0.9,0.5,-0.9,3,9,5,1,9,Matches
419,Lucas Chevalier,fr FRA,GK,Paris S-G,fr Ligue 1,23-361,2001,11.0,263,284,92.6,5790,3288,61,61,100.0,158,159,99.4,43,61,70.5,0,0.0,0.0,0.0,0,0,0,0,0,Matches
420,Fabio Chiarodia,it ITA,DF,Gladbach,de Bundesliga,20-150,2005,3.1,181,202,89.6,3177,1057,67,69,97.1,105,113,92.9,8,17,47.1,0,0.0,0.1,0.0,0,15,2,0,18,Matches
421,Federico Chiesa,it ITA,FWMF,Liverpool,eng Premier League,28-008,1997,1.3,29,48,60.4,374,120,17,19,89.5,11,21,52.4,0,4,0.0,1,0.9,0.1,+0.1,1,3,2,0,6,Matches
422,Ben Chilwell,eng ENG,DFFW,Strasbourg,fr Ligue 1,28-316,1996,3.8,127,166,76.5,1802,886,77,84,91.7,40,48,83.3,6,21,28.6,0,0.0,0.1,0.0,0,7,1,0,9,Matches
423,Joris Chotard,fr FRA,MF,Brest,fr Ligue 1,24-039,2001,8.2,256,319,80.3,5040,1664,96,113,85.0,125,148,84.5,32,47,68.1,0,0.0,0.1,0.0,1,29,1,0,35,Matches
424,Andreas Christensen,dk DEN,DF,Barcelona,es La Liga,29-206,1996,3.5,279,290,96.2,4723,1620,114,118,96.6,153,157,97.5,7,8,87.5,0,0.0,0.1,0.0,1,28,0,0,16,Matches
425,Ryan Christie,sct SCO,MF,Bournemouth,eng Premier League,30-253,1995,2.1,80,110,72.7,1340,291,41,45,91.1,33,45,73.3,5,11,45.5,0,0.0,0.1,0.0,1,17,1,0,12,Matches
426,Carney Chukwuemeka,eng ENG,FWMF,Dortmund,de Bundesliga,22-013,2003,2.4,81,93,87.1,1078,293,57,64,89.1,22,23,95.7,1,1,100.0,0,0.2,0.5,-0.2,3,6,1,0,9,Matches
427,Samuel Chukwueze,ng NGA,FWMF,Fulham,eng Premier League,26-164,1999,0.5,21,31,67.7,356,71,10,11,90.9,8,12,66.7,2,4,50.0,1,0.5,0.4,+0.5,2,0,2,0,2,Matches
428,Samuel Chukwueze,ng NGA,FW,Milan,it Serie A,26-164,1999,0.3,12,16,75.0,174,41,7,8,87.5,5,6,83.3,0,2,0.0,0,0.0,0.1,0.0,0,2,1,0,2,Matches
429,Víctor Chust,es ESP,DF,Elche,es La Liga,25-242,2000,5.7,304,350,86.9,4995,1284,128,137,93.4,147,160,91.9,16,35,45.7,0,0.0,0.1,0.0,1,26,1,0,12,Matches
430,Alessandro Circati,au AUS,DF,Parma,it Serie A,22-023,2003,9.0,363,427,85.0,6816,2497,125,143,87.4,215,233,92.3,21,43,48.8,0,0.1,0.1,-0.1,3,18,2,0,20,Matches
431,Pathé Ciss,sn SEN,MFDF,Rayo Vallecano,es La Liga,31-231,1994,8.3,449,503,89.3,8944,3121,142,156,91.0,253,266,95.1,49,69,71.0,0,0.1,0.2,-0.1,4,69,1,0,58,Matches
432,Djaoui Cissé,fr FRA,MF,Rennes,fr Ligue 1,21-275,2004,3.8,150,188,79.8,2676,766,66,78,84.6,63,72,87.5,18,26,69.2,0,0.3,0.4,-0.3,4,25,3,0,29,Matches
433,Alexis Claude-Maurice,fr FRA,MFFW,Augsburg,de Bundesliga,27-149,1998,4.1,123,149,82.6,1762,297,69,74,93.2,50,58,86.2,2,9,22.2,0,0.2,0.4,-0.2,2,14,2,1,15,Matches
434,Jonathan Clauss,fr FRA,DFMF,Nice,fr Ligue 1,33-038,1992,6.8,302,403,74.9,4799,1891,166,187,88.8,105,139,75.5,23,56,41.1,2,1.2,1.4,+0.8,16,19,12,6,33,Matches
435,Nathaniel Clyne,eng ENG,DF,Crystal Palace,eng Premier League,34-211,1991,0.1,3,3,100.0,28,7,3,3,100.0,0,0,,0,0,,0,0.0,0.0,0.0,0,0,0,0,0,Matches
436,Saúl Coco,gq EQG,DF,Torino,it Serie A,26-266,1999,9.0,318,361,88.1,6102,2127,103,108,95.4,183,197,92.9,28,47,59.6,1,0.1,0.2,+0.9,2,19,1,1,21,Matches
437,Séamus Coleman,ie IRL,FW,Everton,eng Premier League,37-022,1988,0.0,0,0,,0,0,0,0,,0,0,,0,0,,0,0.0,0.0,0.0,0,0,0,0,0,Matches
438,Maxime Colin,fr FRA,DF,Metz,fr Ligue 1,33-352,1991,2.9,149,168,88.7,2273,675,76,78,97.4,66,75,88.0,5,9,55.6,0,0.0,0.0,0.0,0,5,1,0,8,Matches
439,Nathan Collins,ie IRL,DF,Brentford,eng Premier League,24-186,2001,10.0,363,435,83.4,7334,3105,104,119,87.4,218,231,94.4,39,76,51.3,0,0.5,0.4,-0.5,2,16,2,0,19,Matches
440,Nnamdi Collins,de GER,DF,Eint Frankfurt,de Bundesliga,21-296,2004,5.0,275,326,84.4,4936,1607,113,124,91.1,136,152,89.5,25,35,71.4,0,0.0,0.1,0.0,0,31,0,0,31,Matches
441,Michele Collocolo,it ITA,MF,Cremonese,it Serie A,25-359,1999,3.2,85,106,80.2,1168,226,59,64,92.2,20,25,80.0,4,11,36.4,0,0.1,0.0,-0.1,2,5,1,0,4,Matches
442,Santiago Colombatto,ar ARG,MF,Oviedo,es La Liga,28-289,1997,4.1,164,198,82.8,2857,889,72,79,91.1,80,93,86.0,10,20,50.0,1,0.4,0.5,+0.6,6,15,6,2,22,Matches
443,Lorenzo Colombo,it ITA,FWMF,Genoa,it Serie A,23-239,2002,4.7,41,75,54.7,505,88,25,39,64.1,10,22,45.5,1,4,25.0,0,0.0,0.0,0.0,0,4,0,0,3,Matches
444,Eray Cömert,ch SUI,DF,Valencia,es La Liga,27-271,1998,0.5,19,21,90.5,270,115,11,11,100.0,6,8,75.0,1,1,100.0,0,0.0,0.0,0.0,0,0,0,0,1,Matches
445,Santi Comesaña,es ESP,MF,Villarreal,es La Liga,29-028,1996,7.0,290,342,84.8,4800,1241,145,158,91.8,118,131,90.1,22,38,57.9,1,1.0,1.3,0.0,9,32,6,1,34,Matches
446,Pietro Comuzzo,it ITA,DF,Fiorentina,it Serie A,20-255,2005,3.3,112,131,85.5,2101,447,36,42,85.7,68,75,90.7,7,8,87.5,0,0.0,0.0,0.0,1,5,0,0,5,Matches
447,Francisco Conceição,pt POR,MFFW,Juventus,it Serie A,22-323,2002,5.6,176,217,81.1,2849,408,94,100,94.0,69,88,78.4,11,20,55.0,0,0.6,1.2,-0.6,8,8,4,2,11,Matches
448,Sirlord Conteh,de GER,FWMF,Heidenheim,de Bundesliga,29-116,1996,2.6,34,45,75.6,559,156,20,23,87.0,11,15,73.3,3,4,75.0,1,0.6,0.5,+0.4,6,1,3,1,3,Matches
449,Lewis Cook,eng ENG,MF,Bournemouth,eng Premier League,28-272,1997,0.1,3,6,50.0,40,7,2,2,100.0,1,3,33.3,0,1,0.0,0,0.0,0.0,0.0,0,0,0,0,0,Matches
450,Copete,es ESP,DF,Valencia,es La Liga,26-023,1999,6.8,285,326,87.4,5291,1722,95,99,96.0,162,177,91.5,25,41,61.0,0,0.0,0.1,0.0,1,10,1,1,17,Matches
451,Diego Coppola,it ITA,DF,Brighton,eng Premier League,21-309,2003,0.2,5,5,100.0,105,68,2,2,100.0,2,2,100.0,1,1,100.0,0,0.0,0.0,0.0,0,1,0,0,2,Matches
452,Francis Coquelin,fr FRA,MF,Nantes,fr Ligue 1,34-173,1991,1.7,59,69,85.5,958,212,28,33,84.8,26,28,92.9,3,5,60.0,0,0.0,0.0,0.0,0,3,0,0,4,Matches
453,Derek Cornelius,ca CAN,DF,Marseille,fr Ligue 1,27-342,1997,0.6,12,14,85.7,222,53,4,4,100.0,7,8,87.5,1,1,100.0,0,0.0,0.0,0.0,0,0,0,0,0,Matches
454,Maxwel Cornet,ci CIV,FWDF,Genoa,it Serie A,29-036,1996,0.8,16,28,57.1,209,45,11,14,78.6,2,2,100.0,2,7,28.6,0,0.1,0.1,-0.1,3,0,1,0,1,Matches
455,Félix Correia,pt POR,FW,Lille,fr Ligue 1,24-284,2001,7.8,257,337,76.3,4533,1664,126,147,85.7,89,110,80.9,33,47,70.2,4,2.7,2.3,+1.3,17,31,22,5,50,Matches
456,Thierry Correia,pt POR,DF,Valencia,es La Liga,26-238,1999,3.8,150,191,78.5,2399,894,73,85,85.9,67,83,80.7,6,15,40.0,0,0.1,0.3,-0.1,2,14,3,1,15,Matches
457,Coba da Costa,es ESP,MFFW,Getafe,es La Liga,23-099,2002,2.7,53,94,56.4,709,201,36,46,78.3,12,30,40.0,3,10,30.0,0,0.1,0.5,-0.1,2,5,3,2,9,Matches
458,Danny da Costa,de GER,DF,Mainz 05,de Bundesliga,32-112,1993,8.2,318,418,76.1,6370,2554,102,112,91.1,171,197,86.8,40,93,43.0,0,0.4,0.9,-0.4,5,39,11,4,45,Matches
459,Samu Costa,pt POR,MF,Mallorca,es La Liga,24-340,2000,5.6,195,254,76.8,3421,992,89,112,79.5,84,100,84.0,18,28,64.3,0,0.6,0.1,-0.6,3,19,1,1,17,Matches
460,David Costas,es ESP,DF,Oviedo,es La Liga,30-221,1995,3.9,135,153,88.2,2998,950,27,30,90.0,88,94,93.6,20,28,71.4,0,0.0,0.0,0.0,1,3,0,0,6,Matches
461,Grégoire Coudert,fr FRA,GK,Brest,fr Ligue 1,26-213,1999,2.4,52,83,62.7,1839,1533,3,3,100.0,26,26,100.0,23,54,42.6,0,0.0,0.0,0.0,0,4,0,0,0,Matches
462,Vladimír Coufal,cz CZE,DF,Hoffenheim,de Bundesliga,33-072,1992,7.9,281,380,73.9,5022,1914,118,127,92.9,114,149,76.5,37,83,44.6,2,1.9,1.7,+0.1,12,20,9,6,31,Matches
463,Abdoul Coulibaly,de GER,DF,Werder Bremen,de Bundesliga,18-163,2007,8.0,453,534,84.8,9086,2919,117,125,93.6,284,306,92.8,44,85,51.8,0,0.1,0.1,-0.1,3,23,1,0,18,Matches
464,Lassana Coulibaly,ml MLI,MF,Lecce,it Serie A,29-206,1996,7.3,138,179,77.1,2220,486,73,89,82.0,52,64,81.3,10,14,71.4,0,0.3,0.5,-0.3,7,16,1,0,16,Matches
465,Lasso Coulibaly,ci CIV,MFDF,Auxerre,fr Ligue 1,23-014,2002,2.3,63,85,74.1,1124,255,28,32,87.5,24,28,85.7,8,14,57.1,0,0.0,0.1,0.0,1,5,2,0,9,Matches
466,Mamadou Coulibaly,fr FRA,MF,Monaco,fr Ligue 1,21-195,2004,4.8,223,252,88.5,3638,820,109,114,95.6,80,91,87.9,21,25,84.0,1,0.8,0.7,+0.2,6,13,9,0,30,Matches
467,Soumaïla Coulibaly,fr FRA,DF,Brest,fr Ligue 1,22-019,2003,3.0,145,162,89.5,3129,863,26,28,92.9,100,103,97.1,19,30,63.3,0,0.0,0.0,0.0,0,6,1,0,1,Matches
468,Woyo Coulibaly,ml MLI,DF,Sassuolo,it Serie A,26-166,1999,2.6,90,101,89.1,1324,354,50,52,96.2,30,36,83.3,5,5,100.0,0,0.1,0.2,-0.1,2,2,2,1,7,Matches
469,Marius Courcoul,fr FRA,MF,Angers,fr Ligue 1,18-305,2007,1.2,34,45,75.6,461,137,16,20,80.0,13,16,81.3,0,3,0.0,0,0.0,0.1,0.0,2,6,0,0,9,Matches
470,Thibaut Courtois,be BEL,GK,Real Madrid,es La Liga,33-175,1992,11.0,259,336,77.1,6846,4629,49,49,100.0,130,132,98.5,79,153,51.6,0,0.0,0.0,0.0,0,6,0,0,0,Matches
471,Yan Couto,br BRA,DFMF,Dortmund,de Bundesliga,23-152,2002,5.2,247,307,80.5,4111,1210,114,123,92.7,120,143,83.9,12,30,40.0,1,1.0,1.1,0.0,7,6,5,2,14,Matches
472,Patrice Čović,hr CRO,MFFW,Werder Bremen,de Bundesliga,18-130,2007,2.3,91,120,75.8,1489,292,44,54,81.5,34,44,77.3,9,16,56.3,0,0.2,0.3,-0.2,1,8,1,1,9,Matches
473,Nicolas Cozza,fr FRA,DF,Nantes,fr Ligue 1,26-298,1999,5.4,146,208,70.2,2731,1256,55,69,79.7,70,87,80.5,17,40,42.5,0,0.1,0.1,-0.1,2,6,2,1,10,Matches
474,Ben Cremaschi,us USA,MF,Parma,it Serie A,20-245,2005,0.2,1,1,100.0,8,0,1,1,100.0,0,0,,0,0,,0,0.0,0.0,0.0,0,0,0,0,0,Matches
475,Charlie Cresswell,eng ENG,DF,Toulouse,fr Ligue 1,23-077,2002,10.0,421,483,87.2,8278,3342,131,141,92.9,249,261,95.4,36,73,49.3,1,0.4,0.2,+0.6,5,25,0,0,25,Matches
476,Bryan Cristante,it ITA,MF,Roma,it Serie A,30-244,1995,8.3,398,498,79.9,7305,2374,152,177,85.9,195,228,85.5,42,70,60.0,0,0.4,0.6,-0.4,5,60,8,0,51,Matches
477,Juan Cruz Armada,es ESP,DF,Osasuna,es La Liga,33-097,1992,5.4,158,185,85.4,2826,1343,61,65,93.8,82,90,91.1,13,26,50.0,0,0.1,0.2,-0.1,2,10,2,1,12,Matches
478,Juan Cuadrado,co COL,DFMF,Pisa,it Serie A,37-160,1988,3.0,95,124,76.6,1893,679,35,40,87.5,44,51,86.3,16,29,55.2,0,0.6,0.4,-0.6,6,8,6,3,13,Matches
479,Pau Cubarsí,es ESP,DF,Barcelona,es La Liga,18-284,2007,6.7,534,572,93.4,9180,3532,220,233,94.4,287,299,96.0,24,37,64.9,0,0.4,0.3,-0.4,3,61,2,0,44,Matches
480,Cucho,co COL,FW,Betis,es La Liga,26-196,1999,9.4,165,229,72.1,2386,561,93,119,78.2,34,52,65.4,18,24,75.0,1,1.0,0.8,0.0,8,13,3,0,19,Matches
481,Marc Cucurella,es ESP,DF,Chelsea,eng Premier League,27-103,1998,9.0,444,508,87.4,7273,2157,216,233,92.7,191,208,91.8,27,48,56.3,2,1.5,1.4,+0.5,14,38,6,1,37,Matches
482,Jorge Cuenca,es ESP,DF,Fulham,eng Premier League,25-350,1999,1.9,74,85,87.1,1263,517,27,27,100.0,41,42,97.6,4,11,36.4,0,0.0,0.0,0.0,0,1,0,0,2,Matches
483,Josh Cullen,ie IRL,MF,Burnley,eng Premier League,29-209,1996,9.5,392,466,84.1,6414,1821,213,230,92.6,138,168,82.1,34,49,69.4,1,0.8,0.7,+0.2,8,47,6,0,46,Matches
484,Pablo Cuñat,es ESP,GK,Levante,es La Liga,23-188,2002,2.0,43,71,60.6,1325,952,8,8,100.0,16,16,100.0,19,46,41.3,0,0.0,0.0,0.0,0,1,0,0,0,Matches
485,Jair Cunha,br BRA,DF,Nott'ham Forest,eng Premier League,20-240,2005,1.0,38,49,77.6,593,237,20,24,83.3,18,24,75.0,0,0,,0,0.0,0.0,0.0,0,2,0,0,1,Matches
486,Matheus Cunha,br BRA,MFFW,Manchester Utd,eng Premier League,26-159,1999,6.8,163,196,83.2,2291,706,96,105,91.4,42,53,79.2,11,16,68.8,0,0.6,0.9,-0.6,9,13,8,3,25,Matches
487,Patrick Cutrone,it ITA,FW,Parma,it Serie A,27-303,1998,6.4,74,121,61.2,896,194,45,58,77.6,22,38,57.9,0,7,0.0,0,0.0,0.1,0.0,1,5,0,0,5,Matches
488,Lucas Da Cunha,fr FRA,MF,Como,it Serie A,24-146,2001,7.4,401,451,88.9,6349,1812,215,224,96.0,148,164,90.2,25,41,61.0,0,0.6,0.9,-0.6,9,28,5,1,25,Matches
489,Adam Daghim,dk DEN,FW,Wolfsburg,de Bundesliga,20-035,2005,4.0,73,119,61.3,1039,444,45,56,80.4,23,38,60.5,2,8,25.0,0,0.0,0.7,0.0,0,7,4,0,15,Matches
490,Finn Dahmen,de GER,GK,Augsburg,de Bundesliga,27-220,1998,9.0,261,384,68.0,7405,5192,55,55,100.0,127,128,99.2,79,199,39.7,0,0.0,0.1,0.0,0,18,1,0,2,Matches
491,Mahmoud Dahoud,de GER,MF,Eint Frankfurt,de Bundesliga,29-305,1996,0.1,2,3,66.7,21,7,2,2,100.0,0,1,0.0,0,0,,0,0.0,0.0,0.0,0,0,0,0,0,Matches
492,Ameen Al-Dakhil,be BEL,DF,Stuttgart,de Bundesliga,23-241,2002,1.4,89,99,89.9,1499,276,37,38,97.4,49,55,89.1,3,5,60.0,0,0.0,0.0,0.0,2,13,0,0,8,Matches
493,Thijs Dallinga,nl NED,FWMF,Bologna,it Serie A,25-091,2000,2.9,55,76,72.4,875,165,31,41,75.6,17,21,81.0,5,6,83.3,2,0.3,0.5,+1.7,5,9,1,0,9,Matches
494,Diogo Dalot,pt POR,DF,Manchester Utd,eng Premier League,26-229,1999,6.5,212,280,75.7,3651,1264,98,115,85.2,92,119,77.3,18,36,50.0,1,1.0,0.9,0.0,8,9,8,5,15,Matches
495,Muhammed Damar,de GER,FWMF,Hoffenheim,de Bundesliga,21-207,2004,2.4,85,121,70.2,1414,518,41,47,87.2,34,41,82.9,7,24,29.2,0,0.4,0.5,-0.4,8,9,3,1,11,Matches
496,Mikkel Damsgaard,dk DEN,MF,Brentford,eng Premier League,25-122,2000,7.0,196,297,66.0,3438,1359,85,107,79.4,74,93,79.6,25,68,36.8,1,1.4,1.3,-0.4,10,19,11,4,33,Matches
497,Arnaut Danjuma,nl NED,FWMF,Valencia,es La Liga,28-275,1997,8.9,143,190,75.3,2423,364,73,90,81.1,45,56,80.4,19,28,67.9,1,0.3,0.7,+0.7,3,5,3,2,10,Matches
498,Kévin Danois,fr FRA,MF,Auxerre,fr Ligue 1,21-127,2004,8.8,365,434,84.1,6459,1851,169,195,86.7,138,155,89.0,47,60,78.3,0,1.4,1.0,-1.4,14,53,6,0,50,Matches
499,Kevin Danso,at AUT,DF,Tottenham,eng Premier League,27-044,1998,2.9,155,181,85.6,3123,1007,38,39,97.4,100,105,95.2,15,32,46.9,0,0.0,0.1,0.0,0,8,1,0,12,Matches
500,Dante,br BRA,DF,Nice,fr Ligue 1,42-015,1983,1.5,79,87,90.8,1386,629,35,36,97.2,30,32,93.8,9,14,64.3,0,0.0,0.0,0.0,0,9,1,0,4,Matches
501,Bence Dárdai,hu HUN,MF,Wolfsburg,de Bundesliga,19-282,2006,0.4,8,8,100.0,89,38,7,7,100.0,1,1,100.0,0,0,,0,0.0,0.0,0.0,1,2,0,0,2,Matches
502,Aiman Dardari,lu LUX,MF,Augsburg,de Bundesliga,20-226,2005,0.2,6,8,75.0,80,38,4,5,80.0,2,2,100.0,0,0,,0,0.0,0.0,0.0,0,0,1,0,1,Matches
503,Sergi Darder,es ESP,MFFW,Mallorca,es La Liga,31-315,1993,8.7,291,371,78.4,5854,1432,114,124,91.9,128,148,86.5,45,82,54.9,1,1.3,1.4,-0.3,14,34,7,5,49,Matches
504,Karl Darlow,wls WAL,GK,Leeds United,eng Premier League,35-025,1990,5.0,133,208,63.9,3849,2810,20,20,100.0,70,71,98.6,43,116,37.1,0,0.0,0.0,0.0,0,3,0,0,1,Matches
505,Matteo Darmian,it ITA,DF,Inter,it Serie A,35-335,1989,0.2,1,4,25.0,18,18,0,0,,1,3,33.3,0,1,0.0,0,0.0,0.0,0.0,0,0,0,0,0,Matches
506,Juan David Cabal,co COL,DF,Juventus,it Serie A,24-298,2001,0.4,13,14,92.9,217,57,4,4,100.0,7,8,87.5,1,1,100.0,0,0.0,0.0,0.0,0,3,0,0,3,Matches
507,Jonathan David,ca CAN,FW,Juventus,it Serie A,25-292,2000,4.6,82,108,75.9,979,182,49,65,75.4,20,27,74.1,3,3,100.0,1,0.7,0.3,+0.3,9,3,0,0,6,Matches
508,Davinchi,es ESP,DF,Getafe,es La Liga,18-017,2007,4.8,140,214,65.4,2186,1062,76,94,80.9,48,68,70.6,10,31,32.3,0,0.0,0.5,0.0,2,9,2,0,11,Matches
509,Keinan Davis,eng ENG,FW,Udinese,it Serie A,27-262,1998,6.0,78,99,78.8,1112,130,47,55,85.5,30,39,76.9,0,1,0.0,1,1.3,0.8,-0.3,10,1,4,0,5,Matches
510,Kevin De Bruyne,be BEL,MF,Napoli,it Serie A,34-127,1991,6.3,342,415,82.4,5892,1566,172,186,92.5,136,159,85.5,29,53,54.7,0,1.5,1.5,-1.5,15,50,15,3,43,Matches
511,Mathys De Carvalho,fr FRA,MF,Lyon,fr Ligue 1,20-185,2005,1.1,66,70,94.3,1283,266,23,23,100.0,34,36,94.4,9,10,90.0,0,0.0,0.0,0.0,0,3,0,0,4,Matches
512,Maxim De Cuyper,be BEL,DF,Brighton,eng Premier League,24-315,2000,4.5,184,227,81.1,3199,996,88,96,91.7,83,97,85.6,12,29,41.4,0,0.4,0.8,-0.4,5,11,6,2,19,Matches
513,Charles De Ketelaere,be BEL,MFFW,Atalanta,it Serie A,24-237,2001,5.8,194,245,79.2,3075,1160,107,123,87.0,67,89,75.3,16,23,69.6,0,1.6,2.1,-1.6,14,25,19,1,52,Matches
514,Jeffrey De Lange,nl NED,GK,Marseille,fr Ligue 1,27-215,1998,2.0,30,32,93.8,482,383,14,15,93.3,14,14,100.0,2,3,66.7,0,0.0,0.0,0.0,0,0,0,0,0,Matches
515,Manuel De Luca,it ITA,FW,Cremonese,it Serie A,27-108,1998,0.2,1,5,20.0,12,0,1,4,25.0,0,0,,0,0,,0,0.0,0.0,0.0,0,0,0,0,0,Matches
516,Théo De Percin,mq MTQ,GK,Auxerre,fr Ligue 1,24-273,2001,2.5,47,86,54.7,1550,1277,9,9,100.0,16,16,100.0,21,59,35.6,0,0.0,0.0,0.0,0,3,0,0,0,Matches
517,Lorenzo De Silvestri,it ITA,DF,Bologna,it Serie A,37-163,1988,1.6,42,56,75.0,809,354,16,19,84.2,21,29,72.4,4,4,100.0,0,0.1,0.1,-0.1,3,1,1,1,2,Matches
518,Thibault De Smet,be BEL,DF,Paris FC,fr Ligue 1,27-150,1998,6.3,339,395,85.8,5668,1567,153,164,93.3,159,174,91.4,21,44,47.7,1,0.3,0.4,+0.7,2,16,5,1,21,Matches
519,Koni De Winter,be BEL,DF,Milan,it Serie A,23-143,2002,1.9,95,113,84.1,1668,540,42,47,89.4,46,51,90.2,6,12,50.0,0,0.0,0.0,0.0,0,11,0,0,8,Matches
520,Alessandro Deiola,it ITA,MFDF,Cagliari,it Serie A,30-093,1995,4.8,129,162,79.6,2245,798,61,68,89.7,49,61,80.3,14,20,70.0,0,0.2,0.1,-0.2,2,8,2,0,9,Matches
521,Romain Del Castillo,fr FRA,FWMF,Brest,fr Ligue 1,29-218,1996,8.3,221,333,66.4,3683,1129,108,131,82.4,90,126,71.4,17,51,33.3,2,3.2,2.1,-1.2,22,15,14,5,20,Matches
522,Enrico Del Prato,it ITA,DF,Parma,it Serie A,25-357,1999,9.0,272,337,80.7,4777,1753,130,137,94.9,111,141,78.7,26,52,50.0,0,0.1,0.2,-0.1,1,25,1,0,25,Matches
523,Thomas Delaine,fr FRA,DFFW,Le Havre,fr Ligue 1,33-223,1992,2.1,115,158,72.8,1841,646,60,67,89.6,49,57,86.0,5,28,17.9,0,0.3,0.3,-0.3,3,10,2,2,11,Matches
524,Liam Delap,eng ENG,FW,Chelsea,eng Premier League,22-267,2003,1.0,9,15,60.0,137,38,4,7,57.1,5,7,71.4,0,0,,0,0.0,0.0,0.0,0,1,1,0,3,Matches
525,Fisayo Dele-Bashiru,ng NGA,MF,Lazio,it Serie A,24-269,2001,2.3,77,83,92.8,1120,118,45,50,90.0,26,27,96.3,3,3,100.0,0,0.1,0.0,-0.1,2,7,1,0,6,Matches
526,Ali Dembélé,fr FRA,DF,Torino,it Serie A,21-301,2004,0.1,3,7,42.9,69,60,1,2,50.0,1,2,50.0,1,2,50.0,0,0.0,0.0,0.0,0,1,0,0,0,Matches
527,Ousmane Dembélé,fr FRA,FW,Paris S-G,fr Ligue 1,28-171,1997,3.1,223,266,83.8,3865,1044,114,132,86.4,78,93,83.9,27,32,84.4,1,1.3,1.0,-0.3,13,28,13,2,41,Matches
528,Jessy Deminguet,fr FRA,MF,Metz,fr Ligue 1,27-299,1998,5.6,183,216,84.7,2946,749,93,96,96.9,70,81,86.4,13,27,48.1,0,0.0,0.2,0.0,1,16,1,0,21,Matches
529,Ermedin Demirović,ba BIH,FW,Stuttgart,de Bundesliga,27-222,1998,5.5,52,70,74.3,618,140,36,45,80.0,12,18,66.7,0,0,,1,0.5,0.8,+0.5,5,4,4,0,11,Matches
530,Rav van den Berg,nl NED,DF,Köln,de Bundesliga,21-118,2004,1.8,61,68,89.7,1102,416,19,21,90.5,38,40,95.0,3,6,50.0,0,0.0,0.0,0.0,0,5,0,0,3,Matches
531,Sepp van den Berg,nl NED,DF,Brentford,eng Premier League,23-317,2001,10.0,366,409,89.5,6729,2147,113,125,90.4,216,232,93.1,30,40,75.0,0,0.1,0.1,-0.1,1,16,0,0,17,Matches
532,Leander Dendoncker,be BEL,MF,Oviedo,es La Liga,30-201,1995,8.6,256,300,85.3,4452,906,105,121,86.8,128,140,91.4,16,23,69.6,0,0.4,0.3,-0.4,6,18,2,2,26,Matches
533,Daniel Denoon,ch SUI,DF,Pisa,it Serie A,21-278,2004,1.4,33,40,82.5,718,72,7,8,87.5,20,22,90.9,5,7,71.4,0,0.0,0.0,0.0,0,0,0,0,0,Matches
534,Nelson Deossa,co COL,MF,Betis,es La Liga,25-269,2000,0.9,45,49,91.8,649,128,28,28,100.0,11,12,91.7,4,6,66.7,0,0.1,0.1,-0.1,1,1,2,0,5,Matches
535,Rémy Descamps,fr FRA,GK,Lyon,fr Ligue 1,29-130,1996,4.0,91,125,72.8,2017,1291,23,23,100.0,51,54,94.4,17,47,36.2,0,0.0,0.0,0.0,0,1,0,0,0,Matches
536,Bahmed Deuff,mr MTN,MFFW,Nantes,fr Ligue 1,19-234,2006,0.9,18,22,81.8,277,35,11,12,91.7,6,7,85.7,0,1,0.0,0,0.2,0.2,-0.2,1,0,1,1,1,Matches
537,Justin Devenny,nir NIR,MFFW,Crystal Palace,eng Premier League,22-022,2003,1.8,39,55,70.9,625,134,21,25,84.0,14,18,77.8,3,8,37.5,0,0.1,0.2,-0.1,2,5,1,0,5,Matches
538,Kiernan Dewsbury-Hall,eng ENG,MF,Everton,eng Premier League,27-057,1998,7.9,227,294,77.2,3735,970,111,129,86.0,93,106,87.7,18,49,36.7,1,2.2,2.0,-1.2,15,26,22,3,44,Matches
539,Michele Di Gregorio,it ITA,GK,Juventus,it Serie A,28-098,1997,9.0,231,285,81.1,6116,3689,34,34,100.0,131,131,100.0,66,117,56.4,0,0.0,0.0,0.0,0,3,0,0,0,Matches
540,Giovanni Di Lorenzo,it ITA,DF,Napoli,it Serie A,32-090,1993,10.0,560,667,84.0,8720,2948,286,313,91.4,245,286,85.7,24,44,54.5,0,1.0,1.1,-1.0,5,55,5,1,65,Matches
541,Alessandro Di Pardo,it ITA,DF,Cagliari,it Serie A,26-107,1999,0.6,18,24,75.0,303,108,7,8,87.5,10,13,76.9,1,2,50.0,0,0.0,0.0,0.0,0,0,0,0,2,Matches
542,Boulaye Dia,sn SEN,FWMF,Lazio,it Serie A,28-351,1996,5.6,105,130,80.8,1396,168,60,67,89.6,31,36,86.1,4,6,66.7,0,0.0,0.1,0.0,2,9,1,0,10,Matches
543,Bambo Diaby,sn SEN,DF,Elche,es La Liga,27-320,1997,0.5,29,30,96.7,525,156,9,10,90.0,19,19,100.0,1,1,100.0,0,0.0,0.0,0.0,0,1,0,0,0,Matches
544,Mouctar Diakhaby,gn GUI,DF,Valencia,es La Liga,28-318,1996,5.0,213,248,85.9,3945,1410,81,88,92.0,112,121,92.6,20,34,58.8,0,0.0,0.1,0.0,1,12,0,0,17,Matches
545,Bafodé Diakité,fr FRA,DF,Bournemouth,eng Premier League,24-300,2001,7.0,319,361,88.4,6331,2134,86,94,91.5,202,216,93.5,29,45,64.4,0,0.1,0.1,-0.1,3,24,0,0,19,Matches
546,Amad Diallo,ci CIV,DFMF,Manchester Utd,eng Premier League,23-114,2002,7.4,279,318,87.7,4142,938,168,179,93.9,91,106,85.8,15,21,71.4,1,1.2,1.2,-0.2,11,11,12,3,32,Matches
547,Habib Diallo,sn SEN,FW,Metz,fr Ligue 1,30-137,1995,6.8,55,79,69.6,792,93,26,36,72.2,17,25,68.0,5,5,100.0,1,0.2,0.2,+0.8,4,1,4,0,7,Matches
548,Grady Diangana,cd COD,MFFW,Elche,es La Liga,27-197,1998,1.6,39,48,81.3,511,98,28,30,93.3,8,12,66.7,2,2,100.0,0,0.0,0.0,0.0,0,2,0,0,2,Matches
549,Assane Diao,sn SEN,FW,Como,it Serie A,20-056,2005,2.1,50,70,71.4,661,110,33,39,84.6,14,21,66.7,1,3,33.3,0,0.0,0.1,0.0,0,1,1,0,7,Matches
550,Soriba Diaoune,fr FRA,FW,Lille,fr Ligue 1,18-080,2007,0.0,4,4,100.0,47,0,4,4,100.0,0,0,,0,0,,1,0.1,0.0,+0.9,1,0,0,0,0,Matches
551,Habib Diarra,sn SEN,MF,Sunderland,eng Premier League,21-303,2004,3.8,93,121,76.9,1328,214,56,63,88.9,31,38,81.6,4,7,57.1,0,0.0,0.1,0.0,1,11,2,0,13,Matches
552,Moussa Diarra,ml MLI,DF,Alavés,es La Liga,24-357,2000,2.4,61,93,65.6,936,343,31,39,79.5,24,36,66.7,3,10,30.0,0,0.0,0.0,0.0,1,2,1,1,1,Matches
553,Rúben Dias,pt POR,DF,Manchester City,eng Premier League,28-172,1997,8.1,550,586,93.9,9145,3185,251,261,96.2,278,292,95.2,15,26,57.7,0,0.0,0.2,0.0,1,32,0,0,29,Matches
554,Krépin Diatta,sn SEN,DFFW,Monaco,fr Ligue 1,26-250,1999,6.1,259,335,77.3,4035,1285,144,166,86.7,95,123,77.2,15,29,51.7,1,1.3,1.6,-0.3,10,18,9,5,31,Matches
555,Mory Diaw,sn SEN,GK,Le Havre,fr Ligue 1,32-133,1993,10.0,298,390,76.4,7778,4744,50,51,98.0,166,167,99.4,81,170,47.6,1,0.8,0.0,+0.2,3,3,1,0,0,Matches
556,Brahim Díaz,ma MAR,FWMF,Real Madrid,es La Liga,26-091,1999,2.5,93,102,91.2,1109,194,64,65,98.5,22,24,91.7,1,2,50.0,2,1.5,1.0,+0.5,8,7,3,2,5,Matches
557,Junior Diaz,ci CIV,DF,Brest,fr Ligue 1,22-102,2003,6.2,185,220,84.1,4216,1244,39,42,92.9,111,123,90.2,33,47,70.2,0,0.0,0.0,0.0,1,10,0,0,16,Matches
558,Luis Díaz,co COL,FW,Bayern Munich,de Bundesliga,28-293,1997,7.9,306,380,80.5,4812,928,172,194,88.7,103,133,77.4,22,31,71.0,4,2.1,1.2,+1.9,20,16,9,0,32,Matches
559,Pedro Díaz,es ESP,MFFW,Rayo Vallecano,es La Liga,27-150,1998,8.3,261,314,83.1,3882,671,149,163,91.4,95,107,88.8,10,23,43.5,0,0.5,0.4,-0.5,9,19,4,1,25,Matches
560,Tyler Dibling,eng ENG,FW,Everton,eng Premier League,19-235,2006,0.7,15,18,83.3,256,19,7,8,87.5,8,9,88.9,0,0,,0,0.0,0.0,0.0,0,1,0,0,0,Matches
561,Nouha Dicko,ml MLI,FW,Paris FC,fr Ligue 1,33-172,1992,0.5,7,11,63.6,91,31,4,5,80.0,3,5,60.0,0,0,,1,0.2,0.0,+0.8,1,0,0,0,1,Matches
562,Bamba Dieng,sn SEN,MFFW,Lorient,fr Ligue 1,25-224,2000,0.3,0,2,0.0,0,0,0,1,0.0,0,0,,0,1,0.0,1,0.3,0.0,+0.7,1,0,0,0,0,Matches
563,Eric Dier,eng ENG,DF,Monaco,fr Ligue 1,31-291,1994,6.0,451,489,92.2,8618,3113,141,148,95.3,266,278,95.7,40,54,74.1,0,0.1,0.3,-0.1,2,47,1,0,39,Matches
564,Lucas Digne,fr FRA,DF,Aston Villa,eng Premier League,32-105,1993,8.1,271,372,72.8,4542,1760,139,156,89.1,106,141,75.2,21,44,47.7,2,0.7,1.1,+1.3,9,15,9,5,17,Matches
565,Kevin Diks,id IDN,DF,Gladbach,de Bundesliga,29-027,1996,7.8,390,436,89.4,7148,2721,168,184,91.3,171,178,96.1,46,63,73.0,0,0.2,0.3,-0.2,3,21,3,1,31,Matches
566,Federico Dimarco,it ITA,DF,Inter,it Serie A,27-357,1997,7.3,291,391,74.4,5272,2105,137,156,87.8,108,140,77.1,40,75,53.3,3,3.3,2.8,-0.3,26,21,22,12,45,Matches
567,Junior Dina Ebimbe,fr FRA,FWMF,Brest,fr Ligue 1,24-346,2000,3.5,37,58,63.8,572,75,19,30,63.3,14,18,77.8,1,2,50.0,0,0.5,0.2,-0.5,2,1,0,0,3,Matches
568,Eren Dinkçi,de GER,FWMF,Freiburg,de Bundesliga,23-324,2001,2.5,55,86,64.0,850,268,31,40,77.5,19,30,63.3,4,7,57.1,0,0.1,0.3,-0.1,1,4,3,1,6,Matches
569,Sinaly Diomande,ci CIV,DF,Auxerre,fr Ligue 1,24-207,2001,1.7,90,97,92.8,1811,743,26,26,100.0,51,54,94.4,12,15,80.0,0,0.0,0.0,0.0,0,10,0,0,7,Matches
570,Yan Diomandé,ci CIV,FW,RB Leipzig,de Bundesliga,18-353,2006,5.2,146,190,76.8,2165,589,94,108,87.0,39,53,73.6,11,15,73.3,2,0.7,1.3,+1.3,7,10,6,0,21,Matches
571,Issa Diop,fr FRA,DF,Fulham,eng Premier League,28-297,1997,2.5,90,110,81.8,1646,694,39,42,92.9,41,43,95.3,10,19,52.6,0,0.0,0.0,0.0,0,10,0,0,7,Matches
572,Sérigné Diop,sn SEN,FW,Brest,fr Ligue 1,20-174,2005,0.1,2,3,66.7,53,23,1,1,100.0,0,0,,1,1,100.0,0,0.0,0.0,0.0,0,0,0,0,0,Matches
573,Sofiane Diop,fr FRA,MFFW,Nice,fr Ligue 1,25-146,2000,7.0,203,266,76.3,3372,1062,91,109,83.5,89,108,82.4,16,28,57.1,1,1.2,1.4,-0.2,10,27,9,1,46,Matches
574,Andy Diouf,fr FRA,MF,Inter,it Serie A,22-169,2003,0.3,13,15,86.7,172,24,7,8,87.5,5,6,83.3,0,0,,0,0.0,0.0,0.0,0,0,0,0,1,Matches
575,Andy Diouf,fr FRA,MF,Lens,fr Ligue 1,22-169,2003,1.0,33,40,82.5,559,138,15,17,88.2,17,21,81.0,1,1,100.0,0,0.0,0.0,0.0,0,3,2,0,3,Matches
576,El Hadji Malick Diouf,sn SEN,DF,West Ham,eng Premier League,20-309,2004,8.5,284,386,73.6,4467,1617,164,190,86.3,93,121,76.9,21,53,39.6,3,0.7,0.8,+2.3,7,19,8,3,26,Matches
577,Yehvann Diouf,sn SEN,GK,Nice,fr Ligue 1,25-351,1999,11.0,267,357,74.8,6728,4726,70,71,98.6,115,121,95.0,79,160,49.4,0,0.0,0.0,0.0,0,0,0,0,0,Matches
578,Assane Dioussé,sn SEN,MF,Auxerre,fr Ligue 1,28-043,1997,1.5,75,85,88.2,1414,400,32,33,97.0,31,35,88.6,10,13,76.9,0,0.1,0.1,-0.1,2,14,2,1,9,Matches
579,Matías Dituro,ar ARG,GK,Elche,es La Liga,38-178,1987,5.0,242,308,78.6,6295,4870,63,63,100.0,107,109,98.2,72,135,53.3,0,0.0,0.0,0.0,1,7,0,0,0,Matches
580,Djené,tg TOG,DF,Getafe,es La Liga,33-306,1991,8.4,171,226,75.7,3120,1063,70,77,90.9,87,110,79.1,13,36,36.1,0,0.0,0.0,0.0,1,14,0,0,12,Matches
581,Harouna Djibrin,cm CMR,FW,Angers,fr Ligue 1,18-362,2006,0.4,8,10,80.0,124,18,6,6,100.0,1,1,100.0,1,2,50.0,0,0.2,0.3,-0.2,2,0,0,0,0,Matches
582,Berat Djimsiti,al ALB,DF,Atalanta,it Serie A,32-256,1993,8.2,449,510,88.0,7573,2278,207,220,94.1,202,221,91.4,32,47,68.1,0,0.2,0.5,-0.2,2,19,2,0,29,Matches
583,Marko Dmitrović,rs SRB,GK,Espanyol,es La Liga,33-282,1992,10.0,191,311,61.4,5742,4580,42,43,97.7,80,80,100.0,68,186,36.6,0,0.0,0.0,0.0,0,7,1,0,0,Matches
584,Ritsu Doan,jp JPN,FWMF,Eint Frankfurt,de Bundesliga,27-139,1998,8.0,231,311,74.3,3331,1039,143,166,86.1,65,93,69.9,15,32,46.9,3,1.9,2.2,+1.1,12,12,14,6,31,Matches
585,Dodô,br BRA,DF,Fiorentina,it Serie A,26-350,1998,8.9,242,347,69.7,4407,1335,100,124,80.6,117,154,76.0,22,54,40.7,0,0.6,0.8,-0.6,8,11,9,7,19,Matches
586,Danilho Doekhi,nl NED,DF,Union Berlin,de Bundesliga,27-125,1998,9.0,211,277,76.2,4023,1587,81,96,84.4,106,122,86.9,20,48,41.7,0,0.4,0.4,-0.4,3,17,3,0,18,Matches
587,Matt Doherty,ie IRL,DF,Wolves,eng Premier League,33-290,1992,3.2,120,149,80.5,2389,750,48,54,88.9,57,66,86.4,15,25,60.0,0,0.1,0.0,-0.1,1,8,0,0,9,Matches
588,Josh Doig,sct SCO,DF,Sassuolo,it Serie A,23-168,2002,7.4,223,281,79.4,3507,1437,109,124,87.9,101,126,80.2,7,17,41.2,0,0.2,0.3,-0.2,5,11,5,3,22,Matches
589,Jeremy Doku,be BEL,MFFW,Manchester City,eng Premier League,23-159,2002,5.3,155,193,80.3,2226,560,96,110,87.3,53,61,86.9,4,8,50.0,3,2.6,1.9,+0.4,16,9,15,3,22,Matches
590,Tyrhys Dolan,eng ENG,FWMF,Espanyol,es La Liga,23-309,2001,7.4,132,192,68.8,2074,525,71,87,81.6,49,72,68.1,9,21,42.9,1,1.7,1.4,-0.7,10,10,9,8,14,Matches
591,Marc Domenech,es ESP,FWMF,Mallorca,es La Liga,19-305,2006,2.4,20,41,48.8,260,83,13,19,68.4,5,10,50.0,1,5,20.0,1,0.4,0.2,+0.6,2,0,3,1,4,Matches
592,Benjamín Domínguez,ar ARG,FWMF,Bologna,it Serie A,22-044,2003,1.2,28,35,80.0,399,42,14,18,77.8,13,13,100.0,0,3,0.0,1,0.1,0.1,+0.9,2,3,0,0,3,Matches
593,Carlos Dominguez,es ESP,DF,Celta Vigo,es La Liga,24-264,2001,4.5,275,295,93.2,4781,1714,105,107,98.1,156,160,97.5,13,25,52.0,0,0.1,0.0,-0.1,1,9,0,0,8,Matches
594,Nicolás Domínguez,ar ARG,MFFW,Nott'ham Forest,eng Premier League,27-127,1998,0.6,44,45,97.8,809,283,18,18,100.0,20,21,95.2,6,6,100.0,0,0.0,0.0,0.0,1,15,1,0,6,Matches
595,Jean-Luc Dompé,fr FRA,FW,Hamburger SV,de Bundesliga,30-082,1995,5.1,104,156,66.7,1780,605,45,58,77.6,42,56,75.0,12,29,41.4,0,1.3,1.4,-1.3,14,7,14,6,19,Matches
596,John Donald,es ESP,MFDF,Elche,es La Liga,25-064,2000,1.8,97,111,87.4,1378,356,53,59,89.8,38,40,95.0,2,4,50.0,0,0.0,0.0,0.0,0,7,0,0,5,Matches
597,Gianluigi Donnarumma,it ITA,GK,Manchester City,eng Premier League,26-250,1999,6.0,125,163,76.7,2958,1998,31,31,100.0,61,62,98.4,32,67,47.8,0,0.0,0.0,0.0,0,1,0,0,0,Matches
598,Patrick Dorgu,dk DEN,DF,Manchester Utd,eng Premier League,21-007,2004,6.1,169,236,71.6,2433,561,102,132,77.3,55,77,71.4,6,14,42.9,1,0.9,0.6,+0.1,7,5,7,3,8,Matches
599,Niklas Dorsch,de GER,MF,Heidenheim,de Bundesliga,27-291,1998,5.7,176,203,86.7,3445,979,57,64,89.1,87,97,89.7,25,31,80.6,0,0.1,0.3,-0.1,4,25,3,1,27,Matches
600,Lohann Doucet,fr FRA,MF,Paris FC,fr Ligue 1,23-049,2002,0.9,39,42,92.9,766,118,15,16,93.8,17,17,100.0,6,6,100.0,0,0.1,0.0,-0.1,4,4,1,0,9,Matches
601,Fodé Doucouré,ml MLI,MFFW,Le Havre,fr Ligue 1,24-272,2001,5.7,161,227,70.9,2511,744,97,108,89.8,48,66,72.7,11,34,32.4,0,2.0,0.9,-2.0,10,8,8,3,17,Matches
602,Désiré Doué,fr FRA,FWMF,Paris S-G,fr Ligue 1,20-152,2005,3.5,179,217,82.5,2633,451,109,124,87.9,58,69,84.1,8,16,50.0,1,0.8,0.5,+0.2,9,5,5,1,17,Matches
603,Guela Doué,ci CIV,DF,Strasbourg,fr Ligue 1,23-016,2002,5.3,268,313,85.6,4538,1710,116,128,90.6,135,156,86.5,14,22,63.6,3,1.2,0.8,+1.8,6,30,3,3,34,Matches
604,Ismaël Doukouré,fr FRA,DFMF,Strasbourg,fr Ligue 1,22-101,2003,7.2,387,438,88.4,6434,2124,171,181,94.5,194,208,93.3,14,27,51.9,1,0.5,0.2,+0.5,2,18,1,0,24,Matches
605,Kamory Doumbia,ml MLI,MF,Brest,fr Ligue 1,22-257,2003,6.9,175,224,78.1,2970,742,91,109,83.5,62,74,83.8,18,33,54.5,1,0.7,0.7,+0.3,7,22,4,0,26,Matches
606,Anastasios Douvikas,gr GRE,FW,Como,it Serie A,26-092,1999,4.8,66,86,76.7,1037,238,35,42,83.3,23,28,82.1,6,8,75.0,0,0.4,0.2,-0.4,4,7,4,0,11,Matches
607,Artem Dovbyk,ua UKR,FW,Roma,it Serie A,28-134,1997,3.0,47,66,71.2,516,68,31,37,83.8,8,13,61.5,0,0,,1,1.0,0.4,0.0,8,2,3,0,5,Matches
608,Max Dowman,eng ENG,FW,Arsenal,eng Premier League,15-306,2009,0.3,4,4,100.0,66,0,2,2,100.0,2,2,100.0,0,0,,0,0.0,0.0,0.0,0,0,0,0,0,Matches
609,Domingos Duarte,pt POR,DF,Getafe,es La Liga,30-237,1995,8.5,155,212,73.1,3345,1212,49,54,90.7,82,96,85.4,23,56,41.1,0,0.0,0.0,0.0,0,14,0,0,12,Matches
610,Martin Dúbravka,sk SVK,GK,Burnley,eng Premier League,36-291,1989,10.0,195,358,54.5,6392,4893,38,38,100.0,82,83,98.8,75,236,31.8,0,0.0,0.0,0.0,0,10,0,0,0,Matches
611,Denzel Dumfries,nl NED,DF,Inter,it Serie A,29-198,1996,7.0,176,239,73.6,2736,539,87,107,81.3,78,100,78.0,8,19,42.1,0,0.9,0.6,-0.9,8,5,6,1,13,Matches
612,Lewis Dunk,eng ENG,DF,Brighton,eng Premier League,33-346,1991,10.0,659,715,92.2,11575,3446,268,275,97.5,346,364,95.1,33,56,58.9,0,0.0,0.1,0.0,1,36,0,0,35,Matches
613,Pablo Durán,es ESP,FWMF,Celta Vigo,es La Liga,24-161,2001,4.7,67,107,62.6,1009,181,32,41,78.0,27,43,62.8,5,10,50.0,0,0.1,0.2,-0.1,1,4,4,0,10,Matches
614,Hugo Duro,es ESP,FW,Valencia,es La Liga,25-357,1999,6.6,97,135,71.9,1283,197,57,77,74.0,32,41,78.0,1,2,50.0,0,0.3,0.3,-0.3,4,7,0,0,9,Matches
615,Paulo Dybala,ar ARG,FWMF,Roma,it Serie A,31-352,1993,4.1,149,201,74.1,2442,737,75,85,88.2,43,59,72.9,19,33,57.6,1,1.0,1.4,0.0,16,12,11,1,21,Matches
616,Edin Džeko,ba BIH,FW,Fiorentina,it Serie A,39-230,1986,1.6,41,54,75.9,637,93,19,24,79.2,18,22,81.8,2,3,66.7,0,0.4,0.0,-0.4,2,4,1,1,5,Matches
617,Adam Dźwigała,pl POL,DF,St. Pauli,de Bundesliga,30-038,1995,4.5,203,244,83.2,3202,1391,108,114,94.7,75,91,82.4,14,27,51.9,0,0.0,0.1,0.0,0,15,1,0,13,Matches
618,Aron Dønnum,no NOR,MFFW,Toulouse,fr Ligue 1,27-196,1998,10.0,293,405,72.3,5651,2161,117,133,88.0,128,165,77.6,45,86,52.3,2,2.0,2.2,0.0,20,40,23,5,60,Matches
619,Simon Ebonog,cm CMR,MF,Le Havre,fr Ligue 1,21-078,2004,3.7,75,93,80.6,1016,179,42,50,84.0,28,33,84.8,1,4,25.0,0,0.0,0.1,0.0,1,5,2,0,8,Matches
620,Enzo Ebosse,cm CMR,DF,Hellas Verona,it Serie A,26-236,1999,0.6,26,30,86.7,506,229,7,8,87.5,10,11,90.9,5,6,83.3,0,0.0,0.0,0.0,0,3,1,0,4,Matches
621,Claudio Echeverri,ar ARG,MFFW,Leverkusen,de Bundesliga,19-304,2006,1.2,53,58,91.4,784,137,30,31,96.8,20,23,87.0,2,3,66.7,0,0.1,0.2,-0.1,1,3,2,0,5,Matches
622,Éderson,br BRA,MF,Atalanta,it Serie A,26-118,1999,5.0,286,319,89.7,5370,1530,112,124,90.3,146,157,93.0,24,34,70.6,0,0.0,0.4,0.0,1,31,6,0,38,Matches
623,Noah Edjouma,fr FRA,FWMF,Toulouse,fr Ligue 1,20-029,2005,2.1,36,53,67.9,595,118,19,25,76.0,15,21,71.4,2,4,50.0,0,0.4,0.5,-0.4,5,1,3,2,3,Matches
624,Odsonne Édouard,fr FRA,FW,Crystal Palace,eng Premier League,27-290,1998,0.0,0,1,0.0,0,0,0,0,,0,0,,0,0,,0,0.0,0.0,0.0,0,0,0,0,0,Matches
625,Odsonne Édouard,fr FRA,FW,Lens,fr Ligue 1,27-290,1998,4.1,55,68,80.9,698,198,36,42,85.7,15,20,75.0,2,2,100.0,0,0.4,0.3,-0.4,2,5,2,0,8,Matches
626,Marcus Edwards,eng ENG,MFFW,Burnley,eng Premier League,26-334,1998,0.2,3,5,60.0,32,5,2,2,100.0,1,2,50.0,0,0,,0,0.0,0.0,0.0,0,0,1,0,1,Matches
627,CJ Egan-Riley,eng ENG,DF,Marseille,fr Ligue 1,22-304,2003,4.3,344,368,93.5,6213,2153,122,126,96.8,195,204,95.6,23,31,74.2,0,0.7,0.4,-0.7,2,24,2,0,23,Matches
628,Maximilian Eggestein,de GER,MF,Freiburg,de Bundesliga,28-329,1996,9.0,318,390,81.5,5003,1429,148,181,81.8,138,157,87.9,17,30,56.7,0,0.6,0.7,-0.6,5,27,4,0,38,Matches
629,Kingsley Ehizibue,nl NED,DF,Udinese,it Serie A,30-161,1995,5.2,125,177,70.6,2271,697,41,50,82.0,70,86,81.4,11,26,42.3,0,0.0,0.1,0.0,0,7,2,1,8,Matches
630,Ovie Ejaria,eng ENG,MF,Oviedo,es La Liga,27-349,1997,1.7,57,66,86.4,822,194,28,28,100.0,26,28,92.9,1,2,50.0,0,0.1,0.4,-0.1,1,4,2,0,7,Matches
631,Chidera Ejuke,ng NGA,FWMF,Sevilla,es La Liga,27-304,1998,2.6,82,103,79.6,1389,222,39,45,86.7,35,40,87.5,6,10,60.0,1,0.8,0.4,+0.2,5,5,6,1,11,Matches
632,Hjalmar Ekdal,se SWE,DF,Burnley,eng Premier League,27-012,1998,5.9,138,165,83.6,2390,825,64,68,94.1,63,71,88.7,11,20,55.0,0,0.1,0.2,-0.1,2,5,0,0,6,Matches
633,Jeff Ekhator,it ITA,FW,Genoa,it Serie A,18-356,2006,3.1,34,62,54.8,453,59,23,35,65.7,7,15,46.7,3,3,100.0,0,0.1,0.1,-0.1,3,2,0,0,3,Matches
634,Hugo Ekitike,fr FRA,FW,Liverpool,eng Premier League,23-135,2002,6.4,81,115,70.4,1025,211,53,70,75.7,23,30,76.7,2,2,100.0,1,0.4,0.3,+0.6,5,3,4,0,10,Matches
635,Jurgen Ekkelenkamp,nl NED,MF,Udinese,it Serie A,25-211,2000,3.4,63,84,75.0,910,181,32,36,88.9,24,33,72.7,3,7,42.9,0,0.3,0.1,-0.3,3,7,1,0,6,Matches
636,Jacques Ekomie,ga GAB,DF,Angers,fr Ligue 1,22-075,2003,6.3,170,227,74.9,2505,1140,95,106,89.6,60,83,72.3,9,21,42.9,0,0.7,0.5,-0.7,6,11,5,4,17,Matches
637,Caleb Ekuban,gh GHA,FW,Genoa,it Serie A,31-224,1994,2.8,35,52,67.3,458,83,20,25,80.0,13,18,72.2,0,2,0.0,0,0.3,0.4,-0.3,4,1,1,0,5,Matches
638,Anthony Elanga,se SWE,FWMF,Newcastle Utd,eng Premier League,23-189,2002,4.3,105,160,65.6,1405,347,66,85,77.6,28,44,63.6,5,18,27.8,0,0.6,0.3,-0.6,6,5,6,5,6,Matches
639,Daniel Elfadli,ly LBY,DF,Hamburger SV,de Bundesliga,28-210,1997,7.3,354,370,95.7,6300,1880,127,129,98.4,204,211,96.7,17,22,77.3,0,0.3,0.4,-0.3,2,11,0,0,21,Matches
640,Unai Elgezabal,es ESP,DF,Levante,es La Liga,32-191,1993,7.0,243,277,87.7,4549,2135,81,86,94.2,132,140,94.3,25,43,58.1,0,0.2,0.3,-0.2,2,9,0,0,9,Matches
641,Mikael Ellertsson,is ISL,FWDF,Genoa,it Serie A,23-236,2002,7.8,141,191,73.8,2145,823,76,89,85.4,57,78,73.1,6,16,37.5,0,0.3,0.5,-0.3,5,6,3,1,16,Matches
642,Harvey Elliott,eng ENG,MFFW,Liverpool,eng Premier League,22-212,2003,0.0,4,8,50.0,52,7,3,6,50.0,1,1,100.0,0,1,0.0,0,0.0,0.0,0.0,0,0,0,0,0,Matches
643,Harvey Elliott,eng ENG,MFFW,Aston Villa,eng Premier League,22-212,2003,1.1,53,62,85.5,688,107,39,41,95.1,11,13,84.6,1,5,20.0,0,0.0,0.1,0.0,0,6,1,1,5,Matches
644,Elif Elmas,mk MKD,MFFW,Napoli,it Serie A,26-039,1999,2.8,87,105,82.9,1393,392,47,52,90.4,34,41,82.9,5,5,100.0,0,0.2,0.3,-0.2,3,9,3,0,13,Matches
645,Aritz Elustondo,es ESP,DF,Real Sociedad,es La Liga,31-219,1994,1.1,38,46,82.6,671,206,20,21,95.2,15,19,78.9,3,3,100.0,0,0.0,0.0,0.0,0,4,0,0,2,Matches
646,Nico Elvedi,ch SUI,DF,Gladbach,de Bundesliga,29-033,1996,9.0,484,518,93.4,8348,2705,197,207,95.2,258,267,96.6,23,33,69.7,0,0.0,0.2,0.0,2,23,3,0,35,Matches
647,Breel Embolo,ch SUI,FW,Rennes,fr Ligue 1,28-261,1997,5.2,47,78,60.3,621,139,25,43,58.1,11,15,73.3,4,5,80.0,0,0.2,0.2,-0.2,4,3,3,1,7,Matches
648,Emanuel Emegha,nl NED,FW,Strasbourg,fr Ligue 1,22-272,2003,2.5,16,19,84.2,185,25,9,10,90.0,2,2,100.0,1,1,100.0,2,1.2,0.1,+0.8,2,2,0,0,1,Matches
649,Emersonn,br BRA,FW,Toulouse,fr Ligue 1,21-109,2004,3.3,29,41,70.7,348,51,18,23,78.3,8,10,80.0,0,0,,1,0.1,0.1,+0.9,3,1,1,0,5,Matches
650,Julio Enciso,py PAR,MFFW,Strasbourg,fr Ligue 1,21-283,2004,1.8,45,59,76.3,567,150,27,33,81.8,15,16,93.8,0,2,0.0,0,0.1,0.1,-0.1,1,4,0,0,9,Matches
651,Wataru Endo,jp JPN,MFDF,Liverpool,eng Premier League,32-266,1993,0.4,19,22,86.4,283,79,14,16,87.5,3,4,75.0,2,2,100.0,1,0.1,0.0,+0.9,1,3,0,0,1,Matches
652,Endrick,br BRA,FW,Real Madrid,es La Liga,19-104,2006,0.1,0,0,,0,0,0,0,,0,0,,0,0,,0,0.0,0.0,0.0,0,0,0,0,0,Matches
653,Yannik Engelhardt,de GER,MF,Gladbach,de Bundesliga,24-268,2001,6.0,228,257,88.7,3622,817,112,126,88.9,102,106,96.2,8,12,66.7,1,0.2,0.2,+0.8,1,15,4,1,18,Matches
654,Christian Eriksen,dk DEN,MF,Wolfsburg,de Bundesliga,33-261,1992,2.7,88,119,73.9,1466,487,46,52,88.5,31,39,79.5,10,19,52.6,1,0.2,0.4,+0.8,4,11,3,1,10,Matches
655,Aarón Escandell,es ESP,GK,Oviedo,es La Liga,30-036,1995,10.0,256,355,72.1,7218,5175,49,49,100.0,115,120,95.8,92,185,49.7,0,0.0,0.0,0.0,0,2,0,0,0,Matches
656,Carlos Espí,es ESP,FW,Levante,es La Liga,20-101,2005,0.4,6,9,66.7,61,4,5,6,83.3,1,3,33.3,0,0,,0,0.0,0.0,0.0,0,0,0,0,0,Matches
657,Alfonso Espino,uy URU,DFFW,Rayo Vallecano,es La Liga,33-301,1992,1.4,74,103,71.8,1297,394,25,29,86.2,41,52,78.8,6,16,37.5,0,0.2,0.4,-0.2,2,6,2,1,5,Matches
658,Francesco Esposito,it ITA,FW,Inter,it Serie A,20-127,2005,3.2,58,80,72.5,768,131,32,42,76.2,15,21,71.4,3,5,60.0,0,0.2,0.3,-0.2,3,2,3,0,8,Matches
659,Sebastiano Esposito,it ITA,FWMF,Cagliari,it Serie A,23-123,2002,6.5,127,191,66.5,2252,940,61,73,83.6,44,61,72.1,17,32,53.1,0,0.5,0.7,-0.5,10,13,8,2,33,Matches
660,Romain Esse,eng ENG,FW,Crystal Palace,eng Premier League,20-173,2005,0.3,5,7,71.4,72,29,2,2,100.0,2,3,66.7,0,0,,0,0.0,0.0,0.0,0,1,1,0,2,Matches
661,Samuel Essende,cd COD,FW,Augsburg,de Bundesliga,27-283,1998,1.8,25,34,73.5,328,87,17,21,81.0,7,9,77.8,0,2,0.0,0,0.1,0.0,-0.1,2,3,0,0,4,Matches
662,Marco Esteban,es ESP,DF,Oviedo,es La Liga,19-305,2006,0.5,11,13,84.6,215,35,3,3,100.0,7,7,100.0,1,3,33.3,0,0.0,0.0,0.0,0,0,0,0,0,Matches
663,Maxime Estève,fr FRA,DF,Burnley,eng Premier League,23-160,2002,9.9,299,342,87.4,5117,1975,135,142,95.1,137,151,90.7,19,37,51.4,0,0.4,0.4,-0.4,3,24,0,0,20,Matches
664,Nahuel Estévez,ar ARG,MF,Parma,it Serie A,29-353,1995,3.2,82,122,67.2,1401,490,42,49,85.7,29,46,63.0,9,16,56.3,0,0.3,0.2,-0.3,5,7,2,1,11,Matches
665,Pervis Estupiñán,ec ECU,DF,Milan,it Serie A,27-285,1998,4.1,175,211,82.9,2428,802,102,117,87.2,57,71,80.3,7,10,70.0,1,0.8,0.8,+0.2,6,11,3,0,16,Matches
666,Karl Etta Eyong,cm CMR,FW,Villarreal,es La Liga,22-019,2003,2.8,23,29,79.3,253,61,14,16,87.5,3,5,60.0,1,1,100.0,2,0.7,0.4,+1.3,3,3,0,0,4,Matches
667,Karl Etta Eyong,cm CMR,FW,Levante,es La Liga,22-019,2003,6.0,60,89,67.4,736,183,36,48,75.0,15,25,60.0,2,3,66.7,1,0.8,0.4,+0.2,5,5,1,0,6,Matches
668,Evanilson,br BRA,FW,Bournemouth,eng Premier League,26-027,1999,6.8,89,106,84.0,967,150,57,62,91.9,21,24,87.5,1,2,50.0,0,0.8,0.3,-0.8,9,3,3,0,7,Matches
669,Edu Expósito,es ESP,MF,Espanyol,es La Liga,29-093,1996,7.2,257,348,73.9,4954,1958,99,113,87.6,109,132,82.6,43,86,50.0,3,2.8,2.8,+0.2,22,47,17,4,63,Matches
670,Eberechi Eze,eng ENG,MFFW,Arsenal,eng Premier League,27-126,1998,5.9,174,205,84.9,2753,565,89,98,90.8,73,83,88.0,9,14,64.3,2,0.8,0.9,+1.2,4,11,7,1,29,Matches
671,Eberechi Eze,eng ENG,MF,Crystal Palace,eng Premier League,27-126,1998,0.9,16,25,64.0,241,34,7,9,77.8,7,10,70.0,1,5,20.0,0,0.0,0.0,0.0,0,2,0,0,1,Matches
672,Abde Ezzalzouli,ma MAR,FW,Betis,es La Liga,23-320,2001,4.6,137,179,76.5,1657,453,90,103,87.4,28,40,70.0,5,8,62.5,1,1.4,1.0,-0.4,7,8,3,1,12,Matches
673,Giovanni Fabbian,it ITA,MF,Bologna,it Serie A,22-292,2003,3.7,70,87,80.5,1165,289,33,39,84.6,29,33,87.9,5,6,83.3,0,0.0,0.1,0.0,1,10,0,0,11,Matches
674,Alieu Fadera,gm GAM,FWMF,Sassuolo,it Serie A,23-364,2001,2.8,50,63,79.4,756,212,28,29,96.6,14,19,73.7,6,6,100.0,1,0.4,0.7,+0.6,2,4,4,0,6,Matches
675,Nicolò Fagioli,it ITA,MF,Fiorentina,it Serie A,24-263,2001,4.4,214,249,85.9,3961,1079,85,87,97.7,103,115,89.6,24,38,63.2,0,0.6,0.5,-0.6,6,12,4,2,22,Matches
676,Omar Falah,es ESP,DFMF,Oviedo,es La Liga,22-054,2003,0.2,8,9,88.9,144,54,5,5,100.0,2,2,100.0,1,1,100.0,0,0.0,0.0,0.0,0,1,0,0,0,Matches
677,Wladimiro Falcone,it ITA,GK,Lecce,it Serie A,30-204,1995,9.0,139,267,52.1,4661,3887,18,19,94.7,54,54,100.0,67,192,34.9,0,0.0,0.0,0.0,0,8,1,0,0,Matches
678,Ansu Fati,es ESP,MFFW,Monaco,fr Ligue 1,23-002,2002,3.7,96,121,79.3,1404,298,54,60,90.0,33,40,82.5,6,8,75.0,0,0.7,0.4,-0.7,7,5,4,1,14,Matches
679,Abdoulaye Faye,sn SEN,DF,Lorient,fr Ligue 1,21-041,2004,6.4,314,357,88.0,5586,2283,138,146,94.5,150,161,93.2,24,48,50.0,0,0.0,0.1,0.0,0,21,0,0,19,Matches
680,Jacopo Fazzini,it ITA,MFFW,Fiorentina,it Serie A,22-231,2003,4.0,89,118,75.4,1388,450,44,53,83.0,37,44,84.1,5,9,55.6,0,0.6,0.4,-0.6,5,12,7,1,23,Matches
681,Aleix Febas,es ESP,MF,Elche,es La Liga,29-273,1996,10.0,566,626,90.4,7802,2134,348,368,94.6,174,190,91.6,20,26,76.9,0,0.7,1.0,-0.7,12,65,7,0,71,Matches
682,Mattia Felici,it ITA,DFFW,Cagliari,it Serie A,24-199,2001,2.5,38,67,56.7,630,264,19,26,73.1,14,21,66.7,3,11,27.3,1,0.5,0.3,+0.5,4,4,3,2,6,Matches
683,Luiz Felipe,it ITA,DF,Rayo Vallecano,es La Liga,28-225,1997,2.4,110,119,92.4,1826,512,40,40,100.0,60,65,92.3,6,9,66.7,0,0.0,0.0,0.0,0,2,0,0,3,Matches
684,Robin Fellhauer,de GER,MFDF,Augsburg,de Bundesliga,27-285,1998,7.5,215,273,78.8,3481,1134,107,122,87.7,94,113,83.2,9,21,42.9,1,0.5,0.6,+0.5,4,15,6,2,29,Matches
685,Kiko Femenía,es ESP,DFFW,Getafe,es La Liga,34-273,1991,6.5,187,240,77.9,2847,1170,107,118,90.7,67,89,75.3,10,20,50.0,0,0.1,0.1,-0.1,4,22,3,1,16,Matches
686,Evan Ferguson,ie IRL,FW,Roma,it Serie A,21-014,2004,3.4,56,73,76.7,735,90,35,43,81.4,15,17,88.2,2,2,100.0,1,1.3,0.3,-0.3,8,1,3,1,2,Matches
687,Lewis Ferguson,sct SCO,MF,Bologna,it Serie A,26-070,1999,4.9,315,348,90.5,5932,1180,109,114,95.6,165,176,93.8,35,46,76.1,0,0.2,0.2,-0.2,3,22,3,1,18,Matches
688,Bruno Fernandes,pt POR,MF,Manchester Utd,eng Premier League,31-055,1994,9.9,491,622,78.9,9043,3042,225,246,91.5,178,211,84.4,74,126,58.7,2,2.2,1.8,-0.2,28,66,15,2,80,Matches
689,Mateus Fernandes,pt POR,MFFW,West Ham,eng Premier League,21-115,2004,5.2,183,209,87.6,2880,645,90,101,89.1,63,68,92.6,17,26,65.4,0,0.6,0.3,-0.6,5,14,3,0,15,Matches
690,Enzo Fernández,ar ARG,MF,Chelsea,eng Premier League,24-289,2001,8.9,429,526,81.6,7030,1718,221,245,90.2,165,196,84.2,34,63,54.0,1,1.7,1.1,-0.7,15,55,16,1,67,Matches
691,Ezequiél Fernández,ar ARG,MF,Leverkusen,de Bundesliga,23-100,2002,3.3,236,264,89.4,3544,952,143,154,92.9,77,84,91.7,13,19,68.4,0,0.2,0.4,-0.2,2,18,3,0,14,Matches
692,Manu Fernández,es ESP,DF,Celta Vigo,es La Liga,24-193,2001,4.3,263,291,90.4,4940,1853,91,96,94.8,150,157,95.5,20,33,60.6,0,0.0,0.1,0.0,0,20,1,0,24,Matches
693,Pedro Fernandez,es ESP,MF,Barcelona,es La Liga,17-294,2008,0.5,23,25,92.0,261,41,14,15,93.3,5,5,100.0,1,1,100.0,0,0.1,0.0,-0.1,2,1,0,0,2,Matches
694,Pelayo Fernandez,es ESP,DF,Rayo Vallecano,es La Liga,22-187,2003,0.5,30,35,85.7,565,148,8,11,72.7,19,21,90.5,3,3,100.0,0,0.0,0.0,0.0,0,3,0,0,1,Matches
695,Roberto Férnandez,es ESP,FW,Espanyol,es La Liga,23-122,2002,7.9,89,125,71.2,1125,149,52,73,71.2,29,34,85.3,1,1,100.0,2,3.0,2.0,-1.0,10,4,0,0,7,Matches
696,Toni Fernández,es ESP,FW,Barcelona,es La Liga,17-110,2008,0.5,7,9,77.8,75,9,6,7,85.7,1,1,100.0,0,0,,0,0.1,0.0,-0.1,1,0,0,0,0,Matches
697,Matias Fernandez-Pardo,be BEL,FW,Lille,fr Ligue 1,20-272,2005,8.3,215,276,77.9,3159,726,133,146,91.1,70,88,79.5,9,17,52.9,3,2.7,2.1,+0.3,17,6,23,3,31,Matches
698,Junior Firpo,do DOM,DF,Betis,es La Liga,29-072,1996,4.8,225,280,80.4,3070,1196,129,142,90.8,78,102,76.5,3,10,30.0,1,0.6,0.4,+0.4,7,7,6,3,21,Matches
699,Jonathan Fischer,dk DEN,GK,Metz,fr Ligue 1,23-358,2001,9.2,327,384,85.2,7316,3941,81,82,98.8,186,187,99.5,60,115,52.2,0,0.0,0.0,0.0,1,4,0,0,0,Matches
700,Kilian Fischer,de GER,DF,Wolfsburg,de Bundesliga,25-021,2000,6.7,284,360,78.9,5296,1808,118,133,88.7,127,152,83.6,34,54,63.0,0,0.6,0.3,-0.6,3,15,3,2,16,Matches
701,Mark Flekken,nl NED,GK,Leverkusen,de Bundesliga,32-142,1993,9.0,262,348,75.3,6570,4514,62,63,98.4,134,135,99.3,65,148,43.9,0,0.2,0.0,-0.2,1,8,0,0,0,Matches
702,Zian Flemming,nl NED,FWMF,Burnley,eng Premier League,27-093,1998,3.1,34,59,57.6,484,100,20,28,71.4,10,16,62.5,2,6,33.3,0,0.2,0.0,-0.2,2,3,0,0,1,Matches
703,Romano Floriani,it ITA,DFFW,Cremonese,it Serie A,22-279,2003,4.5,69,103,67.0,1081,191,34,39,87.2,30,41,73.2,3,10,30.0,0,0.6,0.1,-0.6,3,6,1,0,7,Matches
704,Phil Foden,eng ENG,MF,Manchester City,eng Premier League,25-158,2000,5.9,300,366,82.0,4522,1147,190,202,94.1,74,83,89.2,28,60,46.7,0,1.0,1.3,-1.0,17,19,11,0,31,Matches
705,Malick Fofana,be BEL,FW,Lyon,fr Ligue 1,20-216,2005,8.0,175,233,75.1,2460,606,113,133,85.0,48,59,81.4,8,17,47.1,1,1.9,1.8,-0.9,9,5,8,3,14,Matches
706,Rayan Fofana,fr FRA,FW,Lens,fr Ligue 1,19-263,2006,4.3,51,73,69.9,619,52,32,38,84.2,12,16,75.0,2,4,50.0,0,0.1,0.1,-0.1,2,0,0,0,2,Matches
707,Seko Fofana,ci CIV,MF,Rennes,fr Ligue 1,30-179,1995,7.0,314,353,89.0,4845,1015,166,179,92.7,123,136,90.4,15,23,65.2,0,0.5,0.7,-0.5,11,33,10,1,40,Matches
708,Wesley Fofana,fr FRA,DF,Chelsea,eng Premier League,24-320,2000,2.4,130,147,88.4,2123,590,61,64,95.3,62,70,88.6,6,11,54.5,0,0.0,0.0,0.0,0,10,0,0,6,Matches
709,Youssouf Fofana,fr FRA,MF,Milan,it Serie A,26-296,1999,8.0,251,297,84.5,3948,936,126,144,87.5,103,110,93.6,14,22,63.6,1,1.2,1.5,-0.2,13,24,8,2,28,Matches
710,Jonas Föhrenbach,de GER,DF,Heidenheim,de Bundesliga,29-280,1996,8.6,248,333,74.5,4498,1739,101,114,88.6,113,144,78.5,26,54,48.1,1,1.0,1.3,0.0,9,21,12,8,22,Matches
711,Francesco Folino,it ITA,DF,Cremonese,it Serie A,23-283,2002,0.2,6,8,75.0,100,57,3,3,100.0,2,4,50.0,1,1,100.0,0,0.0,0.0,0.0,0,1,0,0,0,Matches
712,Michael Folorunsho,it ITA,MFFW,Cagliari,it Serie A,27-268,1998,8.1,136,208,65.4,1998,491,75,101,74.3,44,62,71.0,9,19,47.4,0,0.1,0.1,-0.1,4,10,1,0,8,Matches
713,Álex Forés,es ESP,FW,Oviedo,es La Liga,24-204,2001,1.2,17,25,68.0,200,18,12,13,92.3,4,6,66.7,0,3,0.0,0,0.0,0.0,0.0,0,0,0,0,0,Matches
714,Pablo Fornals,es ESP,MF,Betis,es La Liga,29-253,1996,9.3,478,577,82.8,8126,2758,223,235,94.9,171,201,85.1,54,89,60.7,4,1.8,1.7,+2.2,18,71,13,2,74,Matches
715,Héctor Fort,es ESP,DF,Elche,es La Liga,19-092,2006,1.0,31,39,79.5,408,96,17,17,100.0,9,12,75.0,1,3,33.3,0,0.0,0.0,0.0,0,1,0,0,3,Matches
716,Niccolò Fortini,it ITA,DFMF,Fiorentina,it Serie A,19-262,2006,1.4,38,51,74.5,654,260,18,20,90.0,14,19,73.7,4,9,44.4,0,0.3,0.1,-0.3,1,3,2,1,4,Matches
717,Lyle Foster,za RSA,FW,Burnley,eng Premier League,25-060,2000,6.4,66,107,61.7,909,133,38,50,76.0,13,22,59.1,6,9,66.7,1,0.7,0.2,+0.3,6,6,1,0,6,Matches
718,Dimitri Foulquier,fr FRA,DF,Valencia,es La Liga,32-224,1993,7.0,309,362,85.4,5020,1762,147,156,94.2,144,163,88.3,14,26,53.8,0,0.1,0.1,-0.1,1,21,3,1,20,Matches
719,Juan Foyth,ar ARG,DF,Villarreal,es La Liga,27-294,1998,6.0,308,333,92.5,5675,2546,115,119,96.6,162,171,94.7,28,38,73.7,0,0.0,0.1,0.0,0,20,0,0,24,Matches
720,Alejandro Francés,es ESP,DF,Girona,es La Liga,23-093,2002,2.9,119,159,74.8,2553,967,38,47,80.9,60,70,85.7,20,37,54.1,0,0.4,0.3,-0.4,2,14,2,2,11,Matches
721,Przemysław Frankowski,pl POL,DF,Rennes,fr Ligue 1,30-204,1995,4.8,191,260,73.5,3393,825,77,86,89.5,90,108,83.3,20,48,41.7,1,1.1,1.0,-0.1,8,12,8,3,15,Matches
722,Davide Frattesi,it ITA,MFFW,Inter,it Serie A,26-011,1999,2.1,28,39,71.8,375,125,17,21,81.0,10,12,83.3,0,0,,0,0.3,0.1,-0.3,4,1,1,0,4,Matches
723,Oscar Fraulo,dk DEN,MFDF,Gladbach,de Bundesliga,21-331,2003,0.5,16,16,100.0,281,104,9,9,100.0,6,6,100.0,1,1,100.0,0,0.0,0.0,0.0,0,1,1,0,3,Matches
724,Morten Frendrup,dk DEN,MF,Genoa,it Serie A,24-209,2001,7.7,192,248,77.4,2872,656,94,115,81.7,74,87,85.1,10,19,52.6,0,0.3,0.2,-0.3,3,13,3,0,17,Matches
725,Martin Frese,dk DEN,DF,Hellas Verona,it Serie A,27-302,1998,7.2,208,319,65.2,3978,1774,82,100,82.0,92,126,73.0,30,79,38.0,0,0.5,0.6,-0.5,11,20,5,3,12,Matches
726,Remo Freuler,ch SUI,MF,Bologna,it Serie A,33-201,1992,7.0,320,384,83.3,5396,1425,142,161,88.2,145,163,89.0,25,45,55.6,0,0.2,0.2,-0.2,4,42,1,0,32,Matches
727,Marco Friedl,at AUT,DF,Werder Bremen,de Bundesliga,27-231,1998,7.9,399,461,86.6,8442,3297,123,136,90.4,201,221,91.0,68,90,75.6,0,0.1,0.3,-0.1,1,38,1,0,44,Matches
728,Marvin Friedrich,de GER,DF,Gladbach,de Bundesliga,29-324,1995,1.0,69,80,86.3,1178,500,31,32,96.9,34,37,91.9,4,11,36.4,0,0.0,0.0,0.0,0,1,0,0,1,Matches
729,Jeremie Frimpong,nl NED,DFMF,Liverpool,eng Premier League,24-327,2000,1.0,35,47,74.5,517,135,17,22,77.3,16,21,76.2,0,1,0.0,0,0.3,0.4,-0.3,1,2,1,1,3,Matches
730,Jorge de Frutos,es ESP,FWMF,Rayo Vallecano,es La Liga,28-255,1997,8.6,113,165,68.5,1729,442,53,68,77.9,50,70,71.4,5,8,62.5,1,1.7,1.6,-0.7,13,8,5,1,15,Matches
731,Chris Führich,de GER,FWMF,Stuttgart,de Bundesliga,27-297,1998,3.3,128,169,75.7,1914,443,75,92,81.5,46,55,83.6,5,13,38.5,1,0.5,0.6,+0.5,8,6,8,3,15,Matches
732,Joel Fujita,jp JPN,MF,St. Pauli,de Bundesliga,23-259,2002,8.8,368,461,79.8,5918,1987,189,209,90.4,151,184,82.1,21,53,39.6,1,1.8,1.3,-0.8,13,52,11,0,63,Matches
733,Niclas Füllkrug,de GER,FW,West Ham,eng Premier League,32-266,1993,4.2,53,87,60.9,654,107,39,58,67.2,8,13,61.5,2,3,66.7,0,0.6,0.2,-0.6,6,2,3,0,5,Matches
734,Matteo Gabbia,it ITA,DF,Milan,it Serie A,26-012,1999,9.0,419,451,92.9,8942,2820,94,100,94.0,267,274,97.4,56,71,78.9,0,0.1,0.0,-0.1,2,14,0,0,17,Matches
735,Tiago Gabriel,pt POR,DF,Lecce,it Serie A,20-311,2004,8.1,332,367,90.5,6373,1982,105,113,92.9,188,195,96.4,34,47,72.3,0,0.0,0.0,0.0,0,16,0,0,15,Matches
736,Gianluca Gaetano,it ITA,MFFW,Cagliari,it Serie A,25-181,2000,3.0,107,149,71.8,1895,562,54,71,76.1,33,47,70.2,15,25,60.0,1,0.2,0.2,+0.8,3,8,1,0,19,Matches
737,Roberto Gagliardini,it ITA,MF,Hellas Verona,it Serie A,31-209,1994,4.4,156,211,73.9,2509,791,78,97,80.4,60,81,74.1,10,21,47.6,0,0.1,0.1,-0.1,2,19,0,0,19,Matches
738,Cody Gakpo,nl NED,FWMF,Liverpool,eng Premier League,26-179,1999,8.8,205,285,71.9,2893,773,130,146,89.0,60,93,64.5,10,26,38.5,2,2.9,2.0,-0.9,21,10,15,3,30,Matches
739,Javi Galán,es ESP,DF,Atlético Madrid,es La Liga,30-348,1994,1.5,56,70,80.0,810,165,33,38,86.8,16,19,84.2,3,5,60.0,0,0.1,0.1,-0.1,2,1,2,2,1,Matches
740,Iñigo Ruiz de Galarreta,es ESP,MF,Athletic Club,es La Liga,32-088,1993,7.2,275,338,81.4,5078,1499,121,132,91.7,120,146,82.2,31,50,62.0,0,0.5,0.3,-0.5,4,44,6,0,44,Matches
741,Conor Gallagher,eng ENG,MF,Atlético Madrid,es La Liga,25-269,2000,3.8,173,196,88.3,2479,577,97,106,91.5,61,68,89.7,6,11,54.5,0,0.4,0.3,-0.4,2,14,3,1,15,Matches
742,Antonino Gallo,it ITA,DF,Lecce,it Serie A,25-301,2000,8.3,268,401,66.8,4758,2146,111,127,87.4,128,184,69.6,25,76,32.9,1,0.4,0.4,+0.6,9,44,10,6,46,Matches
743,Idrissa Gana Gueye,sn SEN,MF,Everton,eng Premier League,36-037,1989,8.5,336,390,86.2,5431,1273,163,180,90.6,152,169,89.9,16,25,64.0,0,0.1,0.4,-0.1,2,26,6,2,42,Matches
744,Ismaëlo Ganiou,bf BFA,DF,Lens,fr Ligue 1,20-233,2005,0.8,38,45,84.4,588,293,24,26,92.3,10,11,90.9,3,7,42.9,0,0.0,0.0,0.0,0,3,0,0,1,Matches
745,Ben Gannon-Doak,sct SCO,FW,Bournemouth,eng Premier League,19-356,2005,0.5,12,14,85.7,150,21,9,9,100.0,3,4,75.0,0,0,,1,0.6,0.1,+0.4,1,0,1,0,1,Matches
746,Facundo Garcés,my MAS,DF,Alavés,es La Liga,26-058,1999,6.0,178,214,83.2,3390,1107,69,72,95.8,96,106,90.6,13,34,38.2,0,0.0,0.0,0.0,0,7,1,0,4,Matches
747,Aleix García,es ESP,MF,Leverkusen,de Bundesliga,28-127,1997,8.0,733,813,90.2,12341,3599,386,407,94.8,271,291,93.1,63,88,71.6,1,0.6,1.4,+0.4,10,77,4,1,53,Matches
748,Álvaro García,es ESP,MFFW,Rayo Vallecano,es La Liga,33-006,1992,7.8,138,241,57.3,2287,532,63,93,67.7,63,84,75.0,9,37,24.3,1,2.4,1.8,-1.4,9,9,4,2,14,Matches
749,Eric García,es ESP,DF,Barcelona,es La Liga,24-297,2001,8.4,643,709,90.7,10760,4189,308,320,96.3,303,328,92.4,25,42,59.5,0,0.7,0.7,-0.7,14,104,11,0,70,Matches
750,Fran Garcia,es ESP,DFMF,Real Madrid,es La Liga,26-080,1999,1.3,63,78,80.8,879,139,33,38,86.8,28,34,82.4,0,1,0.0,0,0.0,0.2,0.0,1,0,0,0,0,Matches
751,Gonzalo García,es ESP,FWMF,Real Madrid,es La Liga,21-223,2004,1.1,34,38,89.5,497,116,22,23,95.7,11,12,91.7,1,1,100.0,0,0.2,0.1,-0.2,2,2,0,0,2,Matches
752,Joan García,es ESP,GK,Barcelona,es La Liga,24-182,2001,6.0,169,181,93.4,3932,2602,23,23,100.0,111,112,99.1,35,46,76.1,0,0.0,0.0,0.0,0,0,0,0,0,Matches
753,Pablo Garcia,es ESP,FW,Betis,es La Liga,19-142,2006,2.0,43,54,79.6,594,63,26,29,89.7,12,18,66.7,3,4,75.0,0,0.0,0.1,0.0,0,2,1,0,4,Matches
754,Rubén García,es ESP,FWMF,Osasuna,es La Liga,32-111,1993,4.1,150,185,81.1,2640,668,72,78,92.3,45,57,78.9,23,34,67.6,2,1.0,0.9,+1.0,6,6,3,1,17,Matches
755,Ulisses Garcia,ch SUI,DF,Marseille,fr Ligue 1,29-295,1996,2.3,90,100,90.0,1564,380,39,43,90.7,47,51,92.2,4,5,80.0,0,0.1,0.0,-0.1,1,5,0,0,5,Matches
756,Víctor García,es ESP,MFDF,Levante,es La Liga,28-047,1997,1.8,34,60,56.7,656,238,14,17,82.4,13,22,59.1,6,16,37.5,0,0.0,0.0,0.0,0,1,0,0,2,Matches
757,Alejandro Garnacho,ar ARG,FW,Chelsea,eng Premier League,21-124,2004,2.8,65,85,76.5,957,67,39,44,88.6,20,29,69.0,4,7,57.1,0,0.6,0.6,-0.6,3,1,0,0,2,Matches
758,James Garner,eng ENG,MFDF,Everton,eng Premier League,24-234,2001,9.0,395,483,81.8,7011,2020,163,179,91.1,193,225,85.8,31,61,50.8,1,0.9,0.9,+0.1,9,35,11,5,45,Matches
759,Federico Gatti,it ITA,DF,Juventus,it Serie A,27-131,1998,8.1,404,449,90.0,7510,2474,147,153,96.1,212,229,92.6,40,55,72.7,0,0.1,0.1,-0.1,1,33,2,0,31,Matches
760,Gavi,es ESP,MFDF,Barcelona,es La Liga,21-089,2004,0.7,63,68,92.6,1196,338,16,19,84.2,44,46,95.7,3,3,100.0,1,0.2,0.1,+0.8,3,15,2,0,11,Matches
761,Jusuf Gazibegović,ba BIH,DF,Köln,de Bundesliga,25-236,2000,0.3,8,10,80.0,130,67,5,5,100.0,2,3,66.7,1,2,50.0,0,0.0,0.0,0.0,0,0,1,1,0,Matches
762,Paulo Gazzaniga,ar ARG,GK,Girona,es La Liga,33-304,1992,9.5,229,335,68.4,5594,3786,55,56,98.2,125,127,98.4,47,148,31.8,0,0.0,0.0,0.0,0,1,0,0,0,Matches
763,Jean-Philippe Gbamin,ci CIV,DF,Metz,fr Ligue 1,30-038,1995,9.2,572,645,88.7,11020,4263,203,210,96.7,307,318,96.5,56,102,54.9,0,0.5,0.1,-0.5,5,23,0,0,16,Matches
764,Yann Gboho,fr FRA,FWMF,Toulouse,fr Ligue 1,24-292,2001,9.1,161,220,73.2,2625,861,78,93,83.9,69,84,82.1,10,20,50.0,1,1.5,1.6,-0.5,18,23,18,4,41,Matches
765,David de Gea,es ESP,GK,Fiorentina,it Serie A,34-360,1990,9.0,194,281,69.0,5329,3987,34,34,100.0,99,100,99.0,61,146,41.8,0,0.0,0.0,0.0,0,7,0,0,0,Matches
766,Lutsharel Geertruida,nl NED,DFMF,Sunderland,eng Premier League,25-107,2000,1.9,48,61,78.7,915,404,19,24,79.2,22,23,95.7,6,10,60.0,0,0.0,0.2,0.0,0,2,1,0,2,Matches
767,Tyrique George,eng ENG,FW,Chelsea,eng Premier League,19-271,2006,1.6,21,24,87.5,365,83,9,10,90.0,10,11,90.9,2,2,100.0,0,0.0,0.1,0.0,0,3,2,1,4,Matches
768,Yannick Gerhardt,de GER,DF,Wolfsburg,de Bundesliga,31-234,1994,0.0,1,1,100.0,15,13,1,1,100.0,0,0,,0,0,,0,0.0,0.0,0.0,0,0,0,0,0,Matches
769,Willem Geubbels,fr FRA,FW,Paris FC,fr Ligue 1,24-078,2001,5.2,71,104,68.3,962,156,47,61,77.0,19,30,63.3,2,2,100.0,0,0.4,0.6,-0.4,3,3,0,0,7,Matches
770,Ismaël Gharbi,tn TUN,MF,Augsburg,de Bundesliga,21-206,2004,0.5,22,28,78.6,284,50,14,17,82.4,6,8,75.0,0,0,,0,0.0,0.1,0.0,1,0,2,0,3,Matches
771,Mourad El Ghezouani,ma MAR,FW,Elche,es La Liga,27-159,1998,0.6,11,15,73.3,85,20,11,12,91.7,0,1,0.0,0,0,,0,0.0,0.0,0.0,1,0,0,0,1,Matches
772,Rachid Ghezzal,dz ALG,FWMF,Lyon,fr Ligue 1,33-177,1992,0.7,31,43,72.1,457,119,19,21,90.5,11,13,84.6,1,7,14.3,0,0.0,0.1,0.0,0,1,1,0,3,Matches
773,Daniele Ghilardi,it ITA,DF,Roma,it Serie A,22-300,2003,0.1,2,2,100.0,34,10,1,1,100.0,1,1,100.0,0,0,,0,0.0,0.0,0.0,0,0,0,0,0,Matches
774,Andrea Ghion,it ITA,FWMF,Sassuolo,it Serie A,25-252,2000,0.1,1,2,50.0,12,4,1,1,100.0,0,0,,0,1,0.0,0,0.0,0.0,0.0,0,0,0,0,0,Matches
775,Dimitris Giannoulis,gr GRE,DFMF,Augsburg,de Bundesliga,30-016,1995,5.0,172,246,69.9,2726,1048,92,113,81.4,73,97,75.3,6,17,35.3,0,0.1,0.3,-0.1,2,14,4,2,16,Matches
776,Morgan Gibbs-White,eng ENG,MFFW,Nott'ham Forest,eng Premier League,25-279,2000,9.1,337,431,78.2,5122,1166,194,223,87.0,119,147,81.0,18,35,51.4,1,0.7,1.0,+0.3,11,40,15,4,63,Matches
777,Bryan Gil,es ESP,FWMF,Girona,es La Liga,24-264,2001,3.4,80,107,74.8,1202,236,46,53,86.8,28,36,77.8,5,11,45.5,1,0.2,0.2,+0.8,4,3,5,0,10,Matches
778,Mario Gila,es ESP,DF,Lazio,it Serie A,25-065,2000,8.6,455,507,89.7,8984,3593,145,154,94.2,235,247,95.1,69,91,75.8,0,0.1,0.2,-0.1,1,31,2,1,28,Matches
779,Billy Gilmour,sct SCO,MF,Napoli,it Serie A,24-144,2001,4.6,314,354,88.7,5459,1595,154,166,92.8,137,148,92.6,21,34,61.8,0,0.3,0.5,-0.3,4,37,7,0,45,Matches
780,Benedikt Gimber,de GER,DFMF,Heidenheim,de Bundesliga,28-256,1997,3.8,129,158,81.6,2554,776,39,42,92.9,82,89,92.1,8,26,30.8,0,0.0,0.0,0.0,0,10,0,0,10,Matches
781,Santiago Giménez,mx MEX,FW,Milan,it Serie A,24-198,2001,6.9,71,90,78.9,942,123,41,55,74.5,18,20,90.0,4,5,80.0,0,0.1,0.3,-0.1,3,3,4,1,4,Matches
782,Gvidas Gineitis,lt LTU,MFFW,Torino,it Serie A,21-201,2004,2.3,42,65,64.6,749,211,16,24,66.7,22,28,78.6,3,8,37.5,0,0.3,0.4,-0.3,2,5,2,2,3,Matches
783,Matthias Ginter,de GER,DF,Freiburg,de Bundesliga,31-287,1994,9.0,405,477,84.9,8126,3343,126,142,88.7,229,249,92.0,46,78,59.0,0,0.1,0.6,-0.1,2,39,3,0,50,Matches
784,Giovane,br BRA,FW,Hellas Verona,it Serie A,21-343,2003,8.0,120,193,62.2,1650,399,78,107,72.9,25,42,59.5,10,18,55.6,3,2.1,1.0,+0.9,14,10,3,0,18,Matches
785,Olivier Giroud,fr FRA,FW,Lille,fr Ligue 1,39-033,1986,6.6,95,136,69.9,1212,153,64,82,78.0,22,32,68.8,4,6,66.7,1,1.1,1.1,-0.1,9,5,1,0,4,Matches
786,Jamie Gittens,eng ENG,FW,Chelsea,eng Premier League,21-086,2004,2.7,61,71,85.9,913,150,37,40,92.5,22,24,91.7,2,2,100.0,0,0.2,0.2,-0.2,5,0,4,1,6,Matches
787,Robert Glatzel,de GER,FW,Hamburger SV,de Bundesliga,31-298,1994,0.7,13,17,76.5,207,40,8,9,88.9,4,5,80.0,1,1,100.0,0,0.1,0.0,-0.1,1,2,0,0,1,Matches
788,Serge Gnabry,de GER,MFFW,Bayern Munich,de Bundesliga,30-111,1995,5.0,227,265,85.7,3059,753,136,146,93.2,67,76,88.2,10,18,55.6,3,1.0,1.3,+2.0,8,14,7,1,25,Matches
789,Wilfried Gnonto,it ITA,FW,Leeds United,eng Premier League,21-362,2003,2.1,55,71,77.5,693,80,40,44,90.9,8,14,57.1,3,4,75.0,0,0.1,0.1,-0.1,1,1,1,0,4,Matches
790,Giorgi Gocholeishvili,ge GEO,MF,Hamburger SV,de Bundesliga,24-261,2001,4.6,122,156,78.2,2049,549,56,62,90.3,50,59,84.7,10,22,45.5,1,0.2,0.2,+0.8,4,3,4,1,5,Matches
791,Martial Godo,eng ENG,MFFW,Strasbourg,fr Ligue 1,22-233,2003,2.8,75,86,87.2,1059,109,46,50,92.0,26,30,86.7,1,1,100.0,0,0.1,0.3,-0.1,1,0,1,0,5,Matches
792,Maxima Goffi,fr FRA,DF,Lille,fr Ligue 1,17-283,2008,0.4,22,28,78.6,407,171,7,11,63.6,14,16,87.5,1,1,100.0,0,0.0,0.0,0.0,0,1,1,1,2,Matches
793,Saba Goglichidze,ge GEO,DF,Udinese,it Serie A,21-130,2004,4.7,152,188,80.9,3800,1399,25,30,83.3,86,95,90.5,40,57,70.2,0,0.1,0.2,-0.1,2,25,3,0,19,Matches
794,Edoardo Goldaniga,it ITA,DF,Como,it Serie A,32-000,1993,0.0,0,1,0.0,0,0,0,0,,0,1,0.0,0,0,,0,0.0,0.0,0.0,0,0,0,0,0,Matches
795,Aleksandr Golovin,ru RUS,MFFW,Monaco,fr Ligue 1,29-156,1996,4.5,143,185,77.3,2075,430,80,92,87.0,48,59,81.4,6,13,46.2,0,0.1,0.1,-0.1,2,10,3,0,17,Matches
796,André Gomes,pt POR,MF,Lille,fr Ligue 1,32-095,1993,0.0,2,2,100.0,23,0,1,1,100.0,1,1,100.0,0,0,,0,0.0,0.0,0.0,0,0,0,0,0,Matches
797,Angel Gomes,eng ENG,MF,Marseille,fr Ligue 1,25-063,2000,7.7,449,502,89.4,7013,1284,214,235,91.1,190,202,94.1,23,34,67.6,0,0.4,0.7,-0.4,14,41,8,0,37,Matches
798,João Gomes,br BRA,MF,Wolves,eng Premier League,24-263,2001,8.3,354,415,85.3,5858,1327,175,189,92.6,135,154,87.7,30,44,68.2,0,0.2,0.4,-0.2,5,37,13,5,51,Matches
799,Rodrigo Gomes,pt POR,FWDF,Wolves,eng Premier League,22-118,2003,3.7,96,130,73.8,1430,254,57,68,83.8,31,44,70.5,4,8,50.0,0,0.1,0.2,-0.1,2,4,1,1,7,Matches
800,Toti Gomes,pt POR,DF,Wolves,eng Premier League,26-290,1999,4.8,269,320,84.1,5000,1637,92,103,89.3,153,167,91.6,20,45,44.4,0,0.1,0.2,-0.1,4,19,2,2,11,Matches
801,Diego Gómez,py PAR,MFFW,Brighton,eng Premier League,22-220,2003,5.1,115,150,76.7,1806,408,62,71,87.3,43,51,84.3,6,11,54.5,0,0.7,0.1,-0.7,5,17,3,1,13,Matches
802,Joe Gomez,eng ENG,DF,Liverpool,eng Premier League,28-163,1997,0.4,17,24,70.8,286,133,9,10,90.0,7,9,77.8,1,4,25.0,0,0.0,0.1,0.0,0,1,0,0,1,Matches
803,Moi Gómez,es ESP,MF,Osasuna,es La Liga,31-132,1994,5.8,360,416,86.5,6365,1785,173,182,95.1,136,155,87.7,41,60,68.3,0,0.7,0.8,-0.7,6,44,7,1,47,Matches
804,Sergio Gómez,es ESP,DF,Real Sociedad,es La Liga,25-059,2000,8.3,473,593,79.8,7946,2989,220,248,88.7,215,251,85.7,33,73,45.2,0,1.2,1.3,-1.2,11,50,10,7,47,Matches
805,Unai Gómez,es ESP,MFFW,Athletic Club,es La Liga,22-161,2003,1.3,40,60,66.7,640,149,24,28,85.7,13,18,72.2,3,8,37.5,0,0.1,0.2,-0.1,2,3,3,2,3,Matches
806,Valentín Gómez,ar ARG,DF,Betis,es La Liga,22-129,2003,4.5,209,232,90.1,3798,1330,86,89,96.6,100,106,94.3,19,28,67.9,0,0.0,0.0,0.0,1,10,0,0,11,Matches
807,Tidiam Gomis,fr FRA,FW,RB Leipzig,de Bundesliga,19-086,2006,0.3,5,7,71.4,65,6,3,4,75.0,2,3,66.7,0,0,,0,0.0,0.0,0.0,0,0,1,0,2,Matches
808,Rafael Gonçalves,pt POR,MF,Strasbourg,fr Ligue 1,20-257,2005,2.7,160,177,90.4,2666,668,74,77,96.1,68,73,93.2,12,16,75.0,0,0.1,0.3,-0.1,3,12,1,0,15,Matches
809,Nicolás González,es ESP,MF,Manchester City,eng Premier League,23-303,2002,5.2,362,403,89.8,5320,1291,193,207,93.2,148,163,90.8,10,13,76.9,0,0.4,0.4,-0.4,4,36,0,0,32,Matches
810,Nicolás González,ar ARG,MFDF,Juventus,it Serie A,27-210,1998,0.2,4,9,44.4,92,50,1,3,33.3,3,5,60.0,0,0,,0,0.1,0.0,-0.1,1,1,0,0,1,Matches
811,Nicolás González,ar ARG,MFFW,Atlético Madrid,es La Liga,27-210,1998,6.2,172,231,74.5,2607,491,102,120,85.0,57,72,79.2,10,19,52.6,0,1.2,0.8,-1.2,4,6,9,1,17,Matches
812,Urko González,es ESP,MF,Espanyol,es La Liga,24-227,2001,3.9,108,132,81.8,1649,426,52,59,88.1,47,54,87.0,4,10,40.0,0,0.1,0.1,-0.1,2,8,1,0,12,Matches
813,Urko González,es ESP,MF,Real Sociedad,es La Liga,24-227,2001,0.1,4,4,100.0,51,29,3,3,100.0,1,1,100.0,0,0,,0,0.0,0.0,0.0,0,1,0,0,1,Matches
814,Anthony Gordon,eng ENG,FW,Newcastle Utd,eng Premier League,24-251,2001,4.6,95,127,74.8,1511,403,59,69,85.5,30,41,73.2,6,14,42.9,0,1.0,0.6,-1.0,7,10,3,1,12,Matches
815,Leon Goretzka,de GER,MF,Bayern Munich,de Bundesliga,30-269,1995,5.7,412,445,92.6,6332,1822,230,242,95.0,147,153,96.1,23,30,76.7,0,1.0,2.2,-1.0,6,42,7,0,44,Matches
816,Andoni Gorosabel,es ESP,DF,Athletic Club,es La Liga,29-090,1996,1.7,80,104,76.9,1215,433,43,51,84.3,31,35,88.6,3,9,33.3,1,0.2,0.2,+0.8,3,7,1,0,7,Matches
817,Jon Gorrotxategi,es ESP,MF,Real Sociedad,es La Liga,23-273,2002,8.7,333,403,82.6,5214,1114,147,171,86.0,156,178,87.6,16,27,59.3,0,0.2,0.2,-0.2,3,32,1,0,30,Matches
818,Alimami Gory,ml MLI,FWMF,Paris FC,fr Ligue 1,29-064,1996,1.9,40,44,90.9,565,105,24,25,96.0,12,13,92.3,2,2,100.0,0,0.0,0.0,0.0,0,0,0,0,2,Matches
819,Robin Gosens,de GER,DF,Fiorentina,it Serie A,31-120,1994,8.0,207,299,69.2,3020,948,104,134,77.6,88,116,75.9,7,20,35.0,0,0.6,0.7,-0.6,7,13,7,4,19,Matches
820,Mikel Goti,es ESP,MF,Real Sociedad,es La Liga,23-163,2002,0.7,12,26,46.2,214,65,4,9,44.4,7,7,100.0,1,5,20.0,0,0.0,0.0,0.0,0,1,1,0,5,Matches
821,Mario Götze,de GER,MF,Eint Frankfurt,de Bundesliga,33-152,1992,1.9,82,105,78.1,1208,297,50,58,86.2,20,27,74.1,9,14,64.3,0,0.4,0.6,-0.4,4,3,1,1,2,Matches
822,Amine Gouiri,dz ALG,FWMF,Marseille,fr Ligue 1,25-259,2000,4.2,94,119,79.0,1377,372,53,60,88.3,25,34,73.5,9,14,64.3,1,0.5,0.4,+0.5,7,5,5,0,7,Matches
823,Tiago Gouveia,pt POR,DFMF,Nice,fr Ligue 1,24-137,2001,3.2,80,104,76.9,1216,407,41,47,87.2,35,41,85.4,2,6,33.3,0,0.0,0.1,0.0,1,2,2,0,5,Matches
824,Jeffrey Gouweleeuw,nl NED,DF,Augsburg,de Bundesliga,34-115,1991,3.7,151,184,82.1,3062,1435,50,52,96.2,78,87,89.7,21,37,56.8,0,0.2,0.6,-0.2,2,15,4,2,14,Matches
825,Kamil Grabara,pl POL,GK,Wolfsburg,de Bundesliga,26-298,1999,8.0,243,329,73.9,6442,3687,40,41,97.6,125,125,100.0,76,160,47.5,0,0.0,0.0,0.0,1,7,0,0,0,Matches
826,Jonathan Gradit,fr FRA,DF,Lens,fr Ligue 1,32-343,1992,7.0,285,320,89.1,5187,1996,99,106,93.4,167,176,94.9,18,36,50.0,0,0.0,0.1,0.0,0,29,1,0,31,Matches
827,Alberto Grassi,it ITA,MF,Cremonese,it Serie A,30-240,1995,4.1,154,183,84.2,2500,832,64,70,91.4,74,84,88.1,7,16,43.8,0,0.0,0.0,0.0,0,10,0,0,11,Matches
828,Ryan Gravenberch,nl NED,MF,Liverpool,eng Premier League,23-170,2002,7.7,428,489,87.5,7017,1648,201,222,90.5,202,212,95.3,17,38,44.7,1,0.6,0.6,+0.4,7,46,4,0,42,Matches
829,Archie Gray,eng ENG,MF,Tottenham,eng Premier League,19-235,2006,0.8,40,43,93.0,719,117,15,15,100.0,21,24,87.5,2,2,100.0,0,0.0,0.0,0.0,1,10,1,0,7,Matches
830,Jack Grealish,eng ENG,FW,Everton,eng Premier League,30-053,1995,7.2,240,293,81.9,3664,945,140,152,92.1,79,94,84.0,15,20,75.0,4,2.6,2.0,+1.4,20,21,8,2,32,Matches
831,Mason Greenwood,eng ENG,FWMF,Marseille,fr Ligue 1,24-032,2001,8.7,379,492,77.0,6837,1651,176,204,86.3,142,185,76.8,48,73,65.8,3,2.1,2.1,+0.9,21,27,22,3,60,Matches
832,Dominik Greif,sk SVK,GK,Lyon,fr Ligue 1,28-210,1997,6.0,201,234,85.9,4594,2727,44,44,100.0,125,125,100.0,32,65,49.2,1,0.1,0.0,+0.9,1,2,0,0,0,Matches
833,Antoine Griezmann,fr FRA,FWMF,Atlético Madrid,es La Liga,34-226,1991,4.6,207,255,81.2,3325,802,106,117,90.6,69,84,82.1,21,36,58.3,0,0.2,0.7,-0.2,7,15,8,1,27,Matches
834,Vincenzo Grifo,it ITA,FW,Freiburg,de Bundesliga,32-209,1993,5.6,182,245,74.3,3128,1047,95,106,89.6,51,71,71.8,30,56,53.6,1,2.3,1.8,-1.3,16,13,10,3,24,Matches
835,Álex Grimaldo,es ESP,DF,Leverkusen,de Bundesliga,30-043,1995,7.5,428,514,83.3,6431,1425,251,265,94.7,143,169,84.6,25,58,43.1,3,2.4,2.0,+0.6,18,30,11,3,29,Matches
836,Pascal Groß,de GER,MF,Dortmund,de Bundesliga,34-140,1991,4.7,281,332,84.6,4865,1263,120,133,90.2,136,148,91.9,20,38,52.6,1,0.8,1.9,+0.2,7,27,14,4,43,Matches
837,Brajan Gruda,de GER,MFFW,Brighton,eng Premier League,21-155,2004,2.5,49,63,77.8,667,195,30,35,85.7,16,20,80.0,1,5,20.0,1,0.5,0.4,+0.5,4,2,3,1,6,Matches
838,Ilia Gruev,bg BUL,MF,Leeds United,eng Premier League,25-180,2000,2.4,96,103,93.2,1460,285,55,57,96.5,31,35,88.6,7,7,100.0,0,0.0,0.0,0.0,0,9,0,0,7,Matches
839,Marco Grüll,at AUT,FW,Werder Bremen,de Bundesliga,27-119,1998,7.0,139,186,74.7,1843,526,79,92,85.9,40,51,78.4,6,14,42.9,1,0.6,0.4,+0.4,9,13,7,0,20,Matches
840,Albert Grønbaek,dk DEN,FW,Genoa,it Serie A,24-163,2001,0.7,11,15,73.3,143,61,7,11,63.6,4,4,100.0,0,0,,0,0.3,0.1,-0.3,2,0,2,0,3,Matches
841,Nemanja Gudelj,rs SRB,MF,Sevilla,es La Liga,33-351,1991,6.4,232,270,85.9,4144,1170,104,116,89.7,102,114,89.5,21,26,80.8,0,0.1,0.2,-0.1,2,20,2,1,19,Matches
842,Gabriel Gudmundsson,se SWE,DF,Leeds United,eng Premier League,26-187,1999,9.2,350,450,77.8,5288,2008,196,219,89.5,117,139,84.2,20,51,39.2,0,1.4,1.1,-1.4,10,19,10,7,30,Matches
843,Gonçalo Guedes,pt POR,MFFW,Real Sociedad,es La Liga,28-338,1996,4.7,112,164,68.3,1697,392,63,78,80.8,31,46,67.4,11,21,52.4,1,0.3,0.7,+0.7,6,8,5,4,11,Matches
844,Marc Guéhi,eng ENG,DF,Crystal Palace,eng Premier League,25-112,2000,10.0,441,517,85.3,8033,3153,165,178,92.7,229,250,91.6,40,76,52.6,1,1.1,0.8,-0.1,7,41,2,0,46,Matches
845,Mattéo Guendouzi,fr FRA,MF,Lazio,it Serie A,26-202,1999,6.9,289,330,87.6,4764,1183,144,153,94.1,121,129,93.8,22,31,71.0,0,0.5,0.4,-0.5,8,38,4,3,32,Matches
846,Javier Guerra,es ESP,MF,Valencia,es La Liga,22-305,2003,6.8,232,302,76.8,3969,1134,114,135,84.4,87,106,82.1,26,42,61.9,2,1.5,1.0,+0.5,9,26,2,1,30,Matches
847,Raphaël Guerreiro,pt POR,MFDF,Bayern Munich,de Bundesliga,31-315,1993,2.2,127,140,90.7,1332,285,90,97,92.8,21,24,87.5,2,3,66.7,2,1.0,0.5,+1.0,10,9,5,0,10,Matches
848,Daniel Guerrero,es ESP,MF,Betis,es La Liga,20-099,2005,0.0,1,1,100.0,13,0,1,1,100.0,0,0,,0,0,,0,0.0,0.0,0.0,0,0,0,0,0,Matches
849,Ismaël Guerti,fr FRA,MF,Metz,fr Ligue 1,21-095,2004,0.3,19,23,82.6,302,66,10,10,100.0,5,7,71.4,3,5,60.0,0,0.0,0.0,0.0,0,1,0,0,1,Matches
850,Evann Guessand,ci CIV,FW,Aston Villa,eng Premier League,24-124,2001,4.6,58,83,69.9,687,170,41,49,83.7,13,19,68.4,1,1,100.0,0,0.0,0.5,0.0,1,2,4,0,8,Matches
851,Ander Guevara,es ESP,MF,Alavés,es La Liga,28-118,1997,2.3,105,136,77.2,1695,493,47,56,83.9,50,54,92.6,4,15,26.7,0,0.1,0.1,-0.1,2,9,2,1,9,Matches
852,Idrissa Guèye,sn SEN,FW,Udinese,it Serie A,19-047,2006,0.2,1,2,50.0,16,7,0,1,0.0,1,1,100.0,0,0,,0,0.0,0.0,0.0,0,0,0,0,0,Matches
853,Idrissa Guèye,sn SEN,FW,Metz,fr Ligue 1,19-047,2006,1.5,8,16,50.0,110,22,5,10,50.0,3,6,50.0,0,0,,0,0.0,0.0,0.0,0,0,0,0,0,Matches
854,Pape Gueye,sn SEN,MF,Villarreal,es La Liga,26-282,1999,7.4,310,377,82.2,5453,1766,144,158,91.1,132,155,85.2,30,54,55.6,1,1.0,1.2,0.0,10,37,11,0,59,Matches
855,Morgan Guilavogui,gn GUI,MFFW,Lens,fr Ligue 1,27-237,1998,4.2,103,140,73.6,1556,531,64,79,81.0,25,34,73.5,11,16,68.8,0,0.4,0.6,-0.4,4,13,7,1,22,Matches
856,Luis Guilherme,br BRA,FWMF,West Ham,eng Premier League,19-266,2006,0.6,10,10,100.0,135,52,6,6,100.0,3,3,100.0,0,0,,0,0.0,0.0,0.0,0,0,0,0,0,Matches
857,Bruno Guimarães,br BRA,MF,Newcastle Utd,eng Premier League,27-351,1997,7.9,296,358,82.7,4974,1582,141,155,91.0,116,132,87.9,28,45,62.2,0,0.5,0.9,-0.5,11,38,12,0,55,Matches
858,Daouda Guindo,ml MLI,DFFW,Brest,fr Ligue 1,23-019,2002,1.2,60,72,83.3,1066,281,31,33,93.9,22,26,84.6,7,11,63.6,0,0.0,0.0,0.0,0,3,0,0,3,Matches
859,Bahereba Guirassy,fr FRA,FWMF,Nantes,fr Ligue 1,19-065,2006,5.0,72,122,59.0,1105,369,35,50,70.0,27,45,60.0,4,5,80.0,1,0.7,0.2,+0.3,4,1,6,2,8,Matches
860,Serhou Guirassy,gn GUI,FW,Dortmund,de Bundesliga,29-235,1996,7.8,119,170,70.0,1391,270,73,93,78.5,28,38,73.7,2,6,33.3,1,0.8,1.3,+0.2,7,6,1,0,9,Matches
861,Marc Guiu,es ESP,FW,Sunderland,eng Premier League,19-302,2006,0.2,3,5,60.0,30,7,3,3,100.0,0,1,0.0,0,0,,0,0.0,0.0,0.0,0,0,1,0,1,Matches
862,Marc Guiu,es ESP,FW,Chelsea,eng Premier League,19-302,2006,1.5,5,8,62.5,58,17,4,6,66.7,1,1,100.0,0,1,0.0,0,0.0,0.0,0.0,0,1,0,0,1,Matches
863,Péter Gulácsi,hu HUN,GK,RB Leipzig,de Bundesliga,35-180,1990,9.0,289,359,80.5,7655,3810,42,42,100.0,168,169,99.4,79,148,53.4,0,0.0,0.0,0.0,0,6,1,0,0,Matches
864,Arda Güler,tr TUR,MF,Real Madrid,es La Liga,20-250,2005,7.7,419,484,86.6,7129,1769,211,222,95.0,142,164,86.6,51,71,71.8,5,3.5,2.7,+1.5,27,47,17,2,61,Matches
865,Gerard Gumbau,es ESP,MFFW,Rayo Vallecano,es La Liga,30-319,1994,0.8,21,31,67.7,314,40,13,15,86.7,7,10,70.0,1,3,33.3,0,0.0,0.0,0.0,0,0,0,0,1,Matches
866,Christian Günter,de GER,DF,Freiburg,de Bundesliga,32-247,1993,3.2,97,117,82.9,1638,486,48,52,92.3,42,49,85.7,6,12,50.0,1,0.4,0.5,+0.6,6,3,1,1,8,Matches
867,Jon Guridi,es ESP,MFFW,Alavés,es La Liga,30-247,1995,3.5,104,132,78.8,1553,241,53,61,86.9,40,50,80.0,7,9,77.8,0,0.0,0.1,0.0,0,5,2,0,14,Matches
868,Gorka Guruzeta,es ESP,FW,Athletic Club,es La Liga,29-051,1996,5.6,96,130,73.8,1429,181,54,67,80.6,32,46,69.6,7,9,77.8,0,0.1,0.2,-0.1,3,5,0,0,9,Matches
869,Malo Gusto,fr FRA,DFMF,Chelsea,eng Premier League,22-167,2003,5.3,253,302,83.8,4180,991,130,145,89.7,97,114,85.1,20,25,80.0,1,0.6,0.4,+0.4,6,23,4,1,27,Matches
870,Miguel Gutiérrez,es ESP,DF,Napoli,it Serie A,24-098,2001,1.7,99,113,87.6,1515,360,50,52,96.2,44,51,86.3,4,5,80.0,0,0.2,0.2,-0.2,4,8,3,2,11,Matches
871,Albert Guðmundsson,is ISL,MFFW,Fiorentina,it Serie A,28-140,1997,4.9,103,120,85.8,1445,318,56,59,94.9,33,41,80.5,5,7,71.4,1,0.3,0.2,+0.7,3,8,2,1,10,Matches
872,Joško Gvardiol,hr CRO,DF,Manchester City,eng Premier League,23-283,2002,4.8,311,343,90.7,5290,1875,137,144,95.1,152,162,93.8,19,29,65.5,1,0.3,0.3,+0.7,2,41,4,1,33,Matches
873,Viktor Gyökeres,se SWE,FW,Arsenal,eng Premier League,27-151,1998,8.9,68,112,60.7,872,202,46,66,69.7,13,21,61.9,3,5,60.0,0,1.1,0.7,-1.1,8,4,5,0,11,Matches
874,Erling Haaland,no NOR,FW,Manchester City,eng Premier League,25-104,2000,8.6,69,102,67.6,706,176,42,60,70.0,14,23,60.9,0,1,0.0,1,1.1,0.8,-0.1,4,5,1,0,6,Matches
875,Janik Haberer,de GER,MFDF,Union Berlin,de Bundesliga,31-214,1994,5.6,162,211,76.8,2984,970,61,71,85.9,78,94,83.0,17,30,56.7,0,0.3,0.5,-0.3,2,10,5,3,18,Matches
876,Robin Hack,de GER,FWMF,Gladbach,de Bundesliga,27-067,1998,2.7,82,111,73.9,1341,584,40,42,95.2,33,45,73.3,5,10,50.0,0,0.7,0.7,-0.7,10,14,6,2,18,Matches
877,Albian Hajdari,xk KVX,DF,Hoffenheim,de Bundesliga,22-168,2003,5.0,262,318,82.4,5385,2171,74,80,92.5,149,161,92.5,34,67,50.7,0,0.3,0.1,-0.3,1,12,2,0,16,Matches
878,Achraf Hakimi,ma MAR,DF,Paris S-G,fr Ligue 1,26-363,1998,7.3,630,698,90.3,8565,1813,387,410,94.4,185,210,88.1,25,34,73.5,0,0.7,0.9,-0.7,10,48,5,1,49,Matches
879,Lewis Hall,eng ENG,DF,Newcastle Utd,eng Premier League,21-055,2004,1.5,52,78,66.7,954,377,23,27,85.2,24,31,77.4,5,18,27.8,0,0.0,0.0,0.0,0,5,1,0,9,Matches
880,Pierre-Yves Hamel,fr FRA,FW,Paris FC,fr Ligue 1,31-272,1994,0.9,6,9,66.7,73,2,5,6,83.3,1,2,50.0,0,0,,0,0.0,0.0,0.0,0,0,0,0,0,Matches
881,Andreas Hanche-Olsen,no NOR,DF,Mainz 05,de Bundesliga,28-289,1997,6.3,208,267,77.9,3972,1315,71,83,85.5,117,134,87.3,17,38,44.7,1,0.5,0.1,+0.5,3,14,0,0,14,Matches
882,Dávid Hancko,sk SVK,DF,Atlético Madrid,es La Liga,27-324,1997,9.8,422,510,82.7,7815,2805,174,183,95.1,202,235,86.0,44,78,56.4,1,0.3,0.7,+0.7,3,45,8,0,56,Matches
883,Florent Hanin,dz ALG,DF,Angers,fr Ligue 1,35-271,1990,4.1,140,176,79.5,2222,1006,83,91,91.2,43,55,78.2,8,21,38.1,0,0.0,0.2,0.0,1,7,3,1,11,Matches
884,Isak Hansen-Aarøen,no NOR,FW,Werder Bremen,de Bundesliga,21-072,2004,0.0,3,5,60.0,43,3,2,3,66.7,1,1,100.0,0,1,0.0,0,0.0,0.0,0.0,0,1,0,0,1,Matches
885,Conrad Harder,dk DEN,FW,RB Leipzig,de Bundesliga,20-209,2005,0.9,15,28,53.6,186,34,11,19,57.9,4,7,57.1,0,0,,0,0.3,0.1,-0.3,3,0,0,0,0,Matches
886,Jack Harrison,eng ENG,FW,Leeds United,eng Premier League,28-347,1996,2.9,88,125,70.4,1421,407,45,53,84.9,29,41,70.7,8,18,44.4,0,0.4,0.2,-0.4,2,4,4,1,8,Matches
887,Abdou Harroui,nl NED,MFFW,Hellas Verona,it Serie A,27-293,1998,0.9,25,32,78.1,384,32,11,12,91.7,8,8,100.0,2,6,33.3,0,0.0,0.0,0.0,0,0,0,0,0,Matches
888,Quilindschy Hartman,nl NED,DF,Burnley,eng Premier League,23-353,2001,10.0,262,380,68.9,4631,1979,124,139,89.2,109,148,73.6,25,58,43.1,4,1.2,1.3,+2.8,10,19,9,5,27,Matches
889,Haissem Hassan,fr FRA,FWMF,Oviedo,es La Liga,23-267,2002,6.7,136,186,73.1,2797,621,48,59,81.4,62,79,78.5,24,36,66.7,1,0.5,1.2,+0.5,5,17,10,7,20,Matches
890,Hans Hateboer,nl NED,DF,Rennes,fr Ligue 1,31-297,1994,0.2,8,10,80.0,105,20,6,7,85.7,2,2,100.0,0,0,,0,0.0,0.0,0.0,0,1,0,0,2,Matches
891,Hans Hateboer,nl NED,DF,Lyon,fr Ligue 1,31-297,1994,0.2,12,14,85.7,233,61,2,3,66.7,9,9,100.0,1,2,50.0,0,0.0,0.0,0.0,0,0,0,0,2,Matches
892,Jorrel Hato,nl NED,DF,Chelsea,eng Premier League,19-240,2006,1.9,97,110,88.2,1439,386,49,56,87.5,45,46,97.8,2,6,33.3,0,0.0,0.0,0.0,0,5,0,0,4,Matches
893,Kai Havertz,de GER,FW,Arsenal,eng Premier League,26-144,1999,0.3,5,9,55.6,79,33,4,7,57.1,1,2,50.0,0,0,,0,0.0,0.0,0.0,0,0,0,0,2,Matches
894,Ayden Heaven,eng ENG,DF,Manchester Utd,eng Premier League,19-041,2006,0.3,13,14,92.9,188,108,7,7,100.0,3,4,75.0,2,2,100.0,1,0.3,0.1,+0.7,1,2,1,0,1,Matches
895,Jan Paul van Hecke,nl NED,DF,Brighton,eng Premier League,25-147,2000,10.0,606,698,86.8,12014,5148,222,240,92.5,302,325,92.9,75,112,67.0,0,0.1,0.3,-0.1,2,78,3,2,73,Matches
896,Hwang Hee-chan,kr KOR,FW,Wolves,eng Premier League,29-280,1996,3.3,53,82,64.6,859,221,26,39,66.7,22,33,66.7,4,7,57.1,0,0.0,0.1,0.0,2,3,3,1,8,Matches
897,Torbjørn Heggem,no NOR,DF,Bologna,it Serie A,26-294,1999,6.9,317,345,91.9,6382,1760,94,101,93.1,186,194,95.9,36,46,78.3,0,0.0,0.0,0.0,1,13,2,0,15,Matches
898,Gauthier Hein,fr FRA,MF,Metz,fr Ligue 1,29-087,1996,8.1,421,491,85.7,7629,1261,204,215,94.9,147,166,88.6,60,90,66.7,2,1.8,1.1,+0.2,16,35,8,1,51,Matches
899,Dominique Heintz,de GER,DF,Köln,de Bundesliga,32-079,1993,1.8,58,80,72.5,1097,351,20,24,83.3,33,42,78.6,5,12,41.7,0,0.2,0.0,-0.2,1,4,0,0,5,Matches
900,Dean Henderson,eng ENG,GK,Crystal Palace,eng Premier League,28-235,1997,10.0,216,354,61.0,6016,4248,68,68,100.0,76,78,97.4,70,206,34.0,0,0.0,0.1,0.0,1,10,2,0,0,Matches
901,Jordan Henderson,eng ENG,MF,Brentford,eng Premier League,35-138,1990,8.2,333,423,78.7,6342,1907,133,145,91.7,150,180,83.3,39,77,50.6,2,0.7,0.8,+1.3,6,37,7,3,42,Matches
902,Ramon Hendriks,nl NED,DF,Stuttgart,de Bundesliga,24-107,2001,4.0,244,278,87.8,3999,1412,118,127,92.9,115,128,89.8,10,20,50.0,0,0.0,0.2,0.0,1,18,2,0,21,Matches
903,Luis Henrique,br BRA,DF,Inter,it Serie A,23-323,2001,1.8,84,96,87.5,1238,380,52,57,91.2,24,27,88.9,5,8,62.5,0,0.1,0.1,-0.1,3,6,1,0,10,Matches
904,Rico Henry,eng ENG,DF,Brentford,eng Premier League,28-117,1997,1.9,36,69,52.2,569,167,18,25,72.0,17,32,53.1,1,7,14.3,0,0.1,0.1,-0.1,1,1,1,0,2,Matches
905,Mads Hermansen,dk DEN,GK,West Ham,eng Premier League,25-114,2000,4.0,104,157,66.2,2719,1891,22,22,100.0,57,57,100.0,25,78,32.1,0,0.0,0.0,0.0,0,6,0,0,0,Matches
906,Mario Hermoso,es ESP,DF,Roma,it Serie A,30-137,1995,5.4,273,315,86.7,4869,1412,125,136,91.9,120,130,92.3,26,43,60.5,0,0.0,0.1,0.0,1,23,1,0,19,Matches
907,Lucas Hernández,fr FRA,DF,Paris S-G,fr Ligue 1,29-261,1996,5.4,451,479,94.2,7266,2232,213,219,97.3,208,214,97.2,22,34,64.7,0,0.1,0.2,-0.1,4,48,2,0,32,Matches
908,Hernani,br BRA,DF,Parma,it Serie A,31-220,1994,0.2,6,8,75.0,165,32,3,4,75.0,1,2,50.0,2,2,100.0,0,0.0,0.0,0.0,1,0,1,0,2,Matches
909,Jorge Herrando,es ESP,DF,Osasuna,es La Liga,24-247,2001,3.0,87,102,85.3,1376,523,41,43,95.3,40,45,88.9,3,7,42.9,0,0.0,0.0,0.0,0,3,0,0,2,Matches
910,Sergio Herrera,es ESP,GK,Osasuna,es La Liga,32-150,1993,10.0,242,334,72.5,7304,5892,49,49,100.0,98,103,95.1,89,176,50.6,0,0.0,0.1,0.0,0,3,0,0,1,Matches
911,Yangel Herrera,ve VEN,MF,Girona,es La Liga,27-292,1998,1.2,35,46,76.1,664,139,14,18,77.8,16,19,84.2,5,7,71.4,0,0.0,0.0,0.0,0,4,1,1,2,Matches
912,Yangel Herrera,ve VEN,MF,Real Sociedad,es La Liga,27-292,1998,1.0,17,25,68.0,250,64,10,13,76.9,7,8,87.5,0,2,0.0,0,0.0,0.0,0.0,0,5,0,0,2,Matches
913,Charles Herrmann,de GER,MF,Gladbach,de Bundesliga,19-285,2006,0.1,3,4,75.0,71,28,1,2,50.0,1,1,100.0,1,1,100.0,1,0.2,0.2,+0.8,1,0,0,0,0,Matches
914,Daniel Heuer Fernandes,pt POR,GK,Hamburger SV,de Bundesliga,32-354,1992,8.0,319,395,80.8,7666,5093,82,82,100.0,158,158,100.0,78,154,50.6,0,0.0,0.0,0.0,0,7,0,0,2,Matches
915,Aaron Hickey,sct SCO,DF,Brentford,eng Premier League,23-145,2002,2.1,69,87,79.3,1169,399,36,40,90.0,25,32,78.1,7,12,58.3,0,0.0,0.1,0.0,0,6,2,0,4,Matches
916,Santiago Hidalgo,ar ARG,FWMF,Toulouse,fr Ligue 1,20-258,2005,1.7,31,46,67.4,428,77,22,26,84.6,5,11,45.5,2,5,40.0,2,0.2,0.1,+1.8,3,2,1,0,3,Matches
917,Isak Hien,se SWE,DF,Atalanta,it Serie A,26-293,1999,8.3,399,437,91.3,7980,2623,110,119,92.4,241,255,94.5,45,55,81.8,0,0.1,0.2,-0.1,1,18,0,0,15,Matches
918,Omar El Hilali,ma MAR,DF,Espanyol,es La Liga,22-051,2003,7.8,337,426,79.1,5887,2363,152,165,92.1,158,186,84.9,25,64,39.1,2,1.3,1.2,+0.7,8,28,8,6,36,Matches
919,James Hill,eng ENG,DF,Bournemouth,eng Premier League,23-296,2002,3.1,96,146,65.8,1723,751,46,49,93.9,39,56,69.6,10,32,31.3,0,0.0,0.2,0.0,0,15,3,0,17,Matches
920,Piero Hincapié,ec ECU,DF,Arsenal,eng Premier League,23-297,2002,0.3,11,13,84.6,204,54,3,3,100.0,7,9,77.8,1,1,100.0,0,0.0,0.0,0.0,0,1,0,0,1,Matches
921,Piero Hincapié,ec ECU,DF,Leverkusen,de Bundesliga,23-297,2002,1.0,82,95,86.3,1390,488,37,40,92.5,42,46,91.3,3,6,50.0,0,0.0,0.0,0.0,0,9,0,0,8,Matches
922,Jack Hinshelwood,eng ENG,MF,Brighton,eng Premier League,20-205,2005,1.2,46,54,85.2,725,139,24,27,88.9,18,19,94.7,2,4,50.0,0,0.0,0.0,0.0,0,2,1,0,2,Matches
923,Ki-Jana Hoever,nl NED,DFMF,Wolves,eng Premier League,23-288,2002,2.8,82,125,65.6,1729,514,29,39,74.4,38,56,67.9,14,24,58.3,0,0.2,0.3,-0.2,2,10,6,3,9,Matches
924,Nicolas Höfler,de GER,MF,Freiburg,de Bundesliga,35-238,1990,0.3,26,29,89.7,382,67,13,13,100.0,10,12,83.3,1,1,100.0,0,0.0,0.0,0.0,0,5,0,0,3,Matches
925,Jonas Hofmann,de GER,MF,Leverkusen,de Bundesliga,33-111,1992,2.2,83,105,79.0,1391,161,41,53,77.4,37,41,90.2,4,6,66.7,1,0.6,0.2,+0.4,3,3,2,1,7,Matches
926,Malthe Hojholt,dk DEN,MF,Pisa,it Serie A,24-200,2001,0.5,10,14,71.4,142,13,3,6,50.0,6,7,85.7,0,0,,0,0.0,0.0,0.0,0,0,0,0,0,Matches
927,Lucas Höler,de GER,MFFW,Freiburg,de Bundesliga,31-115,1994,7.0,128,185,69.2,1555,386,84,112,75.0,30,42,71.4,2,5,40.0,0,0.1,0.2,-0.1,3,10,3,0,14,Matches
928,Benedict Hollerbach,de GER,FWMF,Mainz 05,de Bundesliga,24-169,2001,3.3,40,64,62.5,544,76,23,34,67.6,13,16,81.3,2,4,50.0,1,0.6,0.8,+0.4,2,2,1,0,5,Matches
929,Emil Holm,se SWE,DF,Bologna,it Serie A,25-173,2000,2.8,107,134,79.9,1990,667,44,49,89.8,49,56,87.5,12,21,57.1,2,0.8,0.6,+1.2,2,8,4,2,17,Matches
930,Franck Honorat,fr FRA,MFFW,Gladbach,de Bundesliga,29-083,1996,4.8,129,186,69.4,2123,712,66,75,88.0,48,72,66.7,11,27,40.7,1,1.8,2.1,-0.8,11,6,10,8,18,Matches
931,Mathias Honsak,at AUT,FWMF,Heidenheim,de Bundesliga,28-317,1996,3.2,42,62,67.7,664,155,25,31,80.6,15,20,75.0,2,2,100.0,0,0.2,0.1,-0.2,3,2,2,0,5,Matches
932,Ali Houary,ma MAR,MF,Elche,es La Liga,20-089,2005,1.4,47,54,87.0,551,152,33,35,94.3,10,12,83.3,1,2,50.0,0,0.0,0.0,0.0,0,1,1,0,4,Matches
933,Andreas Hountondji,bj BEN,FWMF,St. Pauli,de Bundesliga,23-114,2002,4.9,48,89,53.9,606,178,27,41,65.9,15,24,62.5,1,4,25.0,0,0.1,0.1,-0.1,3,5,0,0,7,Matches
934,Lukáš Hrádecký,fi FIN,GK,Monaco,fr Ligue 1,35-343,1989,2.9,78,106,73.6,1907,1436,17,17,100.0,41,41,100.0,20,47,42.6,0,0.0,0.0,0.0,0,0,0,0,0,Matches
935,Robin Hranáč,cz CZE,DF,Hoffenheim,de Bundesliga,25-277,2000,7.6,319,363,87.9,5725,1828,114,126,90.5,180,188,95.7,20,39,51.3,0,0.0,0.1,0.0,1,13,1,1,15,Matches
936,Timo Hübers,de GER,DF,Köln,de Bundesliga,29-105,1996,7.5,321,369,87.0,6156,1995,97,110,88.2,191,208,91.8,31,44,70.5,0,0.0,0.1,0.0,0,14,0,0,15,Matches
937,Callum Hudson-Odoi,eng ENG,FW,Nott'ham Forest,eng Premier League,24-360,2000,6.3,191,245,78.0,2814,547,107,117,91.5,60,74,81.1,13,33,39.4,0,1.7,1.1,-1.7,16,4,16,3,29,Matches
938,Will Hughes,eng ENG,MF,Crystal Palace,eng Premier League,30-199,1995,4.9,135,174,77.6,2256,835,69,81,85.2,49,60,81.7,13,22,59.1,0,0.5,0.6,-0.5,7,12,6,1,29,Matches
939,Dean Huijsen,es ESP,DF,Real Madrid,es La Liga,20-202,2005,8.1,536,608,88.2,11176,4059,160,176,90.9,297,323,92.0,78,100,78.0,1,1.0,0.8,0.0,5,83,0,0,61,Matches
940,Trai Hume,nir NIR,DF,Sunderland,eng Premier League,23-229,2002,8.9,270,388,69.6,4016,1541,162,187,86.6,88,126,69.8,13,46,28.3,1,0.4,0.4,+0.6,6,28,7,2,30,Matches
941,Bashir Humphreys,eng ENG,DF,Burnley,eng Premier League,22-232,2003,0.0,2,2,100.0,22,3,2,2,100.0,0,0,,0,0,,0,0.0,0.0,0.0,0,0,0,0,0,Matches
942,Denis Huseinbasic,ba BIH,MF,Köln,de Bundesliga,24-122,2001,2.4,93,103,90.3,1616,382,36,41,87.8,46,49,93.9,9,9,100.0,0,0.1,0.1,-0.1,2,5,0,0,10,Matches
943,Omari Hutchinson,eng ENG,FWMF,Nott'ham Forest,eng Premier League,22-003,2003,1.1,44,58,75.9,776,123,23,25,92.0,15,18,83.3,5,10,50.0,0,0.7,0.4,-0.7,5,2,4,3,3,Matches
944,Kwon Hyeokkyu,kr KOR,MF,Nantes,fr Ligue 1,24-234,2001,4.9,119,135,88.1,2286,395,28,31,90.3,76,83,91.6,12,16,75.0,0,0.0,0.0,0.0,0,4,0,0,6,Matches
945,Elseid Hysaj,al ALB,DF,Lazio,it Serie A,31-255,1994,1.7,65,83,78.3,1188,462,26,29,89.7,31,38,81.6,8,11,72.7,0,0.0,0.0,0.0,0,6,2,1,8,Matches
946,Hong Hyunseok,kr KOR,MF,Nantes,fr Ligue 1,26-139,1999,3.2,59,88,67.0,846,219,39,48,81.3,17,24,70.8,3,13,23.1,0,0.0,0.1,0.0,1,7,0,0,7,Matches
947,Lucas Høgsberg,dk DEN,DF,Strasbourg,fr Ligue 1,19-132,2006,6.8,410,448,91.5,7642,3043,134,142,94.4,237,245,96.7,35,52,67.3,0,0.0,0.1,0.0,0,20,0,0,28,Matches
948,Pierre Højbjerg,dk DEN,MF,Marseille,fr Ligue 1,30-089,1995,9.5,685,744,92.1,11289,3055,330,346,95.4,292,311,93.9,44,57,77.2,0,0.9,1.1,-0.9,8,88,8,0,64,Matches
949,Oscar Højlund,dk DEN,MF,Eint Frankfurt,de Bundesliga,20-302,2005,1.8,74,83,89.2,1242,298,33,37,89.2,39,40,97.5,2,4,50.0,0,0.0,0.1,0.0,0,3,0,0,5,Matches
950,Rasmus Højlund,dk DEN,FW,Napoli,it Serie A,22-271,2003,4.6,56,72,77.8,775,85,39,50,78.0,14,17,82.4,2,2,100.0,0,0.3,0.8,-0.3,3,0,1,0,7,Matches
951,Edoardo Iannoni,it ITA,MF,Sassuolo,it Serie A,24-205,2001,0.8,27,32,84.4,367,123,18,21,85.7,6,6,100.0,2,3,66.7,0,0.0,0.0,0.0,0,5,1,0,5,Matches
952,Pablo Ibáñez,es ESP,MF,Alavés,es La Liga,27-043,1998,7.1,276,332,83.1,4163,810,149,160,93.1,98,120,81.7,15,24,62.5,0,0.2,0.2,-0.2,4,27,1,1,30,Matches
953,Arijon Ibrahimović,de GER,MFFW,Heidenheim,de Bundesliga,19-326,2005,8.1,202,320,63.1,3912,1100,71,103,68.9,100,134,74.6,29,65,44.6,1,1.0,1.1,0.0,15,18,8,1,30,Matches
954,Riyad Idrissi,it ITA,DF,Cagliari,it Serie A,20-142,2005,2.4,83,112,74.1,1270,407,51,57,89.5,31,41,75.6,1,8,12.5,0,0.1,0.1,-0.1,3,6,0,0,9,Matches
955,Stanis Idumbo,be BEL,MF,Sevilla,es La Liga,20-126,2005,0.5,7,11,63.6,77,28,5,7,71.4,1,2,50.0,0,1,0.0,0,0.1,0.0,-0.1,1,0,1,0,1,Matches
956,Stanis Idumbo,be BEL,MFDF,Monaco,fr Ligue 1,20-126,2005,1.4,43,47,91.5,629,151,25,26,96.2,16,18,88.9,1,1,100.0,1,0.3,0.0,+0.7,3,4,1,0,3,Matches
957,Jay Idzes,id IDN,DF,Sassuolo,it Serie A,25-153,2000,8.0,323,356,90.7,5927,2122,113,119,95.0,182,188,96.8,21,37,56.8,0,0.0,0.0,0.0,0,7,0,0,16,Matches
958,Hamza Igamane,ma MAR,FWMF,Lille,fr Ligue 1,23-000,2002,3.0,64,87,73.6,983,312,33,47,70.2,23,27,85.2,5,7,71.4,1,0.3,0.3,+0.7,3,11,3,0,14,Matches
959,Iglesias,es ESP,DF,Getafe,es La Liga,27-122,1998,9.3,189,321,58.9,3839,1783,84,100,84.0,64,106,60.4,36,96,37.5,0,0.2,0.3,-0.2,1,28,4,3,28,Matches
960,Borja Iglesias,es ESP,FW,Celta Vigo,es La Liga,32-289,1993,6.3,93,129,72.1,1341,326,46,61,75.4,32,41,78.0,5,12,41.7,1,0.6,0.5,+0.4,7,12,1,0,10,Matches
961,Igor,br BRA,DF,West Ham,eng Premier League,27-268,1998,0.0,0,0,,0,0,0,0,,0,0,,0,0,,0,0.0,0.0,0.0,0,0,0,0,0,Matches
962,Jonathan Ikone,fr FRA,FWMF,Paris FC,fr Ligue 1,27-184,1998,1.3,34,40,85.0,565,52,18,19,94.7,14,14,100.0,2,2,100.0,0,0.1,0.1,-0.1,1,1,1,0,2,Matches
963,George Ilenikhena,ng NGA,FWMF,Monaco,fr Ligue 1,19-078,2006,2.1,22,28,78.6,264,50,13,15,86.7,5,7,71.4,0,0,,0,0.3,0.2,-0.3,3,0,5,0,5,Matches
964,Andrej Ilic,rs SRB,FW,Union Berlin,de Bundesliga,25-213,2000,8.3,76,134,56.7,940,269,41,62,66.1,21,40,52.5,2,6,33.3,5,1.9,0.9,+3.1,13,4,1,1,10,Matches
965,Ivan Ilić,rs SRB,MF,Torino,it Serie A,24-230,2001,2.5,55,73,75.3,888,230,32,37,86.5,19,26,73.1,3,6,50.0,0,0.2,0.3,-0.2,3,4,1,0,5,Matches
966,Luka Ilić,rs SRB,MFFW,Oviedo,es La Liga,26-123,1999,5.6,107,144,74.3,1734,467,59,73,80.8,32,39,82.1,10,20,50.0,0,0.1,0.4,-0.1,1,10,3,0,14,Matches
967,Emirhan İlkhan,tr TUR,MF,Torino,it Serie A,21-154,2004,0.6,30,33,90.9,565,84,9,9,100.0,14,16,87.5,5,6,83.3,0,0.0,0.0,0.0,0,0,0,0,1,Matches
968,Ciro Immobile,it ITA,FW,Bologna,it Serie A,35-255,1990,0.3,4,9,44.4,62,13,2,4,50.0,0,0,,1,1,100.0,0,0.0,0.0,0.0,0,0,0,0,0,Matches
969,Cyriaque Irié,bf BFA,FW,Freiburg,de Bundesliga,20-135,2005,0.3,13,15,86.7,224,73,6,6,100.0,5,6,83.3,2,3,66.7,0,0.0,0.0,0.0,0,1,1,0,2,Matches
970,Tim Iroegbunam,eng ENG,MF,Everton,eng Premier League,22-125,2003,3.0,59,79,74.7,1032,239,26,34,76.5,30,35,85.7,3,5,60.0,0,0.0,0.0,0.0,0,5,1,0,8,Matches
971,Jackson Irvine,au AUS,MF,St. Pauli,de Bundesliga,32-240,1993,0.1,6,7,85.7,100,35,4,4,100.0,1,2,50.0,1,1,100.0,0,0.0,0.0,0.0,0,2,0,0,2,Matches
972,Andy Irving,sct SCO,MF,West Ham,eng Premier League,25-173,2000,1.7,86,104,82.7,1502,387,41,44,93.2,33,38,86.8,8,17,47.1,0,0.1,0.1,-0.1,2,7,0,0,12,Matches
973,Alexander Isak,se SWE,FW,Liverpool,eng Premier League,26-042,1999,2.8,32,49,65.3,479,91,18,22,81.8,11,16,68.8,1,3,33.3,1,0.5,0.0,+0.5,1,2,1,0,7,Matches
974,Gustav Isaksen,dk DEN,FW,Lazio,it Serie A,24-197,2001,3.0,67,88,76.1,904,98,42,50,84.0,22,28,78.6,3,5,60.0,0,0.1,0.1,-0.1,3,3,0,0,0,Matches
975,Wilson Isidor,fr FRA,FW,Sunderland,eng Premier League,25-067,2000,5.9,30,46,65.2,328,100,20,25,80.0,4,9,44.4,1,3,33.3,0,0.0,0.0,0.0,0,4,0,0,4,Matches
976,Ardian Ismajli,al ALB,DF,Torino,it Serie A,29-033,1996,3.6,109,133,82.0,2060,848,37,40,92.5,59,68,86.8,11,20,55.0,0,0.2,0.2,-0.2,2,6,3,2,12,Matches
977,Franco Israel,uy URU,GK,Torino,it Serie A,25-194,2000,7.0,162,260,62.3,5189,3942,17,17,100.0,79,80,98.8,66,161,41.0,0,0.0,0.0,0.0,0,4,0,0,1,Matches
978,Alex Iwobi,ng NGA,FWMF,Fulham,eng Premier League,29-183,1996,9.0,351,444,79.1,6408,1766,146,171,85.4,159,192,82.8,37,57,64.9,2,1.7,1.5,+0.3,17,39,24,7,56,Matches
979,Urko Izeta,es ESP,MF,Athletic Club,es La Liga,26-034,1999,0.4,9,16,56.3,123,8,5,7,71.4,4,5,80.0,0,2,0.0,0,0.0,0.0,0.0,1,0,0,0,0,Matches
980,Jairo Izquierdo,es ESP,MFDF,Elche,es La Liga,32-011,1993,0.3,12,17,70.6,194,26,7,8,87.5,4,6,66.7,1,3,33.3,0,0.0,0.0,0.0,0,0,0,0,0,Matches
981,Nicolas Jackson,sn SEN,FW,Bayern Munich,de Bundesliga,24-135,2001,3.3,67,82,81.7,683,114,52,59,88.1,10,13,76.9,0,0,,0,1.4,0.5,-1.4,7,3,5,0,11,Matches
982,Jérémy Jacquet,fr FRA,DF,Rennes,fr Ligue 1,20-112,2005,10.0,557,610,91.3,11486,4278,140,154,90.9,350,370,94.6,66,84,78.6,0,0.2,0.1,-0.2,4,38,0,0,24,Matches
983,Lee Jae-sung,kr KOR,MFFW,Mainz 05,de Bundesliga,33-084,1992,6.3,111,162,68.5,1649,349,59,85,69.4,34,40,85.0,9,15,60.0,0,0.4,0.4,-0.4,3,8,2,0,12,Matches
984,Kristijan Jakić,hr CRO,MFDF,Augsburg,de Bundesliga,28-172,1997,7.0,250,324,77.2,4556,1371,106,120,88.3,106,127,83.5,34,60,56.7,1,0.3,0.4,+0.7,5,32,1,1,27,Matches
985,Karl Jakob Hein,ee EST,GK,Werder Bremen,de Bundesliga,23-203,2002,2.0,94,121,77.7,2491,1651,18,18,100.0,48,48,100.0,28,55,50.9,0,0.0,0.0,0.0,0,0,0,0,0,Matches
986,Daniel James,wls WAL,FWMF,Leeds United,eng Premier League,27-357,1997,3.0,33,70,47.1,549,238,14,28,50.0,12,23,52.2,5,9,55.6,0,0.5,0.4,-0.5,5,5,3,2,7,Matches
987,Reece James,eng ENG,DF,Chelsea,eng Premier League,25-329,1999,7.7,505,591,85.4,9007,2734,237,248,95.6,216,244,88.5,47,80,58.8,2,1.7,1.4,+0.3,13,49,8,2,51,Matches
988,Vitaly Janelt,de GER,MF,Brentford,eng Premier League,27-176,1998,1.6,63,83,75.9,1016,345,31,36,86.1,21,28,75.0,7,11,63.6,0,0.1,0.2,-0.1,2,4,1,0,6,Matches
989,Mathis Jangeal,fr FRA,MF,Paris S-G,fr Ligue 1,17-131,2008,0.1,9,9,100.0,128,29,6,6,100.0,3,3,100.0,0,0,,0,0.0,0.0,0.0,0,1,0,0,1,Matches
990,Isak Jansson,se SWE,MFFW,Nice,fr Ligue 1,23-275,2002,3.7,50,73,68.5,684,188,29,34,85.3,18,24,75.0,0,2,0.0,0,0.5,0.5,-0.5,2,5,3,2,8,Matches
991,Adnan Januzaj,be BEL,FWMF,Sevilla,es La Liga,30-270,1995,1.7,51,68,75.0,1052,398,15,17,88.2,27,31,87.1,8,16,50.0,0,0.1,0.2,-0.1,2,7,3,2,13,Matches
992,Luca Jaquez,ch SUI,DF,Stuttgart,de Bundesliga,22-153,2003,4.6,341,376,90.7,6101,1925,119,124,96.0,197,208,94.7,20,33,60.6,1,0.9,0.3,+0.1,4,36,0,0,30,Matches
993,Ardon Jashari,ch SUI,MF,Milan,it Serie A,23-095,2002,0.2,19,20,95.0,333,78,7,7,100.0,10,10,100.0,1,1,100.0,0,0.0,0.0,0.0,0,3,0,0,1,Matches
994,Mikel Jauregizar,es ESP,MF,Athletic Club,es La Liga,21-355,2003,10.9,415,525,79.0,7157,2129,187,213,87.8,176,212,83.0,41,75,54.7,0,0.5,1.0,-0.5,8,58,12,1,66,Matches
995,Finn Jeltsch,de GER,DF,Stuttgart,de Bundesliga,19-108,2006,4.0,226,249,90.8,3918,1013,97,98,99.0,123,130,94.6,6,18,33.3,0,0.0,0.1,0.0,1,9,0,0,15,Matches
996,Castrop Jens,kr KOR,MF,Gladbach,de Bundesliga,22-096,2003,3.9,83,110,75.5,1274,455,43,51,84.3,28,39,71.8,6,11,54.5,0,0.3,0.2,-0.3,5,6,3,0,18,Matches
997,Mathias Jensen,dk DEN,MF,Brentford,eng Premier League,29-305,1996,2.4,72,98,73.5,1527,573,32,37,86.5,27,34,79.4,12,25,48.0,0,0.2,0.1,-0.2,3,13,4,0,16,Matches
998,Oliver Jensen,dk DEN,MF,Parma,it Serie A,23-237,2002,5.4,129,160,80.6,1942,420,74,86,86.0,43,54,79.6,8,9,88.9,0,0.1,0.2,-0.1,3,8,4,0,16,Matches
999,Moritz Jenz,de GER,DF,Wolfsburg,de Bundesliga,26-186,1999,7.0,290,323,89.8,5282,1900,106,110,96.4,166,177,93.8,14,29,48.3,0,0.1,0.1,-0.1,2,15,2,1,11,Matches
1000,Igor Jesus,br BRA,FWMF,Nott'ham Forest,eng Premier League,24-250,2001,3.0,50,69,72.5,695,88,31,41,75.6,13,16,81.3,3,3,100.0,0,0.1,0.1,-0.1,2,1,4,1,3,Matches
1001,Juan Jesus,br BRA,DF,Napoli,it Serie A,34-145,1991,6.5,475,511,93.0,8981,2693,160,163,98.2,282,294,95.9,33,43,76.7,0,0.0,0.1,0.0,1,24,1,0,29,Matches
1002,Álex Jiménez,es ESP,DF,Bournemouth,eng Premier League,20-178,2005,3.5,140,176,79.5,2221,709,77,90,85.6,47,55,85.5,11,19,57.9,0,0.1,0.1,-0.1,2,10,5,1,20,Matches
1003,Álex Jiménez,es ESP,DF,Milan,it Serie A,20-178,2005,0.5,23,25,92.0,304,44,13,13,100.0,5,6,83.3,2,2,100.0,0,0.2,0.1,-0.2,2,2,1,0,2,Matches
1004,Raúl Jiménez,mx MEX,FW,Fulham,eng Premier League,34-181,1991,4.4,66,98,67.3,853,184,45,54,83.3,13,22,59.1,4,9,44.4,1,0.3,0.3,+0.7,3,5,1,0,8,Matches
1005,João Pedro,br BRA,FWMF,Chelsea,eng Premier League,24-037,2001,9.4,193,245,78.8,2480,456,134,149,89.9,38,54,70.4,9,15,60.0,3,2.2,0.6,+0.8,12,16,8,0,29,Matches
1006,Joelinton,br BRA,MF,Newcastle Utd,eng Premier League,29-080,1996,5.9,161,198,81.3,2254,651,95,116,81.9,55,62,88.7,4,7,57.1,0,0.9,0.4,-0.9,5,22,1,0,32,Matches
1007,Jofre,es ESP,FWMF,Espanyol,es La Liga,24-138,2001,1.7,21,33,63.6,272,97,14,17,82.4,3,5,60.0,2,5,40.0,0,0.1,0.2,-0.1,1,0,2,2,0,Matches
1008,Þórir Jóhann Helgason,is ISL,MF,Lecce,it Serie A,25-035,2000,0.9,17,21,81.0,258,56,9,10,90.0,8,9,88.9,0,1,0.0,0,0.1,0.1,-0.1,2,2,1,1,1,Matches
1009,Ísak Jóhannesson,is ISL,MF,Köln,de Bundesliga,22-224,2003,6.9,248,318,78.0,4951,1458,89,98,90.8,117,132,88.6,40,81,49.4,0,0.5,1.1,-0.5,6,37,10,3,36,Matches
1010,Dennis Johnsen,no NOR,FWMF,Cremonese,it Serie A,27-258,1998,1.5,17,41,41.5,312,101,9,15,60.0,5,12,41.7,2,6,33.3,1,0.3,0.1,+0.7,2,2,1,1,3,Matches
1011,Brennan Johnson,wls WAL,FW,Tottenham,eng Premier League,24-163,2001,4.2,64,97,66.0,958,200,41,49,83.7,18,29,62.1,4,15,26.7,0,0.2,0.2,-0.2,3,5,2,1,6,Matches
1012,Karl-Johan Johnsson,se SWE,GK,Strasbourg,fr Ligue 1,35-278,1990,1.0,27,34,79.4,604,391,10,10,100.0,12,12,100.0,5,12,41.7,0,0.0,0.0,0.0,0,0,0,0,0,Matches
1013,Sam Johnstone,eng ENG,GK,Wolves,eng Premier League,32-222,1993,6.0,166,263,63.1,5220,3792,26,26,100.0,75,75,100.0,65,161,40.4,0,0.0,0.0,0.0,0,9,0,0,1,Matches
1014,Curtis Jones,eng ENG,MF,Liverpool,eng Premier League,24-276,2001,3.6,240,261,92.0,4040,1303,123,127,96.9,100,104,96.2,16,25,64.0,0,0.4,0.9,-0.4,3,33,12,1,46,Matches
1015,Frenkie de Jong,nl NED,MF,Barcelona,es La Liga,28-174,1997,7.1,544,582,93.5,8069,2303,313,324,96.6,187,200,93.5,25,31,80.6,2,0.6,1.1,+1.4,11,66,8,2,68,Matches
1016,Josan,es ESP,DFFW,Elche,es La Liga,35-334,1989,2.1,87,110,79.1,1447,394,41,48,85.4,38,42,90.5,7,16,43.8,1,1.7,1.2,-0.7,7,1,5,5,7,Matches
1017,Mateo Joseph,es ESP,FW,Mallorca,es La Liga,22-014,2003,5.8,77,94,81.9,1024,213,48,58,82.8,24,26,92.3,2,3,66.7,1,0.3,0.2,+0.7,4,1,2,1,6,Matches
1018,Lazar Jovanović,rs SRB,FWMF,Stuttgart,de Bundesliga,18-337,2006,0.4,5,10,50.0,66,12,3,5,60.0,2,3,66.7,0,2,0.0,0,0.1,0.3,-0.1,1,0,0,0,1,Matches
1019,Juanmi,es ESP,FW,Getafe,es La Liga,32-166,1993,0.2,4,5,80.0,30,3,3,3,100.0,0,0,,0,0,,0,0.0,0.0,0.0,0,1,0,0,0,Matches
1020,Abdulai Juma Bah,sl SLE,DF,Nice,fr Ligue 1,19-205,2006,7.5,367,392,93.6,6277,2228,146,154,94.8,201,208,96.6,17,27,63.0,0,0.2,0.3,-0.2,1,12,0,0,15,Matches
1021,Anthony Jung,de GER,DF,Freiburg,de Bundesliga,33-364,1991,1.3,57,74,77.0,1001,308,27,32,84.4,25,29,86.2,5,12,41.7,0,0.0,0.1,0.0,1,7,1,0,5,Matches
1022,Eli Junior Kroupi,fr FRA,FWMF,Bournemouth,eng Premier League,19-132,2006,1.8,30,48,62.5,431,37,16,22,72.7,10,15,66.7,2,3,66.7,0,0.1,0.1,-0.1,1,1,0,0,0,Matches
1023,Luiz Lúcio Reis Júnior,br BRA,GK,Villarreal,es La Liga,24-292,2001,8.0,156,188,83.0,3218,2019,46,46,100.0,88,88,100.0,22,54,40.7,0,0.0,0.0,0.0,0,1,0,0,0,Matches
1024,Hamed Junior Traorè,ci CIV,MF,Bournemouth,eng Premier League,25-259,2000,0.2,2,3,66.7,23,18,1,1,100.0,1,2,50.0,0,0,,1,0.2,0.0,+0.8,1,0,0,0,0,Matches
1025,Hamed Junior Traorè,ci CIV,MFFW,Marseille,fr Ligue 1,25-259,2000,0.9,12,22,54.5,226,94,4,5,80.0,7,10,70.0,1,5,20.0,0,0.0,0.0,0.0,0,1,1,0,1,Matches
1026,Vinicius Júnior,br BRA,FWMF,Real Madrid,es La Liga,25-113,2000,8.6,333,410,81.2,4903,1096,209,237,88.2,89,105,84.8,20,29,69.0,4,2.5,1.8,+1.5,26,15,21,3,45,Matches
1027,Josip Juranović,hr CRO,DF,Union Berlin,de Bundesliga,30-078,1995,0.1,1,4,25.0,36,19,0,0,,0,0,,1,4,25.0,0,0.0,0.0,0.0,1,0,0,0,0,Matches
1028,James Justin,eng ENG,DF,Leeds United,eng Premier League,27-252,1998,0.9,35,43,81.4,619,238,17,18,94.4,14,19,73.7,3,5,60.0,0,0.0,0.0,0.0,0,3,0,0,3,Matches
1029,Ferran Jutglà,es ESP,FWMF,Celta Vigo,es La Liga,26-274,1999,5.0,85,115,73.9,1307,232,49,62,79.0,28,33,84.8,6,8,75.0,0,0.4,0.6,-0.4,4,8,2,2,8,Matches
1030,Filip Jørgensen,dk DEN,GK,Chelsea,eng Premier League,23-200,2002,0.9,27,35,77.1,616,444,10,11,90.9,11,11,100.0,6,13,46.2,0,0.0,0.0,0.0,0,0,0,0,0,Matches
1031,Martijn Kaars,nl NED,FWMF,St. Pauli,de Bundesliga,26-242,1999,4.3,84,114,73.7,1107,144,53,64,82.8,27,36,75.0,2,5,40.0,0,0.1,0.3,-0.1,4,2,4,1,8,Matches
1032,Mohamed Kaba,fr FRA,MFFW,Lecce,it Serie A,24-006,2001,1.6,40,53,75.5,658,185,23,25,92.0,11,14,78.6,4,6,66.7,0,0.0,0.2,0.0,1,6,0,0,9,Matches
1033,Ozan Kabak,tr TUR,DF,Hoffenheim,de Bundesliga,25-222,2000,0.1,3,3,100.0,84,75,1,1,100.0,1,1,100.0,1,1,100.0,0,0.0,0.0,0.0,0,1,0,0,2,Matches
1034,Christian Kabasele,be BEL,DF,Udinese,it Serie A,34-251,1991,4.7,139,152,91.4,3186,1259,19,21,90.5,95,97,97.9,25,34,73.5,0,0.0,0.0,0.0,0,4,1,0,4,Matches
1035,Anton Kade,de GER,DF,Augsburg,de Bundesliga,21-289,2004,2.7,77,104,74.0,1173,367,50,54,92.6,21,33,63.6,6,10,60.0,0,0.1,0.1,-0.1,3,5,1,0,9,Matches
1036,Ferdi Kadioglu,tr TUR,DFFW,Brighton,eng Premier League,26-026,1999,7.2,240,297,80.8,3935,1334,112,122,91.8,101,122,82.8,18,31,58.1,0,0.4,0.7,-0.4,2,24,9,5,33,Matches
1037,Florian Kainz,at AUT,MFDF,Köln,de Bundesliga,33-009,1992,0.9,67,82,81.7,1204,517,28,31,90.3,33,34,97.1,6,14,42.9,0,0.2,0.2,-0.2,5,7,3,0,11,Matches
1038,Sasa Kalajdzic,at AUT,FW,Wolves,eng Premier League,28-118,1997,0.2,4,6,66.7,41,0,4,4,100.0,0,0,,0,0,,0,0.0,0.0,0.0,0,0,0,0,0,Matches
1039,Arnaud Kalimuendo,fr FRA,FW,Nott'ham Forest,eng Premier League,23-286,2002,0.8,23,29,79.3,328,32,11,13,84.6,12,14,85.7,0,0,,0,0.0,0.0,0.0,1,1,1,0,2,Matches
1040,Pierre Kalulu,fr FRA,DF,Juventus,it Serie A,25-150,2000,10.0,541,635,85.2,9430,2809,227,246,92.3,245,280,87.5,54,80,67.5,0,1.3,0.7,-1.3,11,34,15,4,52,Matches
1041,Justin-Noël Kalumba,fr FRA,FWMF,Angers,fr Ligue 1,20-312,2004,2.5,66,92,71.7,1160,420,26,38,68.4,33,39,84.6,6,13,46.2,0,0.2,0.4,-0.2,4,8,9,2,15,Matches
1042,Daichi Kamada,jp JPN,MF,Crystal Palace,eng Premier League,29-089,1996,7.5,221,283,78.1,3719,1074,108,126,85.7,81,97,83.5,23,43,53.5,0,0.9,1.0,-0.9,6,24,7,2,30,Matches
1043,Warren Kamanzi,no NOR,MFDF,Toulouse,fr Ligue 1,24-356,2000,3.1,78,93,83.9,1029,335,47,51,92.2,24,27,88.9,2,6,33.3,0,0.3,0.5,-0.3,4,8,3,0,15,Matches
1044,Abu Kamara,eng ENG,FWMF,Getafe,es La Liga,22-104,2003,1.3,14,27,51.9,208,39,7,11,63.6,6,9,66.7,1,3,33.3,0,0.0,0.0,0.0,0,2,0,0,2,Matches
1045,Bingourou Kamara,sn SEN,GK,Lorient,fr Ligue 1,29-012,1996,3.0,60,74,81.1,1588,1253,12,13,92.3,33,33,100.0,15,27,55.6,0,0.0,0.0,0.0,0,3,0,0,0,Matches
1046,Boubacar Kamara,fr FRA,MF,Aston Villa,eng Premier League,25-344,1999,6.3,299,334,89.5,5001,1390,135,149,90.6,135,143,94.4,20,28,71.4,2,0.4,0.4,+1.6,6,37,5,0,38,Matches
1047,Glen Kamara,fi FIN,MF,Rennes,fr Ligue 1,30-005,1995,0.2,6,8,75.0,88,20,3,4,75.0,3,3,100.0,0,0,,0,0.0,0.0,0.0,0,0,0,0,0,Matches
1048,Hassane Kamara,ci CIV,DF,Udinese,it Serie A,31-242,1994,6.0,214,280,76.4,3814,1389,97,112,86.6,84,104,80.8,28,50,56.0,1,0.8,0.4,+0.2,7,17,6,1,27,Matches
1049,Jakub Kamiński,pl POL,MFFW,Köln,de Bundesliga,23-150,2002,8.0,186,247,75.3,2770,669,107,125,85.6,60,79,75.9,12,26,46.2,0,1.1,1.1,-1.1,14,12,3,2,21,Matches
1050,Kevin Kampl,si SVN,MF,RB Leipzig,de Bundesliga,35-024,1990,0.0,1,2,50.0,13,6,1,1,100.0,0,0,,0,0,,0,0.0,0.0,0.0,0,0,0,0,0,Matches
1051,Harry Kane,eng ENG,FWMF,Bayern Munich,de Bundesliga,32-097,1993,7.8,192,236,81.4,3715,1409,90,104,86.5,65,74,87.8,31,38,81.6,3,2.4,1.4,+0.6,15,28,8,0,34,Matches
1052,Lee Kang-in,kr KOR,MF,Paris S-G,fr Ligue 1,24-256,2001,5.6,374,420,89.0,6294,1491,186,194,95.9,143,158,90.5,33,50,66.0,0,1.3,1.4,-1.3,16,39,11,2,52,Matches
1053,Adam Karabec,cz CZE,FW,Lyon,fr Ligue 1,22-123,2003,6.9,149,216,69.0,2438,650,80,89,89.9,49,67,73.1,13,45,28.9,0,0.5,0.7,-0.5,10,8,10,2,19,Matches
1054,Atakan Karazor,,MF,Stuttgart,de Bundesliga,29-020,1996,5.2,238,276,86.2,3875,886,119,137,86.9,102,113,90.3,14,18,77.8,0,0.0,0.3,0.0,1,18,1,0,18,Matches
1055,Dermane Karim,tg TOG,MFFW,Lorient,fr Ligue 1,21-330,2003,5.4,145,185,78.4,2478,652,71,82,86.6,56,62,90.3,14,27,51.9,1,1.2,0.3,-0.2,4,20,1,0,23,Matches
1056,Lennart Karl,de GER,FW,Bayern Munich,de Bundesliga,17-253,2008,2.2,125,152,82.2,1932,260,72,83,86.7,42,47,89.4,9,14,64.3,1,0.5,0.9,+0.5,5,3,6,1,11,Matches
1057,Jesper Karlström,se SWE,MF,Udinese,it Serie A,30-134,1995,10.0,324,412,78.6,5621,1670,137,162,84.6,154,175,88.0,22,57,38.6,0,0.6,0.2,-0.6,6,32,3,0,43,Matches
1058,Jon Karrikaburu,es ESP,FWMF,Real Sociedad,es La Liga,23-044,2002,0.8,6,11,54.5,80,9,3,5,60.0,2,3,66.7,0,0,,0,0.0,0.0,0.0,1,0,0,0,0,Matches
1059,Grigoris Kastanos,cy CYP,MF,Hellas Verona,it Serie A,27-276,1998,0.2,5,11,45.5,90,59,3,5,60.0,1,2,50.0,1,4,25.0,0,0.0,0.4,0.0,1,1,0,0,0,Matches
1060,Panos Katseris,gr GRE,MFDF,Lorient,fr Ligue 1,24-120,2001,1.4,59,77,76.6,1077,245,25,32,78.1,25,31,80.6,8,11,72.7,0,0.5,0.4,-0.5,3,2,3,1,7,Matches
1061,Mikkel Kaufmann,dk DEN,FW,Heidenheim,de Bundesliga,24-303,2001,4.0,39,63,61.9,509,165,21,28,75.0,15,19,78.9,0,3,0.0,1,0.9,0.4,+0.1,2,3,2,0,8,Matches
1062,Sota Kawasaki,jp JPN,MF,Mainz 05,de Bundesliga,24-095,2001,0.2,3,5,60.0,48,19,2,2,100.0,1,3,33.3,0,0,,0,0.0,0.0,0.0,0,1,0,0,2,Matches
1063,Michael Kayode,it ITA,DF,Brentford,eng Premier League,21-115,2004,9.6,309,414,74.6,5046,1578,168,182,92.3,105,131,80.2,30,83,36.1,0,1.4,1.1,-1.4,13,10,8,6,19,Matches
1064,Moise Kean,it ITA,FW,Fiorentina,it Serie A,25-247,2000,8.8,54,73,74.0,734,100,30,35,85.7,16,23,69.6,3,4,75.0,0,0.0,0.1,0.0,0,3,1,0,4,Matches
1065,Michael Keane,eng ENG,DF,Everton,eng Premier League,32-295,1993,8.7,295,346,85.3,6122,2179,81,90,90.0,176,189,93.1,38,63,60.3,0,0.1,0.1,-0.1,1,14,1,0,23,Matches
1066,Ilan Kebbal,dz ALG,FWMF,Paris FC,fr Ligue 1,27-116,1998,10.6,558,685,81.5,9561,2903,274,302,90.7,216,257,84.0,56,88,63.6,4,1.8,2.3,+2.2,26,66,15,6,73,Matches
1067,Yassine Kechta,ma MAR,MF,Le Havre,fr Ligue 1,23-250,2002,6.5,137,182,75.3,2291,593,61,73,83.6,57,69,82.6,11,24,45.8,1,0.7,0.7,+0.3,5,11,5,2,18,Matches
1068,Thilo Kehrer,de GER,DF,Monaco,fr Ligue 1,29-042,1996,6.4,420,495,84.8,7669,2508,147,162,90.7,239,266,89.8,26,49,53.1,0,0.0,0.1,0.0,0,42,1,0,41,Matches
1069,Mandela Keita,be BEL,MF,Parma,it Serie A,23-176,2002,6.9,175,205,85.4,2729,551,87,97,89.7,75,82,91.5,9,17,52.9,0,0.0,0.1,0.0,2,13,0,0,10,Matches
1070,Caoimhín Kelleher,ie IRL,GK,Brentford,eng Premier League,26-344,1998,10.0,266,371,71.7,7663,5429,37,37,100.0,146,149,98.0,82,183,44.8,0,0.0,0.0,0.0,1,7,0,0,1,Matches
1071,Lloyd Kelly,eng ENG,DF,Juventus,it Serie A,27-027,1998,9.0,484,551,87.8,8860,2583,181,193,93.8,257,273,94.1,41,72,56.9,0,0.2,0.1,-0.2,3,40,0,0,47,Matches
1072,Aljoscha Kemlein,de GER,MF,Union Berlin,de Bundesliga,21-092,2004,3.4,101,139,72.7,1570,486,51,61,83.6,37,47,78.7,6,14,42.9,0,0.1,0.1,-0.1,4,13,3,0,13,Matches
1073,Marc-Oliver Kempf,de GER,DF,Como,it Serie A,30-278,1995,6.7,364,410,88.8,6111,1753,160,167,95.8,182,199,91.5,19,35,54.3,0,0.0,0.0,0.0,0,8,0,0,9,Matches
1074,Luca Kerber,de GER,MF,Heidenheim,de Bundesliga,23-237,2002,3.6,42,65,64.6,654,201,28,35,80.0,12,19,63.2,2,4,50.0,0,0.2,0.2,-0.2,2,4,1,0,4,Matches
1075,Milos Kerkez,hu HUN,DF,Liverpool,eng Premier League,21-360,2003,7.3,315,387,81.4,5128,1413,164,174,94.3,121,148,81.8,19,44,43.2,0,0.3,0.2,-0.3,4,29,7,2,34,Matches
1076,Kevin,br BRA,FWMF,Fulham,eng Premier League,22-302,2003,2.6,62,95,65.3,1168,344,29,35,82.9,17,25,68.0,13,24,54.2,0,0.3,0.2,-0.3,4,7,4,3,9,Matches
1077,Reda Khadra,de GER,FWMF,Le Havre,fr Ligue 1,24-121,2001,1.2,18,29,62.1,281,80,7,10,70.0,7,8,87.5,2,6,33.3,0,0.2,0.2,-0.2,2,0,0,0,2,Matches
1078,Bilal El Khannouss,ma MAR,MFFW,Stuttgart,de Bundesliga,21-176,2004,6.1,250,326,76.7,4338,1148,135,150,90.0,76,103,73.8,31,50,62.0,1,1.4,1.1,-0.4,18,21,15,4,42,Matches
1079,Rani Khedira,de GER,MF,Union Berlin,de Bundesliga,31-279,1994,8.8,135,202,66.8,2291,892,65,80,81.3,55,77,71.4,10,27,37.0,0,0.3,0.2,-0.3,5,16,4,2,19,Matches
1080,Abdukodir Khusanov,uz UZB,DF,Manchester City,eng Premier League,21-246,2004,2.5,121,148,81.8,1957,757,64,66,97.0,49,57,86.0,6,15,40.0,0,0.0,0.0,0.0,0,3,0,0,5,Matches
1081,Kialonda,ao ANG,DF,Lecce,it Serie A,28-036,1997,9.0,332,384,86.5,7202,2387,69,76,90.8,215,234,91.9,44,66,66.7,0,0.0,0.1,0.0,0,20,0,0,22,Matches
1082,Kiké,es ESP,FW,Espanyol,es La Liga,35-342,1989,3.9,59,96,61.5,896,135,37,50,74.0,17,27,63.0,4,7,57.1,0,0.7,1.2,-0.7,8,2,3,1,9,Matches
1083,Semih Kılıçsoy,tr TUR,FW,Cagliari,it Serie A,20-079,2005,0.5,6,9,66.7,80,10,5,6,83.3,1,1,100.0,0,0,,0,0.2,0.0,-0.2,2,0,0,0,0,Matches
1084,Max Kilman,eng ENG,DF,West Ham,eng Premier League,28-163,1997,9.0,366,408,89.7,7021,1962,110,115,95.7,221,229,96.5,30,56,53.6,0,0.2,0.2,-0.2,2,18,1,1,20,Matches
1085,Joshua Kimmich,de GER,MF,Bayern Munich,de Bundesliga,30-267,1995,7.7,716,794,90.2,12376,3755,360,376,95.7,247,269,91.8,88,118,74.6,2,1.2,2.9,+0.8,15,87,16,2,71,Matches
1086,Joshua King,eng ENG,MFFW,Fulham,eng Premier League,18-303,2007,6.8,121,154,78.6,1763,381,70,83,84.3,45,54,83.3,3,6,50.0,0,0.2,0.3,-0.2,4,8,5,0,22,Matches
1087,Lukas Klostermann,de GER,FWDF,RB Leipzig,de Bundesliga,29-152,1996,0.0,4,4,100.0,93,62,1,1,100.0,2,2,100.0,1,1,100.0,0,0.0,0.0,0.0,1,1,0,0,0,Matches
1088,Justin Kluivert,nl NED,MF,Bournemouth,eng Premier League,26-181,1999,3.4,91,128,71.1,1319,320,45,58,77.6,36,45,80.0,4,15,26.7,0,0.4,0.7,-0.4,6,8,3,0,9,Matches
1089,Ruben Kluivert,nl NED,DF,Lyon,fr Ligue 1,24-165,2001,1.1,79,86,91.9,1365,362,35,38,92.1,42,44,95.5,2,3,66.7,1,0.1,0.2,+0.9,1,4,0,0,6,Matches
1090,Ansgar Knauff,de GER,FWMF,Eint Frankfurt,de Bundesliga,23-296,2002,4.1,98,136,72.1,1258,252,56,65,86.2,32,46,69.6,2,5,40.0,0,1.2,0.7,-1.2,9,1,7,3,7,Matches
1091,Joe Knight,eng ENG,MF,Brighton,eng Premier League,20-042,2005,0.0,0,0,,0,0,0,0,,0,0,,0,0,,0,0.0,0.0,0.0,0,0,0,0,0,Matches
1092,Gregor Kobel,ch SUI,GK,Dortmund,de Bundesliga,27-331,1997,9.0,221,288,76.7,5590,4007,46,47,97.9,120,122,98.4,53,115,46.1,0,0.0,0.0,0.0,0,8,0,0,0,Matches
1093,Robin Koch,de GER,DF,Eint Frankfurt,de Bundesliga,29-108,1996,9.0,641,702,91.3,12262,4225,221,235,94.0,364,376,96.8,53,82,64.6,0,0.1,0.6,-0.1,5,46,3,0,45,Matches
1094,Christian Kofane,cm CMR,FW,Leverkusen,de Bundesliga,19-099,2006,4.1,47,54,87.0,472,65,33,37,89.2,8,10,80.0,0,0,,0,0.3,0.2,-0.3,7,1,4,0,4,Matches
1095,Hervé Koffi,bf BFA,GK,Angers,fr Ligue 1,29-017,1996,10.0,230,332,69.3,6301,3923,32,33,97.0,122,129,94.6,75,167,44.9,0,0.0,0.0,0.0,0,3,0,0,0,Matches
1096,Enzo Koffi Vinette,fr FRA,DFFW,Le Havre,fr Ligue 1,19-243,2006,0.1,6,8,75.0,104,34,3,4,75.0,2,2,100.0,1,2,50.0,0,0.0,0.0,0.0,0,2,0,0,2,Matches
1097,Derrick Köhn,gh GHA,DF,Union Berlin,de Bundesliga,26-271,1999,5.7,124,181,68.5,1845,580,76,85,89.4,33,49,67.3,11,27,40.7,0,0.1,0.2,-0.1,1,2,3,2,8,Matches
1098,Philipp Köhn,ch SUI,GK,Monaco,fr Ligue 1,27-214,1998,8.1,198,231,85.7,4478,3204,60,61,98.4,101,101,100.0,37,69,53.6,0,0.0,0.0,0.0,0,0,0,0,0,Matches
1099,Dominik Kohr,de GER,DF,Mainz 05,de Bundesliga,31-275,1994,7.0,269,334,80.5,5325,1916,105,123,85.4,123,141,87.2,39,59,66.1,0,0.5,0.5,-0.5,5,30,5,0,44,Matches
1100,Koke,es ESP,MF,Atlético Madrid,es La Liga,33-298,1992,7.5,530,573,92.5,9429,2703,236,244,96.7,225,238,94.5,59,74,79.7,2,0.9,0.7,+1.1,10,64,10,2,49,Matches
1101,Luca Koleosho,it ITA,MFFW,Espanyol,es La Liga,21-048,2004,0.7,25,31,80.6,414,101,11,11,100.0,12,15,80.0,1,3,33.3,0,0.0,0.0,0.0,1,1,0,0,2,Matches
1102,Adam Kölle,de GER,DFMF,Heidenheim,de Bundesliga,19-188,2006,0.4,7,15,46.7,163,63,1,3,33.3,5,8,62.5,1,2,50.0,0,0.1,0.1,-0.1,1,1,1,1,3,Matches
1103,Randal Kolo Muani,fr FRA,FW,Tottenham,eng Premier League,26-332,1998,1.6,14,16,87.5,194,56,10,12,83.3,4,4,100.0,0,0,,0,0.1,0.0,-0.1,2,0,0,0,0,Matches
1104,Timothée Kolodziejczak,fr FRA,DF,Paris FC,fr Ligue 1,34-032,1991,1.0,79,89,88.8,1603,785,22,23,95.7,48,52,92.3,9,14,64.3,0,0.0,0.1,0.0,1,7,1,0,7,Matches
1105,Mert Kömür,de GER,FWMF,Augsburg,de Bundesliga,20-108,2005,6.9,162,221,73.3,2309,495,90,107,84.1,58,75,77.3,4,23,17.4,2,1.1,1.1,+0.9,11,9,7,2,19,Matches
1106,Ibrahima Konaté,fr FRA,DF,Liverpool,eng Premier League,26-161,1999,9.2,537,599,89.6,9585,3047,206,223,92.4,297,323,92.0,27,41,65.9,0,0.5,0.3,-0.5,5,49,2,0,39,Matches
1107,Geoffrey Kondogbia,cf CTA,MFDF,Marseille,fr Ligue 1,32-260,1993,1.2,89,97,91.8,1393,353,47,49,95.9,34,37,91.9,5,6,83.3,0,0.0,0.1,0.0,0,11,1,0,8,Matches
1108,Ismaël Koné,ca CAN,MF,Sassuolo,it Serie A,23-149,2002,6.2,156,178,87.6,2791,662,64,71,90.1,68,72,94.4,22,25,88.0,0,0.3,0.2,-0.3,6,20,2,1,19,Matches
1109,Manu Koné,fr FRA,MF,Roma,it Serie A,24-169,2001,9.0,399,434,91.9,6774,1793,182,198,91.9,180,188,95.7,26,29,89.7,0,0.8,0.7,-0.8,9,36,8,0,57,Matches
1110,Ransford Königsdörffer,gh GHA,FW,Hamburger SV,de Bundesliga,24-050,2001,6.6,82,116,70.7,1242,216,42,59,71.2,37,45,82.2,1,5,20.0,1,0.4,0.2,+0.6,5,8,2,1,10,Matches
1111,Ezri Konsa,eng ENG,DF,Aston Villa,eng Premier League,28-010,1997,8.7,540,569,94.9,9454,3159,223,225,99.1,288,296,97.3,27,41,65.9,0,0.0,0.1,0.0,1,37,1,0,28,Matches
1112,Teun Koopmeiners,nl NED,MFDF,Juventus,it Serie A,27-247,1998,5.6,224,270,83.0,3893,1203,106,114,93.0,88,103,85.4,26,40,65.0,0,0.4,0.5,-0.4,7,23,2,0,26,Matches
1113,Odilon Kossounou,ci CIV,DF,Atalanta,it Serie A,24-302,2001,5.0,247,265,93.2,3989,1116,113,119,95.0,115,122,94.3,11,14,78.6,0,0.0,0.1,0.0,1,19,0,0,21,Matches
1114,Filip Kostić,rs SRB,DFFW,Juventus,it Serie A,33-001,1992,2.6,118,164,72.0,2164,747,51,60,85.0,53,67,79.1,14,28,50.0,1,0.7,1.0,+0.3,9,7,5,5,7,Matches
1115,Charalampos Kostoulas,gr GRE,MFFW,Brighton,eng Premier League,18-156,2007,0.2,4,8,50.0,40,3,1,1,100.0,2,3,66.7,0,2,0.0,0,0.0,0.0,0.0,0,0,0,0,0,Matches
1116,Eddy Kouadio,ci CIV,DF,Fiorentina,it Serie A,19-156,2006,0.5,10,14,71.4,153,23,5,5,100.0,5,6,83.3,0,1,0.0,0,0.0,0.0,0.0,0,0,0,0,1,Matches
1117,Koffi Kouao,ci CIV,DF,Metz,fr Ligue 1,27-166,1998,9.6,376,441,85.3,6403,2057,169,182,92.9,164,179,91.6,32,58,55.2,0,0.4,0.7,-0.4,6,32,5,4,33,Matches
1118,Arsène Kouassi,bf BFA,DFMF,Lorient,fr Ligue 1,21-052,2004,9.1,307,381,80.6,4981,1594,162,174,93.1,116,147,78.9,25,46,54.3,2,1.4,1.2,+0.6,12,16,8,6,28,Matches
1119,Christ-Owen Kouassi,fr FRA,DF,Lecce,it Serie A,22-201,2003,2.5,82,107,76.6,1383,577,37,43,86.0,36,48,75.0,6,12,50.0,0,0.0,0.1,0.0,0,7,1,1,7,Matches
1120,Konstantinos Koulierakis,gr GRE,DF,Wolfsburg,de Bundesliga,21-339,2003,8.0,377,446,84.5,7372,2904,135,146,92.5,192,210,91.4,47,82,57.3,0,0.2,0.3,-0.2,2,25,1,1,21,Matches
1121,Seny Koumbassa,fr FRA,DF,Toulouse,fr Ligue 1,18-135,2007,0.1,2,2,100.0,25,26,2,2,100.0,0,0,,0,0,,0,0.0,0.0,0.0,0,0,0,0,1,Matches
1122,Jules Koundé,fr FRA,DF,Barcelona,es La Liga,26-355,1998,7.4,488,556,87.8,7262,2015,289,310,93.2,168,192,87.5,20,31,64.5,0,0.1,0.6,-0.1,4,39,2,2,36,Matches
1123,Lancinet Kourouma,gn GUI,MF,Girona,es La Liga,21-217,2004,0.3,4,6,66.7,67,1,0,1,0.0,4,4,100.0,0,0,,0,0.0,0.0,0.0,0,1,0,0,0,Matches
1124,Hamza Koutoune,ma MAR,DF,Nice,fr Ligue 1,19-046,2006,0.0,5,6,83.3,34,2,3,3,100.0,0,1,0.0,0,0,,0,0.0,0.0,0.0,0,0,0,0,0,Matches
1125,Mateo Kovačić,hr CRO,MF,Manchester City,eng Premier League,31-180,1994,0.1,22,22,100.0,291,59,14,14,100.0,7,7,100.0,0,0,,0,0.0,0.0,0.0,0,2,0,0,1,Matches
1126,Goduine Koyalipou,cf CTA,FW,Levante,es La Liga,25-260,2000,1.7,20,34,58.8,337,145,10,18,55.6,8,13,61.5,2,2,100.0,0,0.3,0.2,-0.3,1,2,1,1,3,Matches
1127,Alex Král,cz CZE,MF,Union Berlin,de Bundesliga,27-167,1998,1.5,30,39,76.9,449,147,20,22,90.9,6,10,60.0,4,5,80.0,0,0.0,0.0,0.0,0,6,1,0,6,Matches
1128,Andrej Kramarić,hr CRO,MFFW,Hoffenheim,de Bundesliga,34-136,1991,5.4,215,275,78.2,3290,990,129,142,90.8,56,67,83.6,23,44,52.3,2,0.9,1.1,+1.1,9,16,8,3,20,Matches
1129,Vladyslav Krapyvtsov,ua UKR,GK,Girona,es La Liga,20-130,2005,1.5,33,47,70.2,908,667,8,8,100.0,14,14,100.0,11,25,44.0,0,0.0,0.0,0.0,0,0,0,0,0,Matches
1130,Jean-Philippe Krasso,ci CIV,FW,Paris FC,fr Ligue 1,28-108,1997,5.0,74,110,67.3,993,109,47,66,71.2,20,26,76.9,3,5,60.0,1,0.7,0.7,+0.3,9,3,2,0,6,Matches
1131,Tom Krauß,de GER,DFMF,Köln,de Bundesliga,24-133,2001,3.7,173,195,88.7,3439,907,60,65,92.3,89,97,91.8,23,25,92.0,0,0.2,0.1,-0.2,3,24,2,0,21,Matches
1132,Ladislav Krejčí,cz CZE,DFMF,Wolves,eng Premier League,26-196,1999,7.0,357,419,85.2,7119,2407,116,131,88.5,200,211,94.8,41,69,59.4,1,0.7,1.0,+0.3,5,45,4,1,39,Matches
1133,Ladislav Krejčí,cz CZE,DF,Girona,es La Liga,26-196,1999,2.0,92,104,88.5,1526,560,39,43,90.7,49,51,96.1,2,7,28.6,0,0.0,0.0,0.0,0,5,0,0,6,Matches
1134,Rasmus Kristensen,dk DEN,DF,Eint Frankfurt,de Bundesliga,28-114,1997,5.0,311,374,83.2,5444,2193,135,142,95.1,139,165,84.2,27,48,56.3,0,0.6,0.5,-0.6,3,25,5,2,41,Matches
1135,Thomas Kristensen,dk DEN,DF,Udinese,it Serie A,23-289,2002,5.0,224,255,87.8,4956,1587,45,53,84.9,140,145,96.6,37,52,71.2,0,0.0,0.1,0.0,2,16,1,1,10,Matches
1136,Nikola Krstović,me MNE,FW,Atalanta,it Serie A,25-211,2000,4.8,97,126,77.0,1409,295,53,66,80.3,35,47,74.5,6,8,75.0,3,0.5,0.5,+2.5,8,4,2,0,13,Matches
1137,Lukas Kübler,de GER,DF,Freiburg,de Bundesliga,33-064,1992,6.3,226,276,81.9,3648,1165,111,122,91.0,98,117,83.8,11,22,50.0,1,0.3,0.5,+0.7,4,14,4,1,17,Matches
1138,Takefusa Kubo,jp JPN,MFFW,Real Sociedad,es La Liga,24-151,2001,5.5,135,188,71.8,1921,590,81,93,87.1,39,52,75.0,8,19,42.1,0,1.0,1.1,-1.0,10,7,6,0,16,Matches
1139,Mohammed Kudus,gh GHA,FWMF,Tottenham,eng Premier League,25-092,2000,9.7,219,302,72.5,3741,947,113,124,91.1,73,96,76.0,29,63,46.0,4,2.0,1.3,+2.0,14,13,13,8,23,Matches
1140,Nicolas-Gerrit Kühn,de GER,FW,Como,it Serie A,25-305,2000,3.7,83,113,73.5,1102,195,54,60,90.0,23,37,62.2,1,7,14.3,0,0.6,0.2,-0.6,7,6,5,1,7,Matches
1141,Sael Kumbedi,fr FRA,DF,Lyon,fr Ligue 1,20-221,2005,0.7,9,17,52.9,143,44,4,4,100.0,5,11,45.5,0,2,0.0,0,0.0,0.0,0.0,0,0,0,0,0,Matches
1142,Sael Kumbedi,fr FRA,DF,Wolfsburg,de Bundesliga,20-221,2005,1.2,35,43,81.4,623,251,13,14,92.9,20,25,80.0,2,3,66.7,0,0.0,0.0,0.0,1,3,1,0,4,Matches
1143,Marash Kumbulla,al ALB,DF,Mallorca,es La Liga,25-267,2000,2.4,121,148,81.8,2276,913,42,45,93.3,63,73,86.3,15,24,62.5,0,0.0,0.0,0.0,1,9,0,0,6,Matches
1144,Jonah Kusi-Asare,se SWE,FW,Fulham,eng Premier League,18-121,2007,0.0,1,2,50.0,23,19,0,0,,1,2,50.0,0,0,,0,0.0,0.0,0.0,0,1,0,0,1,Matches
1145,Jonah Kusi-Asare,se SWE,FW,Bayern Munich,de Bundesliga,18-121,2007,0.1,0,0,,0,0,0,0,,0,0,,0,0,,0,0.0,0.0,0.0,0,0,0,0,0,Matches
1146,Khvicha Kvaratskhelia,ge GEO,FW,Paris S-G,fr Ligue 1,24-263,2001,4.7,254,290,87.6,3631,541,150,161,93.2,77,85,90.6,14,21,66.7,2,0.8,2.1,+1.2,9,9,11,3,20,Matches
1147,Godson Kyeremeh,fr FRA,FWMF,Le Havre,fr Ligue 1,25-141,2000,1.6,24,29,82.8,400,64,15,18,83.3,6,8,75.0,3,3,100.0,1,0.5,0.2,+0.5,3,0,3,3,0,Matches
1148,Adrián de la Fuente,es ESP,DF,Levante,es La Liga,26-249,1999,7.5,243,325,74.8,5267,2230,82,87,94.3,108,127,85.0,51,97,52.6,0,0.0,0.4,0.0,2,28,3,1,16,Matches
1149,Rémy Labeau Lascary,gp GLP,FWMF,Brest,fr Ligue 1,22-244,2003,1.5,22,27,81.5,341,45,13,15,86.7,8,9,88.9,1,2,50.0,0,0.0,0.1,0.0,1,1,0,0,2,Matches
1150,Maxence Lacroix,fr FRA,DF,Crystal Palace,eng Premier League,25-210,2000,10.0,368,422,87.2,7265,2410,114,126,90.5,210,223,94.2,42,66,63.6,1,0.6,0.2,+0.4,2,14,1,0,15,Matches
1151,Yoel Lago,es ESP,DF,Celta Vigo,es La Liga,21-222,2004,3.7,187,201,93.0,3441,1370,64,67,95.5,111,113,98.2,12,20,60.0,0,0.0,0.1,0.0,1,7,0,0,9,Matches
1152,Mayckel Lahdo,se SWE,MFFW,Nantes,fr Ligue 1,22-307,2002,2.5,50,57,87.7,772,89,25,27,92.6,20,21,95.2,4,4,100.0,0,0.2,0.0,-0.2,2,4,1,0,3,Matches
1153,Konrad Laimer,at AUT,DF,Bayern Munich,de Bundesliga,28-159,1997,7.9,455,520,87.5,6108,1785,288,306,94.1,137,157,87.3,14,23,60.9,3,2.4,1.7,+0.6,18,34,14,3,60,Matches
1154,Kenny Lala,mg MAD,DF,Brest,fr Ligue 1,34-030,1991,9.9,398,535,74.4,9315,3548,109,124,87.9,186,230,80.9,101,156,64.7,1,1.3,1.7,-0.3,10,40,23,14,32,Matches
1155,Senne Lammens,be BEL,GK,Manchester Utd,eng Premier League,23-118,2002,4.0,81,185,43.8,3016,2536,7,7,100.0,35,37,94.6,39,141,27.7,0,0.0,0.0,0.0,0,3,0,0,0,Matches
1156,Tariq Lamptey,gh GHA,MFDF,Fiorentina,it Serie A,25-033,2000,0.3,8,11,72.7,112,19,6,8,75.0,2,3,66.7,0,0,,0,0.1,0.1,-0.1,2,0,1,1,0,Matches
1157,Noa Lang,nl NED,FWMF,Napoli,it Serie A,26-138,1999,1.5,63,90,70.0,1211,294,22,27,81.5,33,42,78.6,8,13,61.5,0,0.3,0.4,-0.3,4,2,5,2,12,Matches
1158,Aymeric Laporte,es ESP,DF,Athletic Club,es La Liga,31-159,1994,6.2,339,376,90.2,7080,2459,104,113,92.0,193,202,95.5,42,57,73.7,0,0.0,0.1,0.0,0,26,0,0,29,Matches
1159,Hugo Larsson,se SWE,MF,Eint Frankfurt,de Bundesliga,21-128,2004,5.2,222,277,80.1,3933,1277,99,114,86.8,102,120,85.0,19,32,59.4,2,0.3,0.3,+1.7,7,24,2,1,23,Matches
1160,Jamaal Lascelles,eng ENG,DF,Newcastle Utd,eng Premier League,31-356,1993,0.2,6,8,75.0,116,14,1,2,50.0,5,5,100.0,0,1,0.0,0,0.0,0.0,0.0,0,0,0,0,0,Matches
1161,Toni Lato,es ESP,DF,Mallorca,es La Liga,27-346,1997,1.8,59,73,80.8,1024,301,28,33,84.8,24,32,75.0,6,7,85.7,0,0.0,0.0,0.0,2,3,1,1,4,Matches
1162,Josh Laurent,eng ENG,DFMF,Burnley,eng Premier League,30-180,1995,6.2,139,185,75.1,2104,519,67,76,88.2,65,78,83.3,3,19,15.8,0,0.2,0.2,-0.2,1,9,1,0,13,Matches
1163,Armand Lauriente,fr FRA,FW,Sassuolo,it Serie A,26-333,1998,5.9,110,146,75.3,1423,358,66,73,90.4,29,40,72.5,4,21,19.0,1,0.3,0.2,+0.7,5,7,4,0,14,Matches
1164,Roméo Lavia,be BEL,MF,Chelsea,eng Premier League,21-300,2004,1.2,63,68,92.6,1192,295,24,25,96.0,27,28,96.4,10,12,83.3,0,0.0,0.0,0.0,0,6,0,0,9,Matches
1165,Valentino Lazaro,at AUT,DFMF,Torino,it Serie A,29-223,1996,6.1,224,284,78.9,3960,1556,90,102,88.2,111,130,85.4,18,41,43.9,1,0.5,1.0,+0.5,7,18,10,6,25,Matches
1166,Manuel Lazzari,it ITA,DF,Lazio,it Serie A,31-338,1993,1.7,60,74,81.1,987,357,30,32,93.8,24,30,80.0,5,8,62.5,0,0.0,0.0,0.0,0,3,1,1,4,Matches
1167,Théo Le Bris,fr FRA,DF,Lorient,fr Ligue 1,23-032,2002,5.5,184,222,82.9,2741,724,112,124,90.3,63,76,82.9,7,13,53.8,1,0.6,0.9,+0.4,6,4,11,5,18,Matches
1168,Julien Le Cardinal,fr FRA,DF,Brest,fr Ligue 1,28-091,1997,3.1,99,124,79.8,1876,695,29,34,85.3,60,66,90.9,9,21,42.9,0,0.0,0.1,0.0,1,5,1,0,7,Matches
1169,Enzo Le Fée,fr FRA,FWMF,Sunderland,eng Premier League,25-272,2000,6.0,173,221,78.3,2442,586,107,119,89.9,53,65,81.5,7,19,36.8,0,0.5,0.3,-0.5,6,15,5,2,14,Matches
1170,Raphael Le Guen,fr FRA,DF,Brest,fr Ligue 1,19-062,2006,0.1,2,4,50.0,32,0,1,1,100.0,1,3,33.3,0,0,,0,0.0,0.0,0.0,0,0,0,0,0,Matches
1171,Robin Le Normand,es ESP,DF,Atlético Madrid,es La Liga,28-356,1996,9.8,487,534,91.2,8731,3304,177,189,93.7,278,286,97.2,28,47,59.6,0,0.0,0.1,0.0,0,37,0,0,32,Matches
1172,Nicola Leali,it ITA,GK,Genoa,it Serie A,32-258,1993,9.0,150,237,63.3,4041,2646,31,31,100.0,74,75,98.7,45,130,34.6,0,0.1,0.0,-0.1,1,5,1,0,0,Matches
1173,Rafael Leão,pt POR,FW,Milan,it Serie A,26-145,1999,3.0,67,85,78.8,971,176,38,46,82.6,22,26,84.6,2,3,66.7,0,0.9,0.4,-0.9,3,5,3,0,8,Matches
1174,Pierre Lees-Melou,fr FRA,MF,Paris FC,fr Ligue 1,32-161,1993,8.1,371,436,85.1,6864,1860,161,183,88.0,158,174,90.8,45,62,72.6,1,0.5,0.5,+0.5,5,45,4,0,46,Matches
1175,Pierre Lees-Melou,fr FRA,MF,Brest,fr Ligue 1,32-161,1993,2.0,81,103,78.6,1719,603,31,32,96.9,33,39,84.6,16,27,59.3,0,0.2,0.3,-0.2,3,10,5,1,16,Matches
1176,Jordan Lefort,fr FRA,DF,Angers,fr Ligue 1,32-085,1993,10.0,430,493,87.2,7907,3369,182,191,95.3,196,210,93.3,47,81,58.0,1,0.7,0.4,+0.3,4,14,2,1,13,Matches
1177,Diogo Leite,pt POR,DF,Union Berlin,de Bundesliga,26-283,1999,5.6,110,165,66.7,2107,842,43,52,82.7,48,66,72.7,16,37,43.2,0,0.0,0.0,0.0,1,11,0,0,17,Matches
1178,Maxim Leitsch,de GER,DF,Mainz 05,de Bundesliga,27-168,1998,0.8,15,22,68.2,372,197,4,4,100.0,7,11,63.6,4,5,80.0,0,0.0,0.0,0.0,0,3,1,0,2,Matches
1179,Florian Lejeune,fr FRA,DF,Rayo Vallecano,es La Liga,34-166,1991,10.9,583,660,88.3,12401,4648,152,160,95.0,337,349,96.6,92,146,63.0,0,0.2,0.1,-0.2,6,42,0,0,26,Matches
1180,Youssef Lekhedim,es ESP,DF,Alavés,es La Liga,20-026,2005,4.5,152,218,69.7,2326,958,83,96,86.5,52,79,65.8,10,25,40.0,0,0.1,0.4,-0.1,2,11,4,1,11,Matches
1181,Iñigo Lekue,es ESP,DFFW,Athletic Club,es La Liga,32-182,1993,1.4,61,78,78.2,1039,281,30,33,90.9,29,36,80.6,2,8,25.0,0,0.0,0.1,0.0,0,6,2,1,6,Matches
1182,Thomas Lemar,fr FRA,MFFW,Girona,es La Liga,29-355,1995,2.2,89,122,73.0,1513,386,41,47,87.2,34,41,82.9,10,23,43.5,1,0.5,0.5,+0.5,8,11,2,0,20,Matches
1183,Félix Lemaréchal,fr FRA,MFFW,Strasbourg,fr Ligue 1,22-087,2003,5.4,165,216,76.4,2461,527,91,103,88.3,58,79,73.4,8,16,50.0,2,1.1,0.5,+0.9,7,13,1,0,19,Matches
1184,Tim Lemperle,de GER,FW,Hoffenheim,de Bundesliga,23-270,2002,5.4,82,117,70.1,1005,241,52,64,81.3,22,30,73.3,2,6,33.3,1,1.0,0.7,0.0,8,7,5,2,8,Matches
1185,Clément Lenglet,fr FRA,DF,Atlético Madrid,es La Liga,30-138,1995,4.4,254,289,87.9,5172,2111,92,94,97.9,120,131,91.6,39,59,66.1,0,0.0,0.1,0.0,1,34,1,0,23,Matches
1186,Bernd Leno,de GER,GK,Fulham,eng Premier League,33-243,1992,10.0,304,394,77.2,7330,4718,65,65,100.0,175,175,100.0,64,153,41.8,0,0.0,0.0,0.0,0,1,0,0,0,Matches
1187,Donovan Léon,gf GUF,GK,Auxerre,fr Ligue 1,32-364,1992,8.5,153,270,56.7,5024,3857,22,22,100.0,57,59,96.6,73,187,39.0,0,0.1,0.0,-0.1,1,4,0,0,0,Matches
1188,Esteban Lepaul,fr FRA,FW,Angers,fr Ligue 1,25-198,2000,1.9,22,36,61.1,318,72,11,15,73.3,11,16,68.8,0,4,0.0,0,0.2,0.0,-0.2,2,0,0,0,1,Matches
1189,Esteban Lepaul,fr FRA,FW,Rennes,fr Ligue 1,25-198,2000,7.2,102,130,78.5,1393,211,68,81,84.0,25,33,75.8,4,7,57.1,3,1.4,0.4,+1.6,6,7,3,1,10,Matches
1190,Johann Lepenant,fr FRA,MF,Nantes,fr Ligue 1,23-011,2002,5.9,165,207,79.7,3091,887,68,80,85.0,69,77,89.6,23,39,59.0,1,0.6,0.5,+0.4,8,18,4,0,27,Matches
1191,Mehdi Léris,dz ALG,DF,Pisa,it Serie A,27-163,1998,3.8,94,132,71.2,1648,677,41,44,93.2,35,45,77.8,13,28,46.4,0,0.3,0.4,-0.3,6,8,7,5,9,Matches
1192,Jefferson Lerma,co COL,MF,Crystal Palace,eng Premier League,31-008,1994,3.1,95,131,72.5,1644,639,47,56,83.9,37,45,82.2,9,24,37.5,1,0.1,0.1,+0.9,2,11,2,0,16,Matches
1193,Louis Leroux,fr FRA,DFMF,Nantes,fr Ligue 1,19-283,2006,8.3,227,314,72.3,4266,2044,96,118,81.4,99,122,81.1,28,59,47.5,1,0.4,0.5,+0.6,9,24,7,4,22,Matches
1194,Robert Lewandowski,pl POL,FW,Barcelona,es La Liga,37-073,1988,3.9,50,64,78.1,524,81,42,47,89.4,5,8,62.5,1,3,33.3,0,0.2,0.2,-0.2,2,2,1,0,4,Matches
1195,Jamie Leweling,de GER,FWMF,Stuttgart,de Bundesliga,24-249,2001,6.1,149,203,73.4,2131,588,84,91,92.3,51,74,68.9,8,20,40.0,3,1.5,1.9,+1.5,12,9,12,8,15,Matches
1196,Rico Lewis,eng ENG,DF,Manchester City,eng Premier League,20-346,2004,1.9,123,137,89.8,2051,462,57,61,93.4,55,58,94.8,9,13,69.2,1,1.0,0.9,0.0,2,12,1,0,19,Matches
1197,Keane Lewis-Potter,eng ENG,DFFW,Brentford,eng Premier League,24-253,2001,5.0,100,138,72.5,1739,628,44,45,97.8,40,54,74.1,14,31,45.2,1,0.6,0.4,+0.4,5,6,4,2,9,Matches
1198,Myles Lewis-Skelly,eng ENG,DF,Arsenal,eng Premier League,19-037,2006,1.0,56,62,90.3,954,126,26,26,100.0,27,30,90.0,3,4,75.0,0,0.0,0.0,0.0,0,2,0,0,2,Matches
1199,Philipp Lienhart,at AUT,DF,Freiburg,de Bundesliga,29-114,1996,6.8,367,460,79.8,7071,2283,119,121,98.3,204,240,85.0,39,86,45.3,0,0.1,0.2,-0.1,2,22,4,4,27,Matches
1200,Matthijs de Ligt,nl NED,DF,Manchester Utd,eng Premier League,26-082,1999,10.0,400,462,86.6,7459,2245,129,140,92.1,239,267,89.5,28,44,63.6,0,0.5,0.5,-0.5,2,19,5,3,16,Matches
1201,Victor Lindelöf,se SWE,MFDF,Aston Villa,eng Premier League,31-108,1994,0.3,9,11,81.8,153,44,3,3,100.0,6,7,85.7,0,0,,0,0.0,0.0,0.0,0,1,0,0,2,Matches
1202,Jesper Lindstrøm,dk DEN,MF,Wolfsburg,de Bundesliga,25-246,2000,0.0,3,4,75.0,50,24,1,1,100.0,0,0,,1,1,100.0,0,0.0,0.0,0.0,0,1,0,0,1,Matches
1203,Luca Lipani,it ITA,MF,Sassuolo,it Serie A,20-168,2005,1.0,40,53,75.5,675,196,15,21,71.4,20,25,80.0,3,4,75.0,0,0.0,0.0,0.0,1,5,0,0,3,Matches
1204,Pol Lirola,es ESP,MFDF,Marseille,fr Ligue 1,28-081,1997,0.4,11,17,64.7,145,45,7,8,87.5,3,6,50.0,0,0,,0,0.1,0.1,-0.1,1,0,1,0,2,Matches
1205,Adrián Liso,es ESP,FWMF,Getafe,es La Liga,20-214,2005,7.7,87,135,64.4,1147,222,61,81,75.3,18,29,62.1,4,11,36.4,0,0.0,0.2,0.0,0,7,1,1,8,Matches
1206,Joseph Liteta,zm ZAM,MF,Cagliari,it Serie A,19-253,2006,0.5,26,32,81.3,357,51,14,15,93.3,9,12,75.0,1,2,50.0,0,0.0,0.0,0.0,0,2,0,0,0,Matches
1207,Valentino Livramento,eng ENG,DF,Newcastle Utd,eng Premier League,22-355,2002,5.8,235,289,81.3,3777,1299,134,150,89.3,82,96,85.4,16,30,53.3,1,0.2,0.4,+0.8,3,24,5,2,24,Matches
1208,Javier Llabrés,es ESP,FWMF,Mallorca,es La Liga,23-052,2002,1.2,21,28,75.0,268,111,14,15,93.3,3,6,50.0,2,4,50.0,0,0.1,0.1,-0.1,1,1,1,1,2,Matches
1209,Diego Llorente,es ESP,DF,Betis,es La Liga,32-078,1993,0.5,27,36,75.0,544,196,10,11,90.9,13,15,86.7,4,10,40.0,0,0.0,0.0,0.0,0,1,0,0,0,Matches
1210,Marcos Llorente,es ESP,DF,Atlético Madrid,es La Liga,30-276,1995,11.0,667,762,87.5,10787,3257,338,362,93.4,255,283,90.1,55,77,71.4,2,1.0,1.2,+1.0,8,41,14,3,51,Matches
1211,Gautier Lloris,fr FRA,DF,Le Havre,fr Ligue 1,30-107,1995,8.4,487,523,93.1,9963,2705,117,121,96.7,325,332,97.9,39,60,65.0,1,1.0,0.1,0.0,2,23,2,0,33,Matches
1212,Giovani Lo Celso,ar ARG,MF,Betis,es La Liga,29-207,1996,7.0,345,419,82.3,5268,1673,181,197,91.9,105,123,85.4,31,57,54.4,2,1.5,1.6,+0.5,18,38,20,4,51,Matches
1213,Danny Loader,cm CMR,MFFW,Auxerre,fr Ligue 1,25-066,2000,8.1,160,203,78.8,2320,538,97,114,85.1,44,54,81.5,10,17,58.8,0,0.7,0.4,-0.7,10,11,6,0,16,Matches
1214,Stanislav Lobotka,sk SVK,MF,Napoli,it Serie A,30-342,1994,4.8,308,324,95.1,5014,1198,138,144,95.8,152,157,96.8,12,14,85.7,1,0.3,0.4,+0.7,6,21,4,0,31,Matches
1215,Manuel Locatelli,it ITA,MF,Juventus,it Serie A,27-298,1998,7.5,468,535,87.5,8889,3244,172,188,91.5,235,255,92.2,55,74,74.3,0,0.3,0.4,-0.3,9,71,12,0,61,Matches
1216,Bradley Locko,fr FRA,DF,Brest,fr Ligue 1,23-180,2002,8.9,292,378,77.2,5091,2055,133,153,86.9,129,160,80.6,27,51,52.9,1,1.0,0.9,0.0,7,26,7,5,31,Matches
1217,Ruben Loftus-Cheek,eng ENG,MFFW,Milan,it Serie A,29-283,1996,3.6,98,118,83.1,1264,243,64,69,92.8,30,42,71.4,1,2,50.0,0,0.5,0.2,-0.5,4,7,4,0,12,Matches
1218,Sean Longstaff,eng ENG,MF,Leeds United,eng Premier League,28-003,1997,7.9,290,349,83.1,5324,1467,121,132,91.7,126,144,87.5,35,57,61.4,2,1.8,0.9,+0.2,18,18,3,2,22,Matches
1219,Ademola Lookman,ng NGA,FWMF,Atalanta,it Serie A,28-013,1997,4.1,93,118,78.8,1410,344,53,59,89.8,33,40,82.5,4,7,57.1,0,0.5,0.7,-0.5,9,1,10,3,14,Matches
1220,Anthony Lopes,pt POR,GK,Nantes,fr Ligue 1,35-032,1990,10.0,338,423,79.9,8768,5196,52,52,100.0,205,205,100.0,81,166,48.8,0,0.0,0.0,0.0,0,5,0,0,1,Matches
1221,David López,es ESP,DF,Mallorca,es La Liga,22-272,2003,0.7,16,19,84.2,325,106,5,5,100.0,9,10,90.0,2,4,50.0,0,0.0,0.0,0.0,0,0,0,0,1,Matches
1222,David López,es ESP,DF,Girona,es La Liga,36-024,1989,2.2,152,173,87.9,2919,1089,50,50,100.0,81,85,95.3,17,31,54.8,0,0.0,0.0,0.0,0,8,0,0,13,Matches
1223,Diego López,es ESP,MFFW,Valencia,es La Liga,23-173,2002,8.9,140,208,67.3,2120,537,77,104,74.0,49,67,73.1,9,15,60.0,0,0.6,0.9,-0.6,6,15,4,0,25,Matches
1224,Fer López,es ESP,MFFW,Wolves,eng Premier League,21-162,2004,1.3,53,70,75.7,947,217,20,27,74.1,30,34,88.2,3,6,50.0,1,0.7,0.5,+0.3,3,7,6,0,14,Matches
1225,Fermin López,es ESP,MFFW,Barcelona,es La Liga,22-175,2003,3.7,129,163,79.1,1859,379,77,85,90.6,38,51,74.5,8,12,66.7,0,1.3,0.6,-1.3,4,13,4,0,17,Matches
1226,Javi López,es ESP,DF,Oviedo,es La Liga,23-222,2002,1.5,42,56,75.0,771,292,14,15,93.3,24,28,85.7,3,9,33.3,0,0.1,0.1,-0.1,3,2,1,1,3,Matches
1227,Julien López,dz ALG,FWMF,Paris FC,fr Ligue 1,33-246,1992,0.3,5,8,62.5,52,11,3,4,75.0,2,3,66.7,0,1,0.0,0,0.0,0.0,0.0,0,1,0,0,1,Matches
1228,Maxime Lopez,fr FRA,MF,Paris FC,fr Ligue 1,27-333,1997,11.0,842,958,87.9,14056,4392,392,415,94.5,364,396,91.9,66,110,60.0,3,3.2,2.9,-0.2,28,84,20,4,114,Matches
1229,Pau López,es ESP,GK,Betis,es La Liga,30-324,1994,7.0,165,221,74.7,4722,3219,21,21,100.0,85,85,100.0,59,112,52.7,0,0.0,0.0,0.0,0,0,0,0,0,Matches
1230,Unai López,es ESP,MF,Rayo Vallecano,es La Liga,30-003,1995,6.3,358,418,85.6,6671,1698,128,138,92.8,180,197,91.4,43,66,65.2,2,0.7,0.5,+1.3,12,40,3,1,41,Matches
1231,Dachi Lordkipanidze,ge GEO,MF,Cremonese,it Serie A,20-239,2005,0.3,5,7,71.4,86,10,3,3,100.0,1,2,50.0,1,1,100.0,0,0.0,0.0,0.0,0,0,0,0,0,Matches
1232,Lorran,br BRA,MF,Pisa,it Serie A,19-121,2006,0.1,7,9,77.8,124,21,3,5,60.0,3,3,100.0,1,1,100.0,0,0.0,0.0,0.0,0,0,0,0,0,Matches
1233,Iker Losada,es ESP,MFFW,Levante,es La Liga,24-093,2001,0.4,12,19,63.2,165,43,6,9,66.7,5,7,71.4,0,2,0.0,0,0.0,0.0,0.0,0,1,0,0,2,Matches
1234,Tom Louchet,fr FRA,DFMF,Nice,fr Ligue 1,22-182,2003,5.3,140,195,71.8,2043,748,90,105,85.7,37,54,68.5,11,25,44.0,2,1.7,1.0,+0.3,10,13,4,3,15,Matches
1235,Marius Louer,fr FRA,DF,Angers,fr Ligue 1,18-236,2007,0.1,11,13,84.6,208,92,4,4,100.0,6,6,100.0,1,2,50.0,0,0.0,0.1,0.0,1,2,1,1,2,Matches
1236,Sandi Lovrić,si SVN,MF,Udinese,it Serie A,27-219,1998,1.2,55,70,78.6,1006,319,20,23,87.0,26,31,83.9,6,13,46.2,1,0.4,0.6,+0.6,2,9,0,0,10,Matches
1237,Pol Lozano,es ESP,MF,Espanyol,es La Liga,26-027,1999,8.5,277,327,84.7,4594,1380,140,157,89.2,106,121,87.6,25,36,69.4,0,0.4,0.9,-0.4,6,30,5,3,44,Matches
1238,Sergio Lozano,es ESP,MF,Levante,es La Liga,26-223,1999,0.1,7,7,100.0,75,25,3,3,100.0,3,3,100.0,0,0,,0,0.0,0.0,0.0,0,0,0,0,2,Matches
1239,Lorenzo Lucca,it ITA,FW,Napoli,it Serie A,25-053,2000,3.9,47,56,83.9,654,76,25,30,83.3,14,17,82.4,3,3,100.0,0,0.1,0.1,-0.1,1,3,2,0,4,Matches
1240,Jhon Lucumí,co COL,DF,Bologna,it Serie A,27-129,1998,6.6,402,452,88.9,8256,2855,126,143,88.1,219,228,96.1,55,72,76.4,0,0.0,0.1,0.0,2,18,0,0,23,Matches
1241,Oier Luengo,es ESP,DF,Oviedo,es La Liga,27-356,1997,1.5,42,50,84.0,836,235,16,19,84.2,23,25,92.0,3,5,60.0,0,0.0,0.0,0.0,0,1,0,0,0,Matches
1242,Florentino Luís,pt POR,MF,Burnley,eng Premier League,26-075,1999,6.3,217,247,87.9,3750,1035,106,117,90.6,76,83,91.6,26,30,86.7,1,0.2,0.1,+0.8,5,20,1,0,24,Matches
1243,José Luis Gayà,es ESP,DF,Valencia,es La Liga,30-161,1995,7.4,242,317,76.3,4362,1255,104,117,88.9,118,146,80.8,19,48,39.6,0,0.5,0.6,-0.5,6,21,6,4,20,Matches
1244,José Luis Morales,es ESP,MFFW,Levante,es La Liga,38-102,1987,2.4,55,75,73.3,898,379,28,34,82.4,21,28,75.0,4,6,66.7,0,0.5,0.3,-0.5,5,5,9,0,20,Matches
1245,Douglas Luiz,br BRA,MF,Nott'ham Forest,eng Premier League,27-177,1998,2.1,101,119,84.9,1643,348,54,57,94.7,39,43,90.7,8,16,50.0,0,0.6,0.4,-0.6,3,2,1,1,2,Matches
1246,Castello Lukeba,fr FRA,DF,RB Leipzig,de Bundesliga,22-320,2002,9.0,515,583,88.3,8722,3099,209,218,95.9,277,298,93.0,24,59,40.7,0,0.0,0.1,0.0,1,19,0,0,26,Matches
1247,Dodi Lukebakio,be BEL,FWMF,Sevilla,es La Liga,28-039,1997,2.0,68,84,81.0,1333,197,25,30,83.3,28,30,93.3,13,19,68.4,0,0.8,0.9,-0.8,9,5,5,4,6,Matches
1248,Saša Lukić,rs SRB,MF,Fulham,eng Premier League,29-081,1996,7.0,222,271,81.9,3607,818,116,131,88.5,81,93,87.1,22,36,61.1,1,1.1,1.0,-0.1,13,16,5,1,22,Matches
1249,Kristoffer Lund,us USA,DF,Köln,de Bundesliga,23-172,2002,5.3,157,215,73.0,2676,979,79,85,92.9,60,83,72.3,15,34,44.1,0,0.1,0.2,-0.1,2,6,4,3,10,Matches
1250,Sebastiano Luperto,it ITA,DF,Cagliari,it Serie A,29-057,1996,6.0,212,237,89.5,3625,1000,75,78,96.2,126,135,93.3,8,20,40.0,0,0.0,0.0,0.0,0,6,1,0,7,Matches
1251,Mateus Lusuardi,br BRA,DF,Pisa,it Serie A,21-298,2004,2.2,65,80,81.3,1013,470,36,38,94.7,25,31,80.6,4,11,36.4,0,0.2,0.0,-0.2,1,3,1,0,5,Matches
1252,Zito Luvumbo,ao ANG,MFFW,Cagliari,it Serie A,23-238,2002,1.7,22,29,75.9,333,74,15,17,88.2,4,5,80.0,3,5,60.0,0,0.2,0.1,-0.2,1,3,1,1,0,Matches
1253,Charalampos Lykogiannis,gr GRE,DF,Bologna,it Serie A,32-011,1993,3.9,180,249,72.3,3198,806,68,79,86.1,79,102,77.5,18,48,37.5,0,0.3,0.8,-0.3,6,15,3,3,13,Matches
1254,Senne Lynen,be BEL,MF,Werder Bremen,de Bundesliga,26-256,1999,7.8,318,370,85.9,5360,1680,153,170,90.0,130,144,90.3,24,32,75.0,0,0.2,0.3,-0.2,4,18,4,1,27,Matches
1255,Mathias Løvik,no NOR,DF,Parma,it Serie A,21-331,2003,3.4,82,108,75.9,1397,399,37,42,88.1,36,41,87.8,6,20,30.0,0,0.1,0.2,-0.1,1,5,4,2,6,Matches
1256,Ian Maatsen,nl NED,DF,Aston Villa,eng Premier League,23-237,2002,2.0,130,159,81.8,2211,632,65,68,95.6,53,66,80.3,10,18,55.6,0,0.3,0.2,-0.3,5,16,4,1,19,Matches
1257,Alexis Mac Allister,ar ARG,MF,Liverpool,eng Premier League,26-313,1998,6.3,276,324,85.2,4158,1123,153,167,91.6,102,116,87.9,13,25,52.0,2,1.3,0.3,+0.7,9,29,4,1,25,Matches
1258,Deiver Machado,co COL,DF,Lens,fr Ligue 1,32-061,1993,3.0,100,121,82.6,1562,471,60,65,92.3,31,38,81.6,7,14,50.0,0,0.0,0.1,0.0,0,4,2,0,7,Matches
1259,Koki Machida,jp JPN,DF,Hoffenheim,de Bundesliga,28-069,1997,0.5,32,36,88.9,634,285,13,13,100.0,14,14,100.0,4,8,50.0,0,0.0,0.0,0.0,0,1,1,0,1,Matches
1260,Lanroy Machine,fr FRA,FWMF,Angers,fr Ligue 1,20-020,2005,2.0,30,40,75.0,409,110,18,20,90.0,8,9,88.9,2,5,40.0,0,0.0,0.0,0.0,0,2,0,0,3,Matches
1261,Shuto Machino,jp JPN,FWMF,Gladbach,de Bundesliga,26-033,1999,4.3,61,92,66.3,891,165,35,42,83.3,16,25,64.0,6,12,50.0,0,0.2,0.4,-0.2,4,2,0,0,2,Matches
1262,Brian Madjo,lu LUX,FW,Metz,fr Ligue 1,16-294,2009,1.7,8,15,53.3,98,13,3,5,60.0,3,4,75.0,0,0,,0,0.0,0.0,0.0,0,0,0,0,1,Matches
1263,Noni Madueke,eng ENG,FW,Arsenal,eng Premier League,23-237,2002,3.4,73,122,59.8,1044,279,43,57,75.4,21,37,56.8,5,11,45.5,0,0.8,0.8,-0.8,8,0,7,1,9,Matches
1264,Pablo Maffeo,es ESP,DF,Mallorca,es La Liga,28-113,1997,5.3,174,236,73.7,3119,1184,78,87,89.7,71,93,76.3,21,44,47.7,0,0.1,0.2,-0.1,4,16,5,4,21,Matches
1265,Gabriel Magalhães,br BRA,DF,Arsenal,eng Premier League,27-318,1997,10.0,574,637,90.1,10453,3155,210,224,93.8,317,336,94.3,38,60,63.3,2,1.3,0.7,+0.7,3,31,1,0,36,Matches
1266,Soungoutou Magassa,fr FRA,MF,West Ham,eng Premier League,22-025,2003,1.9,63,76,82.9,960,196,37,38,97.4,19,22,86.4,5,10,50.0,0,0.0,0.0,0.0,0,5,0,0,2,Matches
1267,Hugo Magnetti,fr FRA,MF,Brest,fr Ligue 1,27-156,1998,8.6,277,330,83.9,4919,1293,124,134,92.5,123,142,86.6,28,40,70.0,0,0.1,0.1,-0.1,3,30,3,0,29,Matches
1268,Frank Magri,cm CMR,FWMF,Toulouse,fr Ligue 1,26-059,1999,8.6,104,142,73.2,1393,271,67,79,84.8,23,34,67.6,5,8,62.5,0,0.9,0.4,-0.9,7,6,5,1,16,Matches
1269,Harry Maguire,eng ENG,DF,Manchester Utd,eng Premier League,32-242,1993,3.0,105,131,80.2,2074,661,31,37,83.8,65,76,85.5,8,16,50.0,1,0.4,0.0,+0.6,1,6,0,0,12,Matches
1270,Arne Maier,de GER,DF,Augsburg,de Bundesliga,26-298,1999,0.0,5,8,62.5,74,18,3,5,60.0,2,2,100.0,0,0,,0,0.0,0.0,0.0,0,0,0,0,0,Matches
1271,Mike Maignan,fr FRA,GK,Milan,it Serie A,30-122,1995,7.6,225,286,78.7,5701,3379,28,28,100.0,136,140,97.1,61,117,52.1,0,0.0,0.0,0.0,0,3,0,0,0,Matches
1272,Linton Maina,de GER,DFMF,Köln,de Bundesliga,26-132,1999,1.5,43,51,84.3,780,239,20,20,100.0,14,17,82.4,7,7,100.0,0,0.1,0.4,-0.1,2,5,5,1,10,Matches
1273,Patrick Mainka,de GER,DF,Heidenheim,de Bundesliga,30-361,1994,9.0,313,353,88.7,5842,1816,100,111,90.1,186,198,93.9,22,33,66.7,1,0.6,0.5,+0.4,3,12,0,0,23,Matches
1274,Kobbie Mainoo,eng ENG,MF,Manchester Utd,eng Premier League,20-197,2005,1.6,70,81,86.4,1042,241,36,39,92.3,24,27,88.9,3,4,75.0,0,0.2,0.1,-0.2,4,8,2,1,7,Matches
1275,Ainsley Maitland-Niles,eng ENG,DF,Lyon,fr Ligue 1,28-065,1997,10.0,415,494,84.0,6670,2046,213,234,91.0,168,189,88.9,28,50,56.0,2,2.0,1.8,0.0,8,26,9,2,33,Matches
1276,Radosław Majecki,pl POL,GK,Brest,fr Ligue 1,25-351,1999,7.6,170,261,65.1,6062,5038,16,16,100.0,69,71,97.2,85,173,49.1,0,0.0,0.0,0.0,0,2,0,0,0,Matches
1277,Lovro Majer,hr CRO,MF,Wolfsburg,de Bundesliga,27-289,1998,3.5,100,127,78.7,1657,545,42,48,87.5,43,52,82.7,8,13,61.5,1,0.6,0.3,+0.4,9,12,3,1,16,Matches
1278,Hamidou Makalou,ml MLI,MFFW,Brest,fr Ligue 1,19-110,2006,1.5,38,57,66.7,712,249,19,24,79.2,12,15,80.0,7,15,46.7,0,0.2,0.2,-0.2,4,3,2,0,8,Matches
1279,Jean-Victor Makengo,fr FRA,MF,Lorient,fr Ligue 1,27-143,1998,3.8,103,129,79.8,1490,282,60,70,85.7,30,37,81.1,8,10,80.0,1,0.2,0.2,+0.8,4,6,1,0,11,Matches
1280,Jordy Makengo,fr FRA,DF,Freiburg,de Bundesliga,24-091,2001,5.9,212,271,78.2,3514,904,98,115,85.2,97,119,81.5,12,27,44.4,0,0.3,0.5,-0.3,3,17,5,4,19,Matches
1281,Andrija Maksimović,rs SRB,MFFW,RB Leipzig,de Bundesliga,18-150,2007,0.3,13,13,100.0,217,2,8,8,100.0,3,3,100.0,1,1,100.0,0,0.1,0.1,-0.1,1,1,0,0,0,Matches
1282,Said El Mala,de GER,FWMF,Köln,de Bundesliga,19-068,2006,3.6,49,82,59.8,693,135,26,34,76.5,21,29,72.4,0,4,0.0,1,0.3,0.3,+0.7,3,1,2,0,4,Matches
1283,Julián Malatini,ar ARG,DF,Werder Bremen,de Bundesliga,24-155,2001,1.0,24,35,68.6,377,73,13,14,92.9,10,17,58.8,1,1,100.0,0,0.0,0.0,0.0,0,0,0,0,0,Matches
1284,Daniel Maldini,it ITA,MF,Atalanta,it Serie A,24-022,2001,2.0,43,63,68.3,576,117,25,33,75.8,12,19,63.2,1,1,100.0,0,0.1,0.3,-0.1,2,4,1,0,7,Matches
1285,Youssef Maleh,ma MAR,MF,Lecce,it Serie A,27-072,1998,0.3,16,20,80.0,239,68,9,10,90.0,6,7,85.7,1,1,100.0,0,0.0,0.0,0.0,1,0,2,1,2,Matches
1286,Donyell Malen,nl NED,FW,Aston Villa,eng Premier League,26-297,1999,3.7,46,61,75.4,650,116,29,33,87.9,13,16,81.3,2,3,66.7,0,0.2,0.1,-0.2,3,4,2,0,7,Matches
1287,Ruslan Malinovskyi,ua UKR,MF,Genoa,it Serie A,32-182,1993,6.1,236,296,79.7,4314,1048,105,123,85.4,91,108,84.3,33,50,66.0,1,1.2,1.1,-0.2,10,29,6,0,37,Matches
1288,Lennard Maloney,us USA,DFMF,Mainz 05,de Bundesliga,26-025,1999,1.5,40,54,74.1,765,147,16,20,80.0,20,25,80.0,4,7,57.1,0,0.1,0.2,-0.1,1,1,1,1,3,Matches
1289,Pape Mamadou Sy,sn SEN,GK,Metz,fr Ligue 1,28-184,1997,0.8,14,29,48.3,560,497,3,3,100.0,3,4,75.0,8,22,36.4,0,0.0,0.0,0.0,0,0,0,0,0,Matches
1290,Giorgi Mamardashvili,ge GEO,GK,Liverpool,eng Premier League,25-034,2000,4.0,129,166,77.7,3167,2146,36,36,100.0,61,61,100.0,32,69,46.4,0,0.0,0.0,0.0,0,5,0,0,0,Matches
1291,Felix Mambimbi,ch SUI,MFFW,Le Havre,fr Ligue 1,24-288,2001,1.4,15,26,57.7,162,23,10,13,76.9,3,5,60.0,0,1,0.0,0,0.0,0.0,0.0,1,2,0,0,1,Matches
1292,Gianluca Mancini,it ITA,DF,Roma,it Serie A,29-199,1996,8.9,384,444,86.5,7801,2866,107,123,87.0,230,243,94.7,46,70,65.7,0,0.2,0.3,-0.2,3,25,1,1,22,Matches
1293,Reinildo Mandava,mz MOZ,DF,Sunderland,eng Premier League,31-285,1994,5.4,210,255,82.4,3337,888,101,109,92.7,99,114,86.8,8,22,36.4,0,0.0,0.1,0.0,0,23,2,1,27,Matches
1294,Aïssa Mandi,dz ALG,DF,Lille,fr Ligue 1,34-011,1991,6.8,412,463,89.0,7968,2748,139,151,92.1,221,234,94.4,49,67,73.1,0,0.5,0.7,-0.5,6,35,2,1,42,Matches
1295,Rolando Mandragora,it ITA,MF,Fiorentina,it Serie A,28-126,1997,7.1,204,276,73.9,3731,1007,84,92,91.3,94,117,80.3,22,56,39.3,0,0.9,0.2,-0.9,7,12,3,1,18,Matches
1296,Filippo Mane,it ITA,DF,Dortmund,de Bundesliga,20-239,2005,0.9,61,67,91.0,1063,376,26,27,96.3,32,33,97.0,3,4,75.0,0,0.0,0.0,0.0,0,5,0,0,4,Matches
1297,Johan Manzambi,ch SUI,MF,Freiburg,de Bundesliga,20-019,2005,6.0,217,256,84.8,3740,794,100,109,91.7,93,99,93.9,20,30,66.7,1,1.1,1.1,-0.1,5,19,6,0,34,Matches
1298,Sekou Mara,fr FRA,FW,Auxerre,fr Ligue 1,23-095,2002,4.2,55,74,74.3,731,140,31,40,77.5,15,17,88.2,3,4,75.0,0,0.1,0.1,-0.1,3,4,1,0,6,Matches
1299,Alessandro Marcandalli,it ITA,DF,Genoa,it Serie A,23-008,2002,2.0,56,67,83.6,970,284,24,29,82.8,29,32,90.6,3,6,50.0,0,0.0,0.0,0.0,0,1,0,0,0,Matches
1300,Marcão,br BRA,DF,Sevilla,es La Liga,29-150,1996,7.2,270,310,87.1,5336,2151,84,89,94.4,153,166,92.2,32,48,66.7,0,0.0,0.1,0.0,0,21,2,0,21,Matches
1301,Vincent Marchetti,fr FRA,MF,Paris FC,fr Ligue 1,28-121,1997,3.6,126,145,86.9,1934,533,69,76,90.8,47,52,90.4,8,13,61.5,0,0.1,0.1,-0.1,2,12,2,0,15,Matches
1302,Pablo Marí,es ESP,DF,Fiorentina,it Serie A,32-063,1993,5.1,219,242,90.5,3998,1425,73,74,98.6,126,134,94.0,16,28,57.1,0,0.0,0.0,0.0,1,4,0,0,6,Matches
1303,José María Giménez,uy URU,DF,Atlético Madrid,es La Liga,30-286,1995,3.0,146,163,89.6,3073,1178,38,39,97.4,93,99,93.9,15,23,65.2,0,0.0,0.0,0.0,0,5,0,0,11,Matches
1304,Mariano,do DOM,FW,Alavés,es La Liga,32-093,1993,2.5,23,38,60.5,289,57,14,19,73.7,7,14,50.0,0,1,0.0,0,0.2,0.2,-0.2,1,1,0,0,5,Matches
1305,Luca Marianucci,it ITA,DF,Napoli,it Serie A,21-102,2004,1.0,100,102,98.0,2091,597,23,24,95.8,65,66,98.5,11,11,100.0,0,0.1,0.0,-0.1,1,24,1,0,14,Matches
1306,Rafa Marín ,es ESP,DF,Villarreal,es La Liga,23-167,2002,8.0,391,428,91.4,7360,2382,162,174,93.1,184,190,96.8,44,59,74.6,0,0.0,0.1,0.0,1,25,1,0,27,Matches
1307,Marius Marin,ro ROU,MF,Pisa,it Serie A,27-064,1998,5.8,107,155,69.0,1824,654,52,55,94.5,36,50,72.0,11,32,34.4,0,0.0,0.2,0.0,0,15,3,0,15,Matches
1308,Pablo Marín,es ESP,MF,Real Sociedad,es La Liga,22-122,2003,5.8,135,171,78.9,2045,351,74,85,87.1,56,63,88.9,3,11,27.3,0,0.1,0.4,-0.1,2,7,2,1,12,Matches
1309,João Mário Lopes,pt POR,DF,Juventus,it Serie A,25-303,2000,2.7,100,131,76.3,1530,505,56,65,86.2,36,46,78.3,7,11,63.6,0,0.2,0.3,-0.2,3,9,3,2,15,Matches
1310,Guillermo Maripán,cl CHI,DF,Torino,it Serie A,31-180,1994,7.5,237,277,85.6,4277,1442,85,94,90.4,131,144,91.0,17,28,60.7,0,0.1,0.1,-0.1,2,18,1,0,16,Matches
1311,Omar Marmoush,eg EGY,FWMF,Manchester City,eng Premier League,26-268,1999,1.7,40,50,80.0,520,88,28,31,90.3,11,13,84.6,0,0,,1,1.0,0.5,0.0,2,2,1,0,5,Matches
1312,Marquinhos,br BRA,DF,Paris S-G,fr Ligue 1,31-172,1994,3.3,300,315,95.2,5743,1848,99,103,96.1,163,167,97.6,33,40,82.5,0,0.0,0.2,0.0,2,50,0,0,23,Matches
1313,Callum Marshall,nir NIR,FW,West Ham,eng Premier League,20-339,2004,0.7,2,4,50.0,15,8,1,1,100.0,0,0,,0,0,,0,0.0,0.0,0.0,0,0,0,0,1,Matches
1314,Eric Martel,de GER,MFDF,Köln,de Bundesliga,23-187,2002,7.6,279,334,83.5,4640,992,118,133,88.7,150,167,89.8,7,16,43.8,2,0.8,0.4,+1.2,4,8,3,0,21,Matches
1315,Aarón Martín,es ESP,DF,Genoa,it Serie A,28-194,1997,5.6,225,319,70.5,4147,1690,91,102,89.2,108,134,80.6,24,70,34.3,0,1.8,1.2,-1.8,11,19,3,1,19,Matches
1316,Gerard Martín,es ESP,DF,Barcelona,es La Liga,23-305,2002,4.2,269,316,85.1,4292,1180,143,156,91.7,109,127,85.8,15,24,62.5,0,0.4,0.4,-0.4,6,26,4,0,27,Matches
1317,Iván Martín,es ESP,MF,Girona,es La Liga,26-261,1999,7.8,324,379,85.5,5618,1414,148,165,89.7,135,152,88.8,32,45,71.1,1,0.2,0.3,+0.8,5,26,3,0,31,Matches
1318,Jon Martin,es ESP,DF,Real Sociedad,es La Liga,19-193,2006,3.0,139,160,86.9,2446,837,49,58,84.5,87,92,94.6,3,8,37.5,0,0.0,0.0,0.0,1,7,0,0,11,Matches
1319,Mario Martín,es ESP,MFFW,Getafe,es La Liga,21-242,2004,7.4,134,180,74.4,2288,429,63,80,78.8,56,63,88.9,10,15,66.7,0,0.1,0.2,-0.1,2,16,1,0,13,Matches
1320,Gabriel Martinelli,br BRA,FWMF,Arsenal,eng Premier League,24-137,2001,2.4,23,39,59.0,425,79,10,14,71.4,9,12,75.0,3,7,42.9,0,0.1,0.1,-0.1,2,2,1,0,5,Matches
1321,Arnau Martinez,es ESP,DFMF,Girona,es La Liga,22-191,2003,6.6,298,365,81.6,5032,1319,131,143,91.6,139,153,90.8,23,53,43.4,1,0.1,0.2,+0.9,1,20,2,1,24,Matches
1322,Emiliano Martínez,ar ARG,GK,Aston Villa,eng Premier League,33-061,1992,8.0,263,335,78.5,6582,3890,62,62,100.0,144,146,98.6,57,125,45.6,0,0.0,0.0,0.0,0,7,2,0,0,Matches
1323,Josep Martinez,es ESP,GK,Inter,it Serie A,27-159,1998,2.0,55,71,77.5,1294,802,12,12,100.0,30,30,100.0,12,27,44.4,0,0.0,0.0,0.0,0,0,0,0,0,Matches
1324,Lautaro Martínez,ar ARG,FW,Inter,it Serie A,28-072,1997,7.3,129,172,75.0,1980,399,73,90,81.1,42,53,79.2,8,13,61.5,2,1.6,0.7,+0.4,13,7,9,0,22,Matches
1325,Pablo Martínez,es ESP,MF,Levante,es La Liga,27-253,1998,5.8,143,199,71.9,2543,858,74,86,86.0,46,58,79.3,19,46,41.3,1,0.8,1.1,+0.2,7,13,5,2,20,Matches
1326,Ramón Martínez,es ESP,DF,Sevilla,es La Liga,23-011,2002,1.1,57,64,89.1,1355,486,13,14,92.9,29,32,90.6,15,18,83.3,0,0.0,0.0,0.0,0,2,0,0,3,Matches
1327,Toni Martínez,es ESP,FW,Alavés,es La Liga,28-125,1997,7.2,73,141,51.8,1058,194,42,73,57.5,18,41,43.9,6,11,54.5,1,0.2,0.1,+0.8,3,5,2,0,8,Matches
1328,Adam Marušić,me MNE,DF,Lazio,it Serie A,33-016,1992,6.6,340,387,87.9,4878,1505,185,200,92.5,122,137,89.1,15,24,62.5,1,0.4,0.2,+0.6,1,28,1,0,22,Matches
1329,Omar Mascarell,gq EQG,MF,Mallorca,es La Liga,32-273,1993,1.8,60,68,88.2,1144,364,25,29,86.2,27,29,93.1,8,9,88.9,0,0.0,0.0,0.0,1,11,0,0,6,Matches
1330,Adam Masina,ma MAR,DF,Torino,it Serie A,31-304,1994,1.2,51,58,87.9,1087,303,9,11,81.8,35,35,100.0,7,12,58.3,1,0.2,0.4,+0.8,2,6,0,0,5,Matches
1331,Patrizio Masini,it ITA,MF,Genoa,it Serie A,24-279,2001,8.8,265,356,74.4,4403,1419,131,160,81.9,114,139,82.0,15,30,50.0,0,0.2,0.2,-0.2,4,25,4,2,37,Matches
1332,Han-Noah Massengo,fr FRA,MF,Augsburg,de Bundesliga,24-118,2001,8.5,329,388,84.8,4959,1643,177,196,90.3,133,146,91.1,10,26,38.5,1,0.8,0.9,+0.2,7,34,2,1,36,Matches
1333,Franco Mastantuono,ar ARG,FWDF,Real Madrid,es La Liga,18-080,2007,6.1,262,305,85.9,3872,726,147,159,92.5,93,105,88.6,14,28,50.0,0,0.7,1.3,-0.7,7,15,10,2,18,Matches
1334,Arthur Masuaku,cd COD,DFMF,Sunderland,eng Premier League,31-360,1993,1.4,45,62,72.6,732,189,22,24,91.7,18,22,81.8,5,14,35.7,0,0.1,0.1,-0.1,1,3,1,1,5,Matches
1335,Clinton Mata,ao ANG,DF,Lyon,fr Ligue 1,32-360,1992,9.8,580,645,89.9,10105,3029,232,248,93.5,323,334,96.7,23,57,40.4,0,0.1,0.2,-0.1,1,29,2,1,30,Matches
1336,Igor Matanovic,hr CRO,FW,Freiburg,de Bundesliga,22-216,2003,1.8,21,36,58.3,268,31,13,19,68.4,6,11,54.5,1,2,50.0,0,0.4,0.1,-0.4,2,1,0,0,1,Matches
1337,Pape Matar Sarr,sn SEN,MF,Tottenham,eng Premier League,23-049,2002,5.4,162,203,79.8,2529,510,87,106,82.1,57,68,83.8,11,14,78.6,2,0.6,0.3,+1.4,4,17,1,0,15,Matches
1338,Jean-Philippe Mateta,fr FRA,FW,Crystal Palace,eng Premier League,28-127,1997,9.7,81,130,62.3,1342,267,38,54,70.4,28,38,73.7,10,15,66.7,0,0.1,0.5,-0.1,1,5,4,1,10,Matches
1339,Nemanja Matić,rs SRB,MF,Sassuolo,it Serie A,37-093,1988,7.9,334,416,80.3,5884,1984,152,180,84.4,125,139,89.9,47,72,65.3,0,0.2,0.4,-0.2,6,35,2,0,36,Matches
1340,Rudy Matondo,fr FRA,MF,Auxerre,fr Ligue 1,17-234,2008,1.2,65,72,90.3,996,213,40,42,95.2,21,22,95.5,3,5,60.0,0,0.0,0.0,0.0,0,8,0,0,8,Matches
1341,Chrislain Matsima,fr FRA,DF,Augsburg,de Bundesliga,23-171,2002,9.0,396,465,85.2,7202,2227,134,151,88.7,227,242,93.8,30,59,50.8,1,0.5,0.4,+0.5,3,22,2,1,27,Matches
1342,Jean Mattéo Bahoya,fr FRA,FW,Eint Frankfurt,de Bundesliga,20-179,2005,4.4,108,144,75.0,1771,382,58,72,80.6,37,48,77.1,9,13,69.2,1,1.5,1.6,-0.5,9,1,5,4,6,Matches
1343,Konstantinos Mavropanos,gr GRE,DF,West Ham,eng Premier League,27-326,1997,5.5,221,253,87.4,4434,1740,68,70,97.1,118,129,91.5,28,46,60.9,0,0.0,0.0,0.0,0,15,1,0,17,Matches
1344,Christian Mawissa,fr FRA,DF,Monaco,fr Ligue 1,20-198,2005,5.8,399,428,93.2,6710,1624,164,174,94.3,208,217,95.9,21,27,77.8,0,0.0,0.1,0.0,0,23,0,0,19,Matches
1345,Eliezer Mayenda,es ESP,FW,Sunderland,eng Premier League,20-178,2005,2.9,12,17,70.6,158,59,9,13,69.2,3,3,100.0,0,0,,0,0.5,0.1,-0.5,2,0,1,0,3,Matches
1346,Borja Mayoral,es ESP,FW,Getafe,es La Liga,28-211,1997,6.2,102,136,75.0,1423,194,65,81,80.2,20,27,74.1,9,13,69.2,1,0.2,0.1,+0.8,4,5,1,0,13,Matches
1347,Senny Mayulu,fr FRA,MFFW,Paris S-G,fr Ligue 1,19-169,2006,5.5,225,263,85.6,3474,531,119,130,91.5,87,95,91.6,12,21,57.1,1,1.0,1.0,0.0,9,12,6,3,12,Matches
1348,Ibrahim Maza,dz ALG,MFDF,Leverkusen,de Bundesliga,19-343,2005,3.4,118,139,84.9,1886,432,67,77,87.0,37,45,82.2,11,12,91.7,0,0.2,0.2,-0.2,2,16,2,0,18,Matches
1349,Noussair Mazraoui,ma MAR,DF,Manchester Utd,eng Premier League,27-353,1997,1.6,85,109,78.0,1488,651,36,43,83.7,40,46,87.0,8,14,57.1,0,0.0,0.1,0.0,0,16,2,2,21,Matches
1350,Luca Mazzitelli,it ITA,MF,Cagliari,it Serie A,29-352,1995,0.5,26,32,81.3,629,327,8,9,88.9,10,10,100.0,8,12,66.7,0,0.1,0.0,-0.1,1,5,0,0,6,Matches
1351,Samuel Mbangula,be BEL,FW,Werder Bremen,de Bundesliga,21-290,2004,6.2,179,217,82.5,2462,522,102,113,90.3,56,62,90.3,6,12,50.0,1,0.4,0.5,+0.6,5,10,3,1,21,Matches
1352,Ethan Mbappé,fr FRA,FW,Lille,fr Ligue 1,18-308,2006,0.4,23,28,82.1,346,92,15,15,100.0,6,9,66.7,1,3,33.3,0,0.2,0.1,-0.2,4,3,0,0,2,Matches
1353,Kylian Mbappé,fr FRA,FW,Real Madrid,es La Liga,26-317,1998,10.6,386,434,88.9,5375,806,241,260,92.7,108,119,90.8,20,25,80.0,2,2.5,2.4,-0.5,30,27,18,1,50,Matches
1354,Ibrahim Mbaye,fr FRA,FW,Paris S-G,fr Ligue 1,17-282,2008,4.8,242,284,85.2,3197,436,145,164,88.4,84,97,86.6,2,6,33.3,0,0.8,0.7,-0.8,9,6,7,2,15,Matches
1355,Chancel Mbemba,cd COD,DF,Lille,fr Ligue 1,31-086,1994,3.5,203,219,92.7,4008,1129,45,50,90.0,143,147,97.3,13,19,68.4,0,0.2,0.0,-0.2,2,14,0,0,18,Matches
1356,Bryan Mbeumo,cm CMR,MF,Manchester Utd,eng Premier League,26-087,1999,9.6,256,344,74.4,4318,1097,126,147,85.7,88,119,73.9,29,43,67.4,1,2.4,2.5,-1.4,19,14,17,8,24,Matches
1357,Michel Mboula,ga GAB,DF,Metz,fr Ligue 1,22-186,2003,1.9,79,96,82.3,1453,505,35,38,92.1,34,37,91.9,9,15,60.0,0,0.0,0.0,0.0,0,4,0,0,7,Matches
1358,Pathé Mboup,sn SEN,FW,Brest,fr Ligue 1,22-068,2003,3.3,37,58,63.8,636,231,21,33,63.6,12,15,80.0,4,7,57.1,0,0.5,0.4,-0.5,2,4,3,0,10,Matches
1359,Moustapha Mbow,sn SEN,DF,Paris FC,fr Ligue 1,25-239,2000,10.0,543,589,92.2,11318,3624,151,159,95.0,318,325,97.8,69,96,71.9,0,0.1,0.1,-0.1,2,40,0,0,31,Matches
1360,James Mcatee,eng ENG,MFFW,Nott'ham Forest,eng Premier League,23-015,2002,1.4,55,62,88.7,771,203,31,32,96.9,18,20,90.0,3,5,60.0,0,0.4,0.2,-0.4,3,5,4,0,9,Matches
1361,John McGinn,sct SCO,FWMF,Aston Villa,eng Premier League,31-015,1994,8.5,237,308,76.9,4395,1073,94,104,90.4,113,141,80.1,28,50,56.0,0,0.9,1.0,-0.9,9,15,13,7,35,Matches
1362,Weston McKennie,us USA,MFDF,Juventus,it Serie A,27-066,1998,5.2,176,222,79.3,2970,816,87,102,85.3,70,83,84.3,16,25,64.0,0,0.6,1.0,-0.6,7,20,5,0,31,Matches
1363,Mark McKenzie,us USA,DF,Toulouse,fr Ligue 1,26-250,1999,9.3,360,440,81.8,6677,2933,141,157,89.8,182,210,86.7,37,68,54.4,0,0.3,0.4,-0.3,4,36,1,0,31,Matches
1364,Dwight McNeil,eng ENG,FWMF,Everton,eng Premier League,25-345,1999,0.3,7,8,87.5,111,8,5,6,83.3,1,1,100.0,1,1,100.0,0,0.1,0.0,-0.1,1,0,0,0,0,Matches
1365,Scott McTominay,sct SCO,MF,Napoli,it Serie A,28-329,1996,8.1,193,238,81.1,2949,629,106,124,85.5,77,92,83.7,7,9,77.8,1,0.4,0.4,+0.6,6,11,3,1,20,Matches
1366,Facundo Medina,ar ARG,DF,Marseille,fr Ligue 1,26-158,1999,1.6,131,137,95.6,2007,592,65,68,95.6,54,55,98.2,5,6,83.3,0,0.0,0.1,0.0,0,16,2,0,13,Matches
1367,Jonas Meffert,de GER,MF,Hamburger SV,de Bundesliga,31-059,1994,0.9,35,46,76.1,541,127,21,24,87.5,9,12,75.0,3,5,60.0,0,0.0,0.0,0.0,0,1,0,0,3,Matches
1368,Henrik Meister,dk DEN,FW,Pisa,it Serie A,21-350,2003,4.5,18,39,46.2,222,89,12,21,57.1,3,8,37.5,1,1,100.0,0,0.0,0.0,0.0,0,2,0,0,5,Matches
1369,Bamo Meïté,ci CIV,DF,Lorient,fr Ligue 1,23-334,2001,5.5,277,319,86.8,4566,1731,145,158,91.8,110,125,88.0,19,26,73.1,0,0.0,0.1,0.0,0,30,0,0,23,Matches
1370,Mohamed Meité,fr FRA,FWDF,Rennes,fr Ligue 1,18-022,2007,2.8,26,44,59.1,281,57,21,24,87.5,4,11,36.4,0,1,0.0,1,0.4,0.1,+0.6,3,3,1,0,2,Matches
1371,Hannibal Mejbri,tn TUN,MF,Burnley,eng Premier League,22-285,2003,3.0,58,76,76.3,920,211,27,34,79.4,18,25,72.0,7,9,77.8,1,0.7,0.5,+0.3,3,6,3,1,7,Matches
1372,Cléo Melieres,fr FRA,DF,Metz,fr Ligue 1,20-203,2005,0.3,14,18,77.8,184,78,11,13,84.6,1,2,50.0,2,2,100.0,0,0.0,0.0,0.0,0,3,1,1,0,Matches
1373,Nuno Mendes,pt POR,DF,Paris S-G,fr Ligue 1,23-136,2002,5.4,377,430,87.7,6387,1494,193,207,93.2,131,140,93.6,39,62,62.9,1,1.1,1.0,-0.1,10,44,8,3,31,Matches
1374,Brais Méndez,es ESP,MF,Real Sociedad,es La Liga,28-299,1997,6.5,222,297,74.7,3836,1104,102,119,85.7,82,98,83.7,24,47,51.1,2,0.9,1.0,+1.1,9,34,9,2,34,Matches
1375,Rodrigo Mendoza,es ESP,MFFW,Elche,es La Liga,20-232,2005,4.6,176,216,81.5,2797,638,88,106,83.0,69,78,88.5,12,22,54.5,0,0.3,0.5,-0.3,6,16,9,3,18,Matches
1376,Antoine Mendy,sn SEN,DF,Nice,fr Ligue 1,21-159,2004,8.7,348,431,80.7,5932,2237,166,177,93.8,143,166,86.1,28,63,44.4,0,0.0,0.2,0.0,0,33,0,0,26,Matches
1377,Batista Mendy,fr FRA,MF,Sevilla,es La Liga,25-294,2000,5.5,135,164,82.3,2265,436,62,71,87.3,56,64,87.5,12,17,70.6,0,0.1,0.1,-0.1,2,16,0,0,8,Matches
1378,Formose Mendy,sn SEN,DF,Lorient,fr Ligue 1,24-304,2001,1.5,78,92,84.8,1526,521,33,34,97.1,34,39,87.2,10,16,62.5,0,0.0,0.0,0.0,0,8,0,0,5,Matches
1379,Nobel Mendy,fr FRA,DF,Rayo Vallecano,es La Liga,21-060,2004,2.9,115,135,85.2,2176,658,37,40,92.5,68,73,93.2,10,19,52.6,0,0.0,0.0,0.0,0,7,0,0,7,Matches
1380,Gideon Mensah,gh GHA,DF,Auxerre,fr Ligue 1,27-107,1998,9.4,401,497,80.7,6573,2391,195,210,92.9,161,194,83.0,32,69,46.4,0,0.2,0.4,-0.2,5,39,5,2,33,Matches
1381,Khalis Merah,fr FRA,FWMF,Lyon,fr Ligue 1,18-251,2007,3.6,120,137,87.6,1859,212,58,66,87.9,48,49,98.0,7,8,87.5,0,0.6,0.3,-0.6,5,8,2,0,17,Matches
1382,Alex Meret,it ITA,GK,Napoli,it Serie A,28-225,1997,4.0,98,110,89.1,2196,1431,23,23,100.0,56,56,100.0,19,29,65.5,0,0.0,0.0,0.0,0,0,0,0,0,Matches
1383,Mikel Merino,es ESP,MFFW,Arsenal,eng Premier League,29-133,1996,3.6,99,127,78.0,1255,361,72,80,90.0,22,28,78.6,3,12,25.0,0,0.2,0.2,-0.2,3,12,5,0,14,Matches
1384,Quentin Merlin,fr FRA,DF,Rennes,fr Ligue 1,23-170,2002,8.6,376,509,73.9,6484,1961,177,194,91.2,156,193,80.8,34,85,40.0,2,1.9,1.5,+0.1,13,24,8,3,38,Matches
1385,Rafik Messali,fr FRA,MF,Toulouse,fr Ligue 1,22-188,2003,0.2,2,3,66.7,13,8,2,2,100.0,0,1,0.0,0,0,,0,0.0,0.0,0.0,0,0,0,0,0,Matches
1386,Junior Messias,br BRA,FWMF,Genoa,it Serie A,34-173,1991,0.7,17,21,81.0,311,64,8,10,80.0,7,7,100.0,2,2,100.0,0,0.0,0.0,0.0,0,1,1,0,2,Matches
1387,Connor Metcalfe,au AUS,MF,St. Pauli,de Bundesliga,25-362,1999,1.6,70,88,79.5,1002,285,42,45,93.3,25,30,83.3,2,7,28.6,0,0.1,0.2,-0.1,2,4,5,0,14,Matches
1388,Dayann Methalie,fr FRA,MFDF,Toulouse,fr Ligue 1,19-260,2006,7.7,155,211,73.5,2777,799,56,68,82.4,83,107,77.6,13,20,65.0,0,0.8,0.9,-0.8,5,8,6,3,14,Matches
1389,Karol Mets,ee EST,DF,St. Pauli,de Bundesliga,32-170,1993,2.1,151,168,89.9,2722,837,57,60,95.0,76,81,93.8,14,20,70.0,0,0.0,0.0,0.0,0,15,0,0,12,Matches
1390,Thomas Meunier,be BEL,DF,Lille,fr Ligue 1,34-051,1991,5.8,240,311,77.2,4143,1156,115,129,89.1,102,133,76.7,21,39,53.8,0,0.9,0.7,-0.9,4,18,6,2,24,Matches
1391,Georges Mikautadze,ge GEO,FW,Villarreal,es La Liga,25-002,2000,4.8,51,78,65.4,707,140,34,46,73.9,11,21,52.4,3,3,100.0,2,0.9,0.7,+1.1,5,4,1,0,10,Matches
1392,Georges Mikautadze,ge GEO,FW,Lyon,fr Ligue 1,25-002,2000,2.0,27,32,84.4,365,106,16,19,84.2,6,8,75.0,2,2,100.0,0,0.0,0.1,0.0,0,1,1,0,3,Matches
1393,Wisdom Mike,de GER,FW,Bayern Munich,de Bundesliga,17-039,2008,0.1,2,3,66.7,11,2,1,2,50.0,0,0,,0,0,,0,0.0,0.0,0.0,0,0,0,0,0,Matches
1394,William Mikelbrencis,fr FRA,MFDF,Hamburger SV,de Bundesliga,21-250,2004,3.1,90,142,63.4,1558,463,42,49,85.7,36,54,66.7,8,26,30.8,0,0.1,0.1,-0.1,3,6,1,1,7,Matches
1395,Antoni Milambo,nl NED,MF,Brentford,eng Premier League,20-213,2005,0.5,8,11,72.7,116,49,4,6,66.7,4,5,80.0,0,0,,0,0.0,0.0,0.0,0,2,0,0,3,Matches
1396,Nikola Milenković,rs SRB,DF,Nott'ham Forest,eng Premier League,28-021,1997,10.0,461,516,89.3,8639,3180,150,156,96.2,269,287,93.7,37,64,57.8,0,0.3,0.2,-0.3,1,41,4,0,29,Matches
1397,Lewis Miley,eng ENG,MF,Newcastle Utd,eng Premier League,19-185,2006,3.0,138,162,85.2,2121,503,64,69,92.8,64,70,91.4,5,10,50.0,1,0.3,0.3,+0.7,4,10,1,0,10,Matches
1398,Vanja Milinković-Savić,rs SRB,GK,Napoli,it Serie A,28-255,1997,6.0,163,232,70.3,4681,3335,24,25,96.0,85,85,100.0,54,122,44.3,0,0.0,0.0,0.0,0,8,0,0,0,Matches
1399,Éder Militão,br BRA,DF,Real Madrid,es La Liga,27-288,1998,8.5,464,513,90.4,9330,3172,143,152,94.1,264,276,95.7,54,78,69.2,1,0.9,0.6,+0.1,5,51,0,0,32,Matches
1400,Luis Milla,es ESP,MF,Getafe,es La Liga,31-026,1994,11.0,364,507,71.8,6685,2145,162,191,84.8,139,180,77.2,56,107,52.3,6,1.9,1.9,+4.1,21,36,9,3,38,Matches
1401,Pere Milla,es ESP,MFFW,Espanyol,es La Liga,33-040,1992,5.8,103,146,70.5,1502,465,62,73,84.9,30,43,69.8,6,17,35.3,0,1.3,0.8,-1.3,12,11,5,0,17,Matches
1402,Lennon Miller,sct SCO,MF,Udinese,it Serie A,19-069,2006,0.9,11,18,61.1,170,60,6,7,85.7,5,8,62.5,0,2,0.0,0,0.1,0.0,-0.1,2,2,0,0,2,Matches
1403,James Milner,eng ENG,MF,Brighton,eng Premier League,39-302,1986,2.1,96,109,88.1,1891,746,40,43,93.0,41,42,97.6,14,22,63.6,1,0.2,0.4,+0.8,4,14,3,1,9,Matches
1404,Veljko Milosavljević,rs SRB,DF,Bournemouth,eng Premier League,18-127,2007,2.1,81,93,87.1,1503,568,29,32,90.6,44,45,97.8,7,14,50.0,0,0.1,0.2,-0.1,1,5,0,0,5,Matches
1405,Kim Min-jae,kr KOR,DF,Bayern Munich,de Bundesliga,28-352,1996,3.0,224,235,95.3,3461,1331,123,128,96.1,85,88,96.6,11,13,84.6,1,0.3,0.6,+0.7,1,32,2,0,14,Matches
1406,Yerry Mina,co COL,DF,Cagliari,it Serie A,31-040,1994,6.0,249,275,90.5,4422,1580,107,113,94.7,114,122,93.4,23,31,74.2,0,0.1,0.2,-0.1,1,8,0,0,10,Matches
1407,Takumi Minamino,jp JPN,MFFW,Monaco,fr Ligue 1,30-290,1995,7.4,167,231,72.3,2413,656,94,119,79.0,58,76,76.3,7,15,46.7,2,2.1,1.6,-0.1,5,14,10,0,29,Matches
1408,Tyrone Mings,eng ENG,DF,Aston Villa,eng Premier League,32-234,1993,5.5,311,348,89.4,5937,2150,104,112,92.9,179,185,96.8,25,45,55.6,0,0.1,0.1,-0.1,3,29,1,0,27,Matches
1409,Óscar Mingueza,es ESP,DFMF,Celta Vigo,es La Liga,26-173,1999,5.9,344,432,79.6,5980,2080,158,175,90.3,148,173,85.5,33,67,49.3,1,1.8,2.1,-0.8,11,28,17,4,34,Matches
1410,Yankuba Minteh,gm GAM,FW,Brighton,eng Premier League,21-103,2004,9.5,141,261,54.0,2293,710,73,100,73.0,45,84,53.6,14,40,35.0,3,2.6,1.6,+0.4,16,9,8,5,14,Matches
1411,Bojan Miovski,mk MKD,FW,Girona,es La Liga,26-131,1999,0.5,2,3,66.7,24,0,2,2,100.0,0,0,,0,0,,0,0.0,0.0,0.0,0,0,0,0,0,Matches
1412,Rafa Mir,es ESP,FWMF,Elche,es La Liga,28-137,1997,7.5,130,165,78.8,1772,339,83,97,85.6,31,42,73.8,9,11,81.8,0,0.2,0.4,-0.2,3,5,3,0,19,Matches
1413,Juan Miranda,es ESP,DF,Bologna,it Serie A,25-287,2000,5.1,246,333,73.9,4945,1725,103,110,93.6,96,122,78.7,44,82,53.7,0,0.9,0.3,-0.9,9,22,1,0,22,Matches
1414,Tyrick Mitchell,eng ENG,DF,Crystal Palace,eng Premier League,26-062,1999,10.0,297,411,72.3,4698,1557,156,178,87.6,115,144,79.9,19,51,37.3,0,0.7,0.6,-0.7,9,13,10,7,16,Matches
1415,Kaoru Mitoma,jp JPN,FW,Brighton,eng Premier League,28-166,1997,5.6,106,137,77.4,1326,371,72,85,84.7,28,38,73.7,2,3,66.7,1,1.1,0.3,-0.1,7,5,7,2,13,Matches
1416,Maximilian Mittelstädt,de GER,DF,Stuttgart,de Bundesliga,28-229,1997,6.4,379,449,84.4,6188,2012,191,202,94.6,164,199,82.4,19,31,61.3,1,0.6,1.4,+0.4,9,37,10,6,47,Matches
1417,Henrikh Mkhitaryan,am ARM,MF,Inter,it Serie A,36-285,1989,5.4,238,286,83.2,4000,1069,123,140,87.9,91,104,87.5,21,28,75.0,0,0.2,0.6,-0.2,3,27,8,0,41,Matches
1418,Rui Modesto,ao ANG,MFDF,Udinese,it Serie A,26-026,1999,0.5,9,12,75.0,167,23,6,6,100.0,2,2,100.0,1,2,50.0,0,0.0,0.1,0.0,0,0,0,0,0,Matches
1419,Luka Modrić,hr CRO,MF,Milan,it Serie A,40-054,1985,8.7,574,649,88.4,11010,3859,227,233,97.4,245,274,89.4,88,116,75.9,2,0.9,1.6,+1.1,20,69,10,1,73,Matches
1420,Max Moerstedt,de GER,FWMF,Hoffenheim,de Bundesliga,19-291,2006,1.1,20,26,76.9,258,44,13,16,81.3,6,8,75.0,0,0,,0,0.0,0.2,0.0,0,2,0,0,1,Matches
1421,Terem Moffi,ng NGA,FW,Nice,fr Ligue 1,26-161,1999,3.5,36,49,73.5,439,123,24,32,75.0,7,8,87.5,1,1,100.0,0,0.1,0.1,-0.1,2,2,2,0,7,Matches
1422,Mostafa Mohamed,eg EGY,FW,Nantes,fr Ligue 1,27-339,1997,6.6,48,81,59.3,611,116,25,39,64.1,14,25,56.0,2,4,50.0,0,0.1,0.0,-0.1,4,5,1,0,6,Matches
1423,Johan Mojica,co COL,DF,Mallorca,es La Liga,33-073,1992,7.6,333,442,75.3,6027,2727,155,172,90.1,142,172,82.6,32,75,42.7,2,1.1,1.4,+0.9,10,35,14,8,29,Matches
1424,Enzo Molebe,fr FRA,FW,Lyon,fr Ligue 1,18-045,2007,0.1,3,5,60.0,44,0,0,0,,2,3,66.7,0,0,,0,0.0,0.0,0.0,0,0,0,0,0,Matches
1425,Alberto Moleiro,es ESP,MFFW,Villarreal,es La Liga,22-033,2003,6.6,145,192,75.5,2031,553,90,104,86.5,47,63,74.6,2,11,18.2,2,1.6,1.0,+0.4,9,19,1,0,22,Matches
1426,Nahuel Molina,ar ARG,DF,Atlético Madrid,es La Liga,27-210,1998,1.4,70,82,85.4,1034,354,37,40,92.5,25,29,86.2,3,7,42.9,0,0.7,0.4,-0.7,4,5,5,4,7,Matches
1427,Jon Moncayola,es ESP,MFDF,Osasuna,es La Liga,27-173,1998,9.8,417,551,75.7,7098,2799,213,236,90.3,152,188,80.9,42,97,43.3,1,1.7,1.7,-0.7,13,50,13,4,57,Matches
1428,Lorenzo Montipò,it ITA,GK,Hellas Verona,it Serie A,29-255,1996,9.0,145,266,54.5,5511,4755,16,16,100.0,46,48,95.8,83,201,41.3,0,0.0,0.0,0.0,1,8,0,0,0,Matches
1429,Álvaro Morata,es ESP,FW,Como,it Serie A,33-010,1992,5.2,99,137,72.3,1360,254,55,66,83.3,30,43,69.8,6,11,54.5,1,0.1,0.2,+0.9,4,5,4,1,9,Matches
1430,Morato,br BRA,DF,Nott'ham Forest,eng Premier League,24-125,2001,4.8,257,290,88.6,4583,2169,115,127,90.6,115,123,93.5,25,37,67.6,0,0.0,0.0,0.0,0,13,1,0,15,Matches
1431,Afonso Moreira,pt POR,FW,Lyon,fr Ligue 1,20-228,2005,1.8,39,54,72.2,678,164,18,22,81.8,17,22,77.3,4,9,44.4,2,1.1,1.1,+0.9,3,2,3,1,3,Matches
1432,Diego Moreira,be BEL,DFFW,Strasbourg,fr Ligue 1,21-088,2004,7.4,254,331,76.7,3847,1177,140,160,87.5,89,109,81.7,18,34,52.9,2,3.2,1.7,-1.2,15,15,19,5,38,Matches
1433,Alberto Moreno,es ESP,DF,Como,it Serie A,33-120,1992,1.7,82,95,86.3,1383,414,34,36,94.4,38,44,86.4,6,9,66.7,0,0.0,0.1,0.0,1,5,2,2,4,Matches
1434,Álex Moreno,es ESP,DFMF,Girona,es La Liga,32-147,1993,9.5,296,393,75.3,4609,1616,159,174,91.4,120,154,77.9,12,34,35.3,0,0.5,0.5,-0.5,5,18,7,2,35,Matches
1435,Gerard Moreno,es ESP,FW,Villarreal,es La Liga,33-209,1992,2.6,88,114,77.2,1457,429,54,63,85.7,21,30,70.0,13,16,81.3,0,1.0,0.8,-1.0,7,12,5,0,19,Matches
1436,Matias Moreno,ar ARG,DF,Levante,es La Liga,22-039,2003,5.7,190,225,84.4,3713,1313,59,64,92.2,112,123,91.1,17,33,51.5,0,0.0,0.1,0.0,1,8,0,0,14,Matches
1437,Tete Morente,es ESP,FWMF,Lecce,it Serie A,28-333,1996,6.0,135,195,69.2,2169,640,61,78,78.2,52,68,76.5,14,31,45.2,0,0.2,0.2,-0.2,6,12,8,0,25,Matches
1438,Stefano Moreo,it ITA,FWMF,Pisa,it Serie A,32-125,1993,4.0,52,88,59.1,869,273,28,43,65.1,20,32,62.5,4,6,66.7,0,0.1,0.3,-0.1,3,7,0,0,8,Matches
1439,Mateu Morey,es ESP,DF,Mallorca,es La Liga,25-245,2000,4.9,128,167,76.6,2542,832,41,44,93.2,72,85,84.7,14,29,48.3,0,0.2,0.2,-0.2,3,16,4,2,17,Matches
1440,Ilaix Moriba,gn GUI,MF,Celta Vigo,es La Liga,22-287,2003,7.0,251,292,86.0,4021,942,120,130,92.3,113,126,89.7,13,21,61.9,1,1.0,0.8,0.0,7,28,5,0,35,Matches
1441,Manu Morlanes,es ESP,MF,Mallorca,es La Liga,26-294,1999,6.9,256,295,86.8,4309,1434,127,138,92.0,105,116,90.5,21,29,72.4,0,0.2,0.5,-0.2,5,38,8,1,33,Matches
1442,Luca Moro,it ITA,FW,Sassuolo,it Serie A,24-281,2001,0.2,4,4,100.0,35,11,1,1,100.0,1,1,100.0,0,0,,0,0.0,0.0,0.0,0,0,0,0,1,Matches
1443,Nikola Moro,hr CRO,MF,Bologna,it Serie A,27-235,1998,4.3,263,309,85.1,5869,1794,75,77,97.4,124,143,86.7,61,82,74.4,0,0.3,0.3,-0.3,5,40,5,0,36,Matches
1444,Tyler Morton,eng ENG,MF,Lyon,fr Ligue 1,23-002,2002,8.7,398,494,80.6,7464,1956,169,187,90.4,175,199,87.9,49,92,53.3,0,0.8,1.6,-0.8,12,25,11,2,41,Matches
1445,Daren Mosengo,fr FRA,MF,Le Havre,fr Ligue 1,19-083,2006,0.1,6,7,85.7,91,58,2,2,100.0,4,5,80.0,0,0,,0,0.0,0.0,0.0,0,1,0,0,2,Matches
1446,Cristhian Mosquera,es ESP,DF,Arsenal,eng Premier League,21-128,2004,3.3,179,198,90.4,3084,831,68,71,95.8,97,107,90.7,10,15,66.7,0,0.1,0.1,-0.1,1,5,0,0,6,Matches
1447,Daniel Mosquera,co COL,FW,Hellas Verona,it Serie A,26-013,1999,0.8,10,19,52.6,112,10,6,9,66.7,2,5,40.0,0,1,0.0,0,0.0,0.1,0.0,0,0,1,0,2,Matches
1448,Yerson Mosquera,co COL,DF,Wolves,eng Premier League,24-184,2001,2.0,75,85,88.2,1498,346,15,16,93.8,57,61,93.4,2,6,33.3,0,0.0,0.0,0.0,0,1,0,0,0,Matches
1449,Mason Mount,eng ENG,MF,Manchester Utd,eng Premier League,26-296,1999,3.7,88,119,73.9,1361,453,53,63,84.1,21,26,80.8,10,20,50.0,0,0.5,0.5,-0.5,6,16,3,0,19,Matches
1450,Samir El Mourabet,ma MAR,MF,Strasbourg,fr Ligue 1,20-027,2005,5.9,325,364,89.3,5395,1316,146,162,90.1,157,171,91.8,16,21,76.2,0,0.7,0.6,-0.7,6,21,5,1,24,Matches
1451,Santiago Mouriño,uy URU,DF,Villarreal,es La Liga,23-262,2002,8.8,447,502,89.0,7279,2547,226,236,95.8,192,220,87.3,24,35,68.6,1,0.1,0.2,+0.9,3,36,3,0,27,Matches
1452,Louis Mouton,fr FRA,MF,Angers,fr Ligue 1,23-152,2002,5.7,142,198,71.7,2193,581,75,90,83.3,44,58,75.9,12,28,42.9,0,1.3,1.6,-1.3,6,15,8,3,19,Matches
1453,Tarik Muharemovic,ba BIH,DF,Sassuolo,it Serie A,22-247,2003,6.0,273,331,82.5,5276,2144,103,113,91.2,135,148,91.2,33,64,51.6,1,0.7,0.1,+0.3,2,14,1,0,20,Matches
1454,Miro Muheim,ch SUI,MFDF,Hamburger SV,de Bundesliga,27-223,1998,7.9,333,442,75.3,6090,2282,151,166,91.0,136,167,81.4,40,83,48.2,1,1.7,1.4,-0.7,14,39,6,3,57,Matches
1455,Ngal'Ayel Mukau,cd COD,MFFW,Lille,fr Ligue 1,20-337,2004,4.0,121,135,89.6,2024,384,51,57,89.5,57,60,95.0,7,8,87.5,0,0.1,0.1,-0.1,3,12,0,0,16,Matches
1456,Nordan Mukiele,fr FRA,MF,Rennes,fr Ligue 1,19-263,2006,0.3,10,12,83.3,124,20,7,8,87.5,3,4,75.0,0,0,,0,0.1,0.0,-0.1,1,1,0,0,0,Matches
1457,Nordi Mukiele,fr FRA,DF,Sunderland,eng Premier League,28-001,1997,7.0,249,338,73.7,4588,1631,100,111,90.1,116,150,77.3,28,60,46.7,0,0.3,0.3,-0.3,4,12,0,0,17,Matches
1458,Marshall Munetsi,zw ZIM,MFFW,Wolves,eng Premier League,29-133,1996,8.7,88,153,57.5,1394,426,43,76,56.6,34,50,68.0,7,12,58.3,1,0.5,0.4,+0.5,3,10,2,2,13,Matches
1459,Rodrigo Muniz,br BRA,FW,Fulham,eng Premier League,24-182,2001,3.7,11,36,30.6,186,58,6,11,54.5,4,13,30.8,1,6,16.7,1,0.3,0.0,+0.7,4,2,1,0,2,Matches
1460,Aihen Muñoz,es ESP,DF,Real Sociedad,es La Liga,28-078,1997,4.1,132,173,76.3,2261,961,62,64,96.9,57,72,79.2,11,29,37.9,0,0.2,0.2,-0.2,2,16,2,1,15,Matches
1461,Daniel Muñoz,co COL,DFMF,Crystal Palace,eng Premier League,29-160,1996,10.0,256,350,73.1,4194,1474,133,156,85.3,102,130,78.5,19,43,44.2,2,2.4,1.8,-0.4,6,8,11,4,23,Matches
1462,Iker Muñoz,es ESP,MF,Osasuna,es La Liga,22-362,2002,0.3,17,19,89.5,306,103,6,6,100.0,10,10,100.0,1,1,100.0,0,0.0,0.0,0.0,0,1,0,0,1,Matches
1463,Javier Muñoz,es ESP,MFFW,Getafe,es La Liga,30-247,1995,1.7,26,38,68.4,436,94,15,18,83.3,9,14,64.3,2,4,50.0,0,0.0,0.0,0.0,0,4,0,0,2,Matches
1464,Víctor Muñoz,es ESP,FWMF,Osasuna,es La Liga,22-112,2003,7.3,121,163,74.2,1498,185,88,97,90.7,28,44,63.6,2,10,20.0,1,0.5,0.2,+0.5,5,2,3,2,4,Matches
1465,Arijanet Muric,xk KVX,GK,Sassuolo,it Serie A,26-360,1998,8.0,209,305,68.5,5904,4033,50,50,100.0,86,88,97.7,73,165,44.2,0,0.0,0.0,0.0,0,3,0,0,0,Matches
1466,Murillo,br BRA,DF,Nott'ham Forest,eng Premier League,23-121,2002,6.2,284,346,82.1,5619,2542,102,110,92.7,152,167,91.0,29,66,43.9,0,0.0,0.2,0.0,0,29,0,0,29,Matches
1467,Vedat Muriqi,xk KVX,FW,Mallorca,es La Liga,31-192,1994,8.1,107,165,64.8,1618,197,60,85,70.6,40,60,66.7,5,8,62.5,0,0.1,0.3,-0.1,4,6,4,1,8,Matches
1468,Jacob Murphy,eng ENG,FWMF,Newcastle Utd,eng Premier League,30-251,1995,4.6,95,155,61.3,1569,469,49,68,72.1,32,50,64.0,10,26,38.5,1,1.1,0.9,-0.1,4,11,8,3,11,Matches
1469,Yunus Musah,us USA,MF,Atalanta,it Serie A,22-338,2002,0.7,23,29,79.3,354,42,14,16,87.5,9,11,81.8,0,1,0.0,0,0.0,0.0,0.0,0,3,0,0,3,Matches
1470,Yunus Musah,us USA,DF,Milan,it Serie A,22-338,2002,1.0,35,42,83.3,529,95,16,20,80.0,18,20,90.0,0,1,0.0,0,0.4,0.3,-0.4,2,1,3,0,4,Matches
1471,Almoatasem Al Musrati,ly LBY,MF,Hellas Verona,it Serie A,29-210,1996,0.6,23,27,85.2,469,111,9,10,90.0,10,11,90.9,4,6,66.7,0,0.2,0.1,-0.2,1,1,1,0,3,Matches
1472,Cheveyo Muy,nl NED,FW,Milan,it Serie A,,,0.1,0,1,0.0,0,0,0,0,,0,1,0.0,0,0,,0,0.0,0.0,0.0,0,0,0,0,0,Matches
1473,Yvon Mvogo,ch SUI,GK,Lorient,fr Ligue 1,31-149,1994,7.0,191,250,76.4,5047,3302,27,27,100.0,102,105,97.1,62,115,53.9,0,0.0,0.0,0.0,0,1,0,0,1,Matches
1474,Joel Mvuka,no NOR,DFMF,Lorient,fr Ligue 1,22-355,2002,3.7,74,102,72.5,1044,175,47,58,81.0,22,30,73.3,2,7,28.6,0,0.1,0.1,-0.1,1,2,2,1,5,Matches
1475,Junior Mwanga,fr FRA,DFMF,Strasbourg,fr Ligue 1,22-175,2003,2.0,131,145,90.3,2225,672,58,60,96.7,62,68,91.2,9,13,69.2,0,0.1,0.1,-0.1,2,19,2,1,24,Matches
1476,Junior Mwanga,fr FRA,MFDF,Nantes,fr Ligue 1,22-175,2003,6.8,208,246,84.6,3935,1171,72,80,90.0,109,121,90.1,22,33,66.7,0,0.2,0.4,-0.2,6,14,3,0,28,Matches
1477,Phillipp Mwene,at AUT,DF,Mainz 05,de Bundesliga,31-277,1994,7.8,210,297,70.7,3857,1314,99,115,86.1,85,118,72.0,25,46,54.3,0,0.7,0.9,-0.7,9,14,10,6,26,Matches
1478,Vitaliy Mykolenko,ua UKR,DF,Everton,eng Premier League,26-157,1999,5.9,205,285,71.9,3473,1465,109,126,86.5,82,106,77.4,14,40,35.0,0,0.2,0.4,-0.2,2,23,7,0,31,Matches
1479,Joakim Mæhle,dk DEN,DFFW,Wolfsburg,de Bundesliga,28-166,1997,4.7,184,224,82.1,3060,972,88,96,91.7,78,91,85.7,13,20,65.0,1,1.0,1.1,0.0,6,13,2,1,15,Matches
1480,David Møller Wolfe,no NOR,MFDF,Wolves,eng Premier League,23-193,2002,1.7,35,63,55.6,534,284,21,29,72.4,12,23,52.2,2,8,25.0,1,0.3,0.2,+0.7,1,2,2,2,3,Matches
1481,Obite N'Dicka,ci CIV,DF,Roma,it Serie A,26-074,1999,8.4,452,498,90.8,8260,2627,159,172,92.4,260,272,95.6,27,42,64.3,0,0.1,0.1,-0.1,2,26,0,0,29,Matches
1482,Konan N'dri,ci CIV,FWMF,Lecce,it Serie A,25-006,2000,1.7,34,46,73.9,592,135,17,19,89.5,10,12,83.3,5,5,100.0,0,0.0,0.0,0.0,0,2,1,0,3,Matches
1483,Bilal Nadir,ma MAR,MFFW,Marseille,fr Ligue 1,21-339,2003,2.7,108,132,81.8,1415,225,59,66,89.4,35,41,85.4,3,8,37.5,3,0.9,1.0,+2.1,5,5,3,1,7,Matches
1484,Mahamadou Nagida,cm CMR,DF,Rennes,fr Ligue 1,20-127,2005,1.0,40,49,81.6,765,160,17,18,94.4,17,23,73.9,6,7,85.7,0,0.0,0.2,0.0,1,2,1,1,1,Matches
1485,Younes Namli,dk DEN,FWMF,Le Havre,fr Ligue 1,31-135,1994,2.5,56,90,62.2,1041,299,27,33,81.8,20,33,60.6,8,14,57.1,1,0.3,0.6,+0.7,3,3,4,2,7,Matches
1486,Sebastian Nanasi,se SWE,MF,Strasbourg,fr Ligue 1,23-170,2002,1.7,63,78,80.8,853,221,43,48,89.6,17,22,77.3,2,4,50.0,1,1.3,0.3,-0.3,3,6,4,0,14,Matches
1487,Nikolas Nartey,dk DEN,MFDF,Stuttgart,de Bundesliga,25-253,2000,2.0,77,98,78.6,1243,315,47,53,88.7,22,27,81.5,6,10,60.0,0,0.2,0.3,-0.2,3,5,2,0,6,Matches
1488,Natan,br BRA,DF,Betis,es La Liga,24-269,2001,10.0,439,501,87.6,8184,2573,163,169,96.4,237,259,91.5,36,67,53.7,0,0.2,0.1,-0.2,4,26,0,0,21,Matches
1489,Pau Navarro,es ESP,DF,Villarreal,es La Liga,20-191,2005,1.6,75,85,88.2,1252,372,32,33,97.0,42,44,95.5,1,5,20.0,0,0.0,0.1,0.0,0,7,1,1,4,Matches
1490,Roberto Navarro,es ESP,FWMF,Athletic Club,es La Liga,23-204,2002,4.6,112,151,74.2,1457,364,81,95,85.3,26,44,59.1,2,6,33.3,0,0.3,0.3,-0.3,6,8,7,2,11,Matches
1491,Corrie Ndaba,ie IRL,DFMF,Lecce,it Serie A,25-312,1999,0.8,29,32,90.6,462,157,18,18,100.0,9,10,90.0,2,4,50.0,0,0.0,0.0,0.0,0,2,1,0,5,Matches
1492,Michel Ndary Adopo,fr FRA,MF,Cagliari,it Serie A,25-106,2000,8.0,207,253,81.8,3171,924,107,125,85.6,85,100,85.0,9,18,50.0,1,0.8,0.2,+0.2,9,20,5,2,27,Matches
1493,Iliman Ndiaye,sn SEN,FW,Everton,eng Premier League,25-241,2000,8.5,186,244,76.2,2644,472,108,125,86.4,66,82,80.5,4,7,57.1,1,2.0,2.2,-1.0,13,6,8,3,13,Matches
1494,Rassoul Ndiaye,sn SEN,MF,Le Havre,fr Ligue 1,23-326,2001,6.4,159,192,82.8,2452,614,77,84,91.7,62,73,84.9,11,17,64.7,0,0.1,0.2,-0.1,2,14,3,1,25,Matches
1495,Quentin Ndjantou Mbitcha,fr FRA,MF,Paris S-G,fr Ligue 1,18-102,2007,2.3,105,129,81.4,1517,212,58,63,92.1,41,47,87.2,3,7,42.9,0,0.3,0.1,-0.3,3,6,1,0,7,Matches
1496,Cher Ndour,it ITA,MF,Fiorentina,it Serie A,21-098,2004,2.5,63,86,73.3,1041,273,34,42,81.0,23,33,69.7,5,8,62.5,0,0.0,0.0,0.0,0,7,1,0,8,Matches
1497,Dan Ndoye,ch SUI,FW,Nott'ham Forest,eng Premier League,25-008,2000,7.4,143,203,70.4,2228,463,83,99,83.8,46,64,71.9,9,17,52.9,1,0.6,0.7,+0.4,6,7,9,3,16,Matches
1498,Joseph Nduquidi,fr FRA,MF,Metz,fr Ligue 1,21-002,2004,0.1,2,4,50.0,25,4,1,1,100.0,1,2,50.0,0,1,0.0,0,0.0,0.0,0.0,0,0,0,0,0,Matches
1499,Paul Nebel,de GER,MF,Mainz 05,de Bundesliga,23-023,2002,6.6,230,307,74.9,3459,798,128,152,84.2,85,103,82.5,10,33,30.3,0,0.7,1.3,-0.7,11,9,11,7,19,Matches
1500,Kosta Nedeljković,rs SRB,DF,RB Leipzig,de Bundesliga,19-321,2005,0.1,2,2,100.0,27,2,1,1,100.0,1,1,100.0,0,0,,0,0.0,0.0,0.0,0,0,0,0,0,Matches
1501,Loïc Nego,hu HUN,DF,Le Havre,fr Ligue 1,34-291,1991,8.1,342,447,76.5,5808,2146,153,169,90.5,150,184,81.5,29,69,42.0,0,0.3,0.5,-0.3,4,27,6,4,34,Matches
1502,Dan Neil,eng ENG,MF,Sunderland,eng Premier League,23-324,2001,0.0,0,0,,0,0,0,0,,0,0,,0,0,,0,0.0,0.0,0.0,0,0,0,0,0,Matches
1503,Reiss Nelson,eng ENG,FW,Brentford,eng Premier League,25-327,1999,0.2,10,10,100.0,161,24,4,4,100.0,6,6,100.0,0,0,,0,0.0,0.0,0.0,0,2,0,0,2,Matches
1504,Victor Nelsson,dk DEN,DF,Hellas Verona,it Serie A,27-019,1998,9.0,246,282,87.2,4750,1710,74,83,89.2,145,155,93.5,22,38,57.9,0,0.0,0.0,0.0,0,7,0,0,10,Matches
1505,David Neres,br BRA,FWMF,Napoli,it Serie A,28-244,1997,4.5,129,175,73.7,1839,401,76,88,86.4,45,60,75.0,4,17,23.5,2,0.8,0.9,+1.2,8,6,6,2,15,Matches
1506,Martim Neto,pt POR,MF,Elche,es La Liga,22-292,2003,4.6,192,222,86.5,2683,721,108,113,95.6,64,71,90.1,6,14,42.9,2,1.3,0.8,+0.7,6,24,4,2,22,Matches
1507,Pedro Neto,pt POR,FW,Chelsea,eng Premier League,25-238,2000,8.4,225,308,73.1,3593,999,121,145,83.4,79,101,78.2,18,45,40.0,2,1.6,1.7,+0.4,15,10,14,4,27,Matches
1508,Luca Netz,de GER,DF,Gladbach,de Bundesliga,22-171,2003,2.7,88,118,74.6,1407,405,45,54,83.3,34,44,77.3,7,16,43.8,1,0.7,0.6,+0.3,5,2,3,3,0,Matches
1509,Manuel Neuer,de GER,GK,Bayern Munich,de Bundesliga,39-220,1986,8.0,274,337,81.3,7061,4783,55,55,100.0,125,128,97.7,90,147,61.2,0,0.0,0.0,0.0,0,8,0,0,2,Matches
1510,Florian Neuhaus,de GER,MFFW,Gladbach,de Bundesliga,28-231,1997,3.6,128,160,80.0,2169,835,65,74,87.8,49,61,80.3,11,16,68.8,1,0.4,1.0,+0.6,6,16,7,0,24,Matches
1511,João Neves,pt POR,MF,Paris S-G,fr Ligue 1,21-036,2004,3.2,284,297,95.6,4547,646,144,153,94.1,116,117,99.1,19,19,100.0,0,0.3,0.4,-0.3,3,22,4,0,21,Matches
1512,Yvan Neyou,cm CMR,MF,Getafe,es La Liga,28-303,1997,0.7,13,15,86.7,223,45,5,5,100.0,5,6,83.3,2,3,66.7,0,0.0,0.0,0.0,0,2,0,0,3,Matches
1513,Cyril Ngonge,be BEL,FW,Torino,it Serie A,25-160,2000,6.1,100,151,66.2,1846,460,43,62,69.4,44,56,78.6,10,17,58.8,1,0.3,0.3,+0.7,8,12,7,2,21,Matches
1514,Mikayil Ngor Faye,sn SEN,DFFW,Cremonese,it Serie A,21-111,2004,1.4,46,56,82.1,775,327,20,21,95.2,22,26,84.6,3,4,75.0,0,0.0,0.0,0.0,0,1,0,0,3,Matches
1515,Mikayil Ngor Faye,sn SEN,DF,Rennes,fr Ligue 1,21-111,2004,0.1,7,9,77.8,158,90,0,1,0.0,6,7,85.7,1,1,100.0,0,0.0,0.0,0.0,0,1,0,0,1,Matches
1516,Nathan Ngoy,be BEL,DF,Lille,fr Ligue 1,22-145,2003,8.3,461,511,90.2,9173,2567,108,126,85.7,318,328,97.0,33,48,68.8,1,0.9,0.5,+0.1,3,29,1,1,27,Matches
1517,Bernard Nguene,cm CMR,FW,Nice,fr Ligue 1,19-090,2006,0.8,10,15,66.7,115,0,7,9,77.8,1,1,100.0,1,1,100.0,0,0.0,0.0,0.0,0,0,0,0,0,Matches
1518,Rio Ngumoha,eng ENG,FWMF,Liverpool,eng Premier League,17-065,2008,0.4,12,13,92.3,167,17,8,8,100.0,4,5,80.0,0,0,,0,0.1,0.1,-0.1,2,0,0,0,0,Matches
1519,Moussa Niakhate,sn SEN,DF,Lyon,fr Ligue 1,29-239,1996,9.2,609,682,89.3,10886,4703,246,253,97.2,311,337,92.3,43,75,57.3,1,0.2,0.3,+0.8,6,42,3,0,43,Matches
1520,Abdoulaye Niakhate Ndiaye,sn SEN,DF,Parma,it Serie A,23-206,2002,4.5,199,239,83.3,3800,808,66,74,89.2,115,126,91.3,17,35,48.6,0,0.0,0.0,0.0,1,8,0,0,9,Matches
1521,Tanguy Nianzou,fr FRA,DF,Sevilla,es La Liga,23-148,2002,2.4,104,115,90.4,2196,862,26,29,89.7,66,67,98.5,10,15,66.7,0,0.0,0.0,0.0,0,7,0,0,6,Matches
1522,Cheikh Niasse,sn SEN,MFDF,Hellas Verona,it Serie A,25-287,2000,1.4,48,61,78.7,756,136,28,36,77.8,15,16,93.8,5,8,62.5,0,0.2,0.0,-0.2,1,1,0,0,2,Matches
1523,Rasmus Nicolaisen,dk DEN,DF,Toulouse,fr Ligue 1,28-231,1997,7.6,234,285,82.1,4363,1319,83,94,88.3,135,159,84.9,14,28,50.0,0,0.1,0.3,-0.1,1,13,1,0,20,Matches
1524,Moritz Nicolas,de GER,GK,Gladbach,de Bundesliga,28-012,1997,9.0,232,297,78.1,6144,4581,54,54,100.0,110,110,100.0,68,131,51.9,0,0.1,0.0,-0.1,1,6,0,0,0,Matches
1525,Hans Nicolussi Caviglia,it ITA,MF,Fiorentina,it Serie A,25-137,2000,4.8,176,226,77.9,3140,1095,87,100,87.0,65,75,86.7,22,44,50.0,1,0.9,0.8,+0.1,8,21,2,0,19,Matches
1526,Julian Niehues,de GER,MF,Heidenheim,de Bundesliga,24-199,2001,3.5,90,116,77.6,1829,656,31,39,79.5,46,54,85.2,13,18,72.2,0,0.2,0.3,-0.2,1,10,1,1,9,Matches
1527,Oliver Nielsen,dk DEN,DF,Lazio,it Serie A,22-151,2003,2.5,125,138,90.6,2584,1032,37,39,94.9,69,76,90.8,19,20,95.0,0,0.2,0.0,-0.2,1,7,1,0,5,Matches
1528,Alieu Njie,se SWE,FW,Torino,it Serie A,20-172,2005,0.0,0,1,0.0,0,0,0,0,,0,0,,0,0,,0,0.0,0.0,0.0,0,0,0,0,0,Matches
1529,Justin Njinmah,de GER,FW,Werder Bremen,de Bundesliga,24-352,2000,4.6,70,103,68.0,917,142,41,54,75.9,18,28,64.3,4,10,40.0,0,0.2,0.2,-0.2,1,4,1,1,2,Matches
1530,Obed Nkambadio,fr FRA,GK,Paris FC,fr Ligue 1,22-268,2003,9.0,306,378,81.0,7040,4673,76,76,100.0,162,162,100.0,66,138,47.8,0,0.0,0.0,0.0,1,1,0,0,0,Matches
1531,Eddie Nketiah,eng ENG,MFFW,Crystal Palace,eng Premier League,26-156,1999,1.2,19,23,82.6,307,58,11,11,100.0,7,10,70.0,1,1,100.0,0,0.8,0.4,-0.8,4,2,0,0,2,Matches
1532,Niels Nkounkou,fr FRA,DFMF,Torino,it Serie A,25-001,2000,1.9,55,73,75.3,1004,359,18,19,94.7,27,35,77.1,7,13,53.8,1,0.4,0.2,+0.6,3,4,3,1,7,Matches
1533,Christopher Nkunku,fr FRA,FW,Milan,it Serie A,27-353,1997,1.2,38,46,82.6,548,90,22,23,95.7,11,15,73.3,2,2,100.0,0,0.0,0.1,0.0,0,3,1,1,5,Matches
1534,Felix Nmecha,de GER,MF,Dortmund,de Bundesliga,25-023,2000,6.8,256,307,83.4,4323,859,122,142,85.9,108,120,90.0,19,30,63.3,1,0.4,2.0,+0.6,4,25,4,0,31,Matches
1535,Lukas Nmecha,de GER,FW,Leeds United,eng Premier League,26-323,1998,2.3,31,45,68.9,374,31,20,24,83.3,7,11,63.6,1,1,100.0,0,0.0,0.0,0.0,0,0,0,0,2,Matches
1536,Arnaud Nordin,fr FRA,DFMF,Mainz 05,de Bundesliga,27-138,1998,4.0,123,161,76.4,1751,354,71,81,87.7,43,58,74.1,4,10,40.0,0,0.3,0.5,-0.3,3,3,4,2,9,Matches
1537,Brooke Norton-Cuffy,eng ENG,DFFW,Genoa,it Serie A,21-294,2004,9.0,336,419,80.2,5488,2053,161,176,91.5,145,186,78.0,22,39,56.4,1,0.6,0.8,+0.4,7,18,7,5,21,Matches
1538,Tijjani Noslin,nl NED,FWMF,Lazio,it Serie A,26-118,1999,0.5,8,12,66.7,72,5,8,12,66.7,0,0,,0,0,,0,0.0,0.0,0.0,0,0,0,0,0,Matches
1539,Randy Nteka,ao ANG,FW,Rayo Vallecano,es La Liga,27-331,1997,0.4,7,11,63.6,75,10,4,4,100.0,1,3,33.3,0,1,0.0,0,0.0,0.0,0.0,0,0,0,0,1,Matches
1540,Alexander Nübel,de GER,GK,Stuttgart,de Bundesliga,29-033,1996,9.0,286,346,82.7,7807,5525,41,41,100.0,161,163,98.8,82,138,59.4,1,0.6,0.0,+0.4,2,12,0,0,0,Matches
1541,Matheus Nunes,pt POR,DF,Manchester City,eng Premier League,27-067,1998,5.7,445,498,89.4,6905,1448,241,256,94.1,179,192,93.2,18,33,54.5,0,0.2,0.3,-0.2,2,35,3,0,29,Matches
1542,Álvaro Núñez,es ESP,DFFW,Elche,es La Liga,25-118,2000,9.9,524,592,88.5,8666,2658,270,288,93.8,196,217,90.3,45,64,70.3,0,0.7,1.0,-0.7,9,36,10,7,45,Matches
1543,Unai Núñez,es ESP,DF,Hellas Verona,it Serie A,28-276,1997,7.1,236,308,76.6,4568,1707,93,110,84.5,110,131,84.0,30,56,53.6,0,0.1,0.1,-0.1,2,24,2,0,30,Matches
1544,Antonio Nusa,no NOR,FW,RB Leipzig,de Bundesliga,20-199,2005,5.9,121,152,79.6,1631,403,78,88,88.6,30,39,76.9,5,10,50.0,1,1.3,1.4,-0.3,7,8,8,0,16,Matches
1545,Ethan Nwaneri,eng ENG,MF,Arsenal,eng Premier League,18-226,2007,1.9,78,88,88.6,1460,366,29,31,93.5,41,43,95.3,7,12,58.3,0,0.0,0.1,0.0,1,8,2,0,13,Matches
1546,Ørjan Nyland,no NOR,GK,Sevilla,es La Liga,35-053,1990,4.0,92,131,70.2,2640,1750,9,9,100.0,54,55,98.2,27,64,42.2,0,0.0,0.0,0.0,0,2,0,0,0,Matches
1547,Allan Nyom,cm CMR,FW,Getafe,es La Liga,37-176,1988,0.2,1,6,16.7,7,5,1,4,25.0,0,0,,0,2,0.0,0,0.0,0.0,0.0,0,1,0,0,0,Matches
1548,Rabby Nzingoula,fr FRA,MF,Strasbourg,fr Ligue 1,19-342,2005,0.0,2,3,66.7,29,14,2,2,100.0,0,0,,0,0,,0,0.0,0.0,0.0,1,0,1,0,1,Matches
1549,M'Bala Nzola,ao ANG,FW,Pisa,it Serie A,29-076,1996,6.6,90,113,79.6,1245,260,56,69,81.2,29,35,82.9,2,3,66.7,0,0.5,0.3,-0.5,10,12,4,0,13,Matches
1550,Christian Nørgaard,dk DEN,MF,Arsenal,eng Premier League,31-237,1994,0.2,5,7,71.4,64,27,3,3,100.0,2,4,50.0,0,0,,0,0.0,0.0,0.0,0,0,0,0,1,Matches
1551,Jake O'Brien,ie IRL,DF,Everton,eng Premier League,24-171,2001,8.7,253,380,66.6,4713,1766,110,131,84.0,116,172,67.4,26,55,47.3,0,0.1,0.2,-0.1,3,19,3,3,23,Matches
1552,Matt O'Riley,dk DEN,MF,Brighton,eng Premier League,24-346,2000,2.0,51,61,83.6,762,174,29,32,90.6,13,15,86.7,5,7,71.4,0,0.2,0.2,-0.2,4,5,1,1,5,Matches
1553,Matt O'Riley,dk DEN,MF,Marseille,fr Ligue 1,24-346,2000,6.4,331,371,89.2,4961,1048,169,184,91.8,122,132,92.4,17,26,65.4,1,2.4,1.8,-1.4,9,36,6,0,41,Matches
1554,Adam Obert,sk SVK,DF,Cagliari,it Serie A,23-071,2002,8.6,350,424,82.5,6274,2902,138,154,89.6,179,209,85.6,30,53,56.6,1,0.8,0.8,+0.2,4,31,3,1,37,Matches
1555,Jan Oblak,si SVN,GK,Atlético Madrid,es La Liga,32-299,1993,11.0,281,369,76.2,8453,6292,25,25,100.0,160,160,100.0,94,182,51.6,0,0.0,0.0,0.0,0,3,0,0,0,Matches
1556,Jens Odgaard,dk DEN,MF,Bologna,it Serie A,26-216,1999,4.0,60,79,75.9,890,145,32,36,88.9,22,29,75.9,2,6,33.3,1,0.7,0.6,+0.3,4,8,3,0,12,Matches
1557,Wilson Odobert,fr FRA,FW,Tottenham,eng Premier League,20-339,2004,3.7,106,126,84.1,1613,429,56,63,88.9,42,51,82.4,6,7,85.7,0,0.3,0.4,-0.3,3,11,6,1,17,Matches
1558,Álvaro Odriozola,es ESP,DF,Real Sociedad,es La Liga,29-323,1995,0.6,12,14,85.7,185,87,6,6,100.0,4,5,80.0,1,1,100.0,0,0.0,0.0,0.0,0,0,1,1,0,Matches
1559,Noah Okafor,ch SUI,FWMF,Leeds United,eng Premier League,25-162,2000,4.7,73,108,67.6,1402,442,27,35,77.1,32,47,68.1,11,19,57.9,0,0.4,0.4,-0.4,4,9,4,1,12,Matches
1560,David Okereke,ng NGA,FW,Cremonese,it Serie A,28-065,1997,0.9,5,9,55.6,37,5,4,7,57.1,0,1,0.0,0,0,,0,0.0,0.0,0.0,0,0,0,0,0,Matches
1561,Maduka Okoye,ng NGA,GK,Udinese,it Serie A,26-066,1999,4.0,93,140,66.4,3163,2696,10,10,100.0,43,43,100.0,40,87,46.0,0,0.0,0.0,0.0,0,2,0,0,0,Matches
1562,Olasagasti,es ESP,MF,Levante,es La Liga,25-078,2000,2.5,99,118,83.9,1678,545,57,64,89.1,29,33,87.9,12,17,70.6,0,0.4,0.3,-0.4,3,13,5,2,13,Matches
1563,Michael Olise,fr FRA,FWMF,Bayern Munich,de Bundesliga,23-325,2001,7.5,388,480,80.8,5255,1452,234,264,88.6,113,140,80.7,14,31,45.2,3,2.8,3.3,+0.2,18,28,24,3,48,Matches
1564,Mathías Olivera,uy URU,DF,Napoli,it Serie A,28-002,1997,3.8,189,214,88.3,2744,588,114,121,94.2,70,77,90.9,3,8,37.5,0,0.0,0.1,0.0,1,9,1,0,11,Matches
1565,Tuomas Ollila,fi FIN,DF,Paris FC,fr Ligue 1,25-192,2000,1.2,41,49,83.7,713,224,20,23,87.0,18,20,90.0,3,6,50.0,0,0.0,0.0,0.0,0,2,1,1,3,Matches
1566,Dani Olmo,es ESP,MF,Barcelona,es La Liga,27-179,1998,5.4,242,295,82.0,3255,785,155,179,86.6,73,82,89.0,6,15,40.0,2,1.5,2.3,+0.5,12,20,18,0,30,Matches
1567,Tani Oluwaseyi,ca CAN,FW,Villarreal,es La Liga,25-171,2000,3.7,26,40,65.0,352,67,16,21,76.2,10,13,76.9,0,1,0.0,1,1.0,0.1,0.0,3,1,1,0,3,Matches
1568,Warmed Omari,km COM,DF,Hamburger SV,de Bundesliga,25-193,2000,4.8,204,236,86.4,3947,1084,62,69,89.9,116,121,95.9,23,38,60.5,0,0.1,0.1,-0.1,3,6,2,0,13,Matches
1569,Andrew Omobamidele,ie IRL,DF,Strasbourg,fr Ligue 1,23-132,2002,2.2,165,170,97.1,2661,795,69,72,95.8,91,92,98.9,4,4,100.0,0,0.0,0.0,0.0,0,5,0,0,3,Matches
1570,Amadou Onana,be BEL,MF,Aston Villa,eng Premier League,24-078,2001,4.6,177,201,88.1,3245,884,70,74,94.6,87,99,87.9,18,23,78.3,0,0.0,0.1,0.0,1,14,3,0,19,Matches
1571,Jean Onana,cm CMR,MF,Genoa,it Serie A,25-298,2000,0.1,4,7,57.1,46,10,2,4,50.0,1,2,50.0,0,0,,0,0.0,0.0,0.0,1,2,0,0,1,Matches
1572,Frank Onyeka,ng NGA,MF,Brentford,eng Premier League,27-305,1998,1.0,28,36,77.8,384,160,18,19,94.7,9,12,75.0,1,2,50.0,1,0.1,0.4,+0.9,1,7,0,0,4,Matches
1573,Loïs Openda,be BEL,FWMF,Juventus,it Serie A,25-259,2000,3.2,62,89,69.7,869,185,41,54,75.9,16,20,80.0,3,8,37.5,0,0.1,0.3,-0.1,3,6,2,1,4,Matches
1574,Loïs Openda,be BEL,FW,RB Leipzig,de Bundesliga,25-259,2000,0.6,13,16,81.3,204,12,5,6,83.3,4,4,100.0,2,3,66.7,0,0.0,0.3,0.0,1,0,2,0,2,Matches
1575,Fredrik Oppegard,no NOR,DF,Auxerre,fr Ligue 1,23-087,2002,3.4,107,138,77.5,1607,433,63,72,87.5,34,44,77.3,6,15,40.0,0,0.1,0.3,-0.1,3,4,3,2,5,Matches
1576,Louis Oppie,de GER,DF,St. Pauli,de Bundesliga,23-169,2002,9.0,359,444,80.9,5426,1900,204,232,87.9,129,148,87.2,18,35,51.4,0,0.6,0.7,-0.6,4,33,5,2,31,Matches
1577,Gift Orban,ng NGA,FW,Hellas Verona,it Serie A,23-108,2002,6.5,61,105,58.1,927,232,35,52,67.3,20,30,66.7,3,10,30.0,0,0.2,0.2,-0.2,6,5,2,0,11,Matches
1578,Willi Orban,hu HUN,DF,RB Leipzig,de Bundesliga,32-364,1992,8.8,411,448,91.7,7576,1946,134,139,96.4,248,257,96.5,24,44,54.5,0,0.2,0.1,-0.2,2,16,1,0,16,Matches
1579,Christian Ordoñez,ar ARG,MFDF,Parma,it Serie A,21-101,2004,3.6,50,69,72.5,745,203,27,33,81.8,17,19,89.5,4,11,36.4,0,0.0,0.1,0.0,0,3,3,0,7,Matches
1580,Nehemiah Oriola,eng ENG,MF,Brighton,eng Premier League,18-144,2007,0.0,0,0,,0,0,0,0,,0,0,,0,0,,0,0.0,0.0,0.0,0,0,0,0,0,Matches
1581,Gaetano Oristanio,it ITA,MFFW,Parma,it Serie A,23-035,2002,1.8,22,30,73.3,317,82,10,11,90.9,8,10,80.0,1,4,25.0,0,0.3,0.2,-0.3,2,1,2,2,2,Matches
1582,Aimar Oroz,es ESP,FWMF,Osasuna,es La Liga,23-340,2001,3.5,113,136,83.1,1747,380,67,69,97.1,33,42,78.6,9,11,81.8,0,0.3,0.4,-0.3,6,7,4,0,16,Matches
1583,Riccardo Orsolini,it ITA,FW,Bologna,it Serie A,28-282,1997,6.5,82,144,56.9,1530,465,37,54,68.5,30,46,65.2,14,25,56.0,0,0.2,0.2,-0.2,5,8,9,0,17,Matches
1584,Ángel Ortíz,es ESP,DF,Betis,es La Liga,21-100,2004,1.1,37,46,80.4,498,185,24,27,88.9,13,15,86.7,0,2,0.0,0,0.0,0.0,0.0,0,2,0,0,2,Matches
1585,Asier Osambela,es ESP,DFMF,Osasuna,es La Liga,21-267,2004,1.6,64,80,80.0,946,283,33,40,82.5,25,27,92.6,2,7,28.6,0,0.1,0.1,-0.1,2,4,0,0,4,Matches
1586,Gabriel Osho,ng NGA,DF,Auxerre,fr Ligue 1,27-080,1998,1.5,70,77,90.9,1290,327,24,25,96.0,40,41,97.6,6,9,66.7,0,0.0,0.0,0.0,0,5,0,0,3,Matches
1587,Ibrahim Osman,gh GHA,MF,Auxerre,fr Ligue 1,20-338,2004,5.2,100,138,72.5,1448,355,55,65,84.6,32,43,74.4,7,12,58.3,2,0.9,0.6,+1.1,7,9,3,1,12,Matches
1588,Patrick Osterhage,de GER,MF,Freiburg,de Bundesliga,25-274,2000,3.9,102,123,82.9,1637,411,52,59,88.1,36,43,83.7,10,14,71.4,0,0.1,0.3,-0.1,1,7,2,0,11,Matches
1589,William Osula,dk DEN,FW,Newcastle Utd,eng Premier League,22-090,2003,1.9,18,21,85.7,249,32,12,14,85.7,6,6,100.0,0,0,,0,0.1,0.0,-0.1,1,1,0,0,2,Matches
1590,Sebastian Otoa,dk DEN,DF,Genoa,it Serie A,21-173,2004,0.5,6,7,85.7,133,12,2,2,100.0,3,3,100.0,1,2,50.0,0,0.0,0.0,0.0,0,0,0,0,0,Matches
1591,Abdoul Ouattara,fr FRA,DFMF,Strasbourg,fr Ligue 1,20-011,2005,7.6,254,296,85.8,3921,662,135,149,90.6,101,123,82.1,13,15,86.7,0,1.2,0.6,-1.2,2,15,6,2,27,Matches
1592,Dango Ouattara,bf BFA,FW,Brentford,eng Premier League,23-264,2002,6.1,63,131,48.1,773,255,40,59,67.8,15,37,40.5,2,15,13.3,0,0.7,0.4,-0.7,4,4,1,0,7,Matches
1593,Kassoum Ouattara,fr FRA,DFFW,Monaco,fr Ligue 1,21-019,2004,5.7,189,272,69.5,2876,848,99,115,86.1,74,107,69.2,8,24,33.3,3,2.0,1.7,+1.0,11,5,8,4,13,Matches
1594,Assan Ouedraogo,de GER,MF,RB Leipzig,de Bundesliga,19-177,2006,4.4,98,123,79.7,1548,463,50,61,82.0,35,39,89.7,8,13,61.5,2,1.5,0.9,+0.5,6,12,3,0,15,Matches
1595,Azzedine Ounahi,ma MAR,MFFW,Girona,es La Liga,25-197,2000,5.1,154,191,80.6,2397,623,76,87,87.4,63,74,85.1,10,17,58.8,0,0.8,0.8,-0.8,6,16,9,1,32,Matches
1596,Elisha Owusu,gh GHA,MF,Auxerre,fr Ligue 1,27-360,1997,9.2,247,307,80.5,4053,1228,110,124,88.7,107,129,82.9,18,29,62.1,0,0.2,0.3,-0.2,4,27,4,0,34,Matches
1597,Mikel Oyarzabal,es ESP,FW,Real Sociedad,es La Liga,28-195,1997,10.6,171,237,72.2,2639,555,94,117,80.3,57,80,71.3,11,15,73.3,2,2.9,1.9,-0.9,20,11,15,0,33,Matches
1598,Daniel Oyegoke,eng ENG,DF,Hellas Verona,it Serie A,22-303,2003,0.1,3,5,60.0,30,8,3,4,75.0,0,1,0.0,0,0,,0,0.0,0.0,0.0,0,0,0,0,0,Matches
1599,Salih Özcan,tr TUR,DFMF,Dortmund,de Bundesliga,27-295,1998,0.2,28,29,96.6,452,147,14,14,100.0,14,15,93.3,0,0,,0,0.0,0.1,0.0,0,5,1,0,5,Matches
1600,Berke Özer,tr TUR,GK,Lille,fr Ligue 1,25-161,2000,8.0,245,303,80.9,5940,3687,50,51,98.0,140,140,100.0,55,112,49.1,1,0.1,0.0,+0.9,1,4,0,0,0,Matches
1601,Cenk Özkacar,tr TUR,DFMF,Köln,de Bundesliga,25-027,2000,1.1,55,60,91.7,1073,428,19,21,90.5,28,28,100.0,8,10,80.0,0,0.0,0.0,0.0,0,7,0,0,6,Matches
1602,Nico O’Reilly,eng ENG,DFMF,Manchester City,eng Premier League,20-226,2005,5.6,278,332,83.7,3379,947,197,210,93.8,62,76,81.6,7,23,30.4,1,0.6,0.5,+0.4,6,10,4,2,11,Matches
1603,Jon Pacheco,es ESP,DF,Alavés,es La Liga,24-298,2001,4.7,199,237,84.0,3666,1428,84,90,93.3,95,106,89.6,18,37,48.6,0,0.0,0.1,0.0,1,17,2,0,16,Matches
1604,Willian Pacho,ec ECU,DF,Paris S-G,fr Ligue 1,24-017,2001,5.3,416,429,97.0,7052,2280,169,173,97.7,224,230,97.4,18,20,90.0,0,0.1,0.1,-0.1,2,23,2,0,15,Matches
1605,Kendry Páez,ec ECU,FWMF,Strasbourg,fr Ligue 1,18-182,2007,3.4,83,125,66.4,1246,408,45,56,80.4,30,40,75.0,5,17,29.4,0,0.2,0.7,-0.2,3,5,11,0,19,Matches
1606,Pablo Pagis,fr FRA,MFFW,Lorient,fr Ligue 1,22-308,2002,4.2,112,163,68.7,1866,469,61,74,82.4,35,44,79.5,12,28,42.9,0,0.4,0.2,-0.4,5,14,1,1,9,Matches
1607,Igor Paixão,br BRA,FWMF,Marseille,fr Ligue 1,25-127,2000,5.4,184,225,81.8,2554,545,117,131,89.3,52,64,81.3,9,13,69.2,1,0.1,0.3,+0.9,3,11,7,0,14,Matches
1608,Exequiel Palacios,ar ARG,MF,Leverkusen,de Bundesliga,27-028,1998,0.5,24,25,96.0,389,158,11,11,100.0,11,11,100.0,1,1,100.0,0,0.0,0.1,0.0,0,4,1,0,4,Matches
1609,Isaac Palazón Camacho,es ESP,FWMF,Rayo Vallecano,es La Liga,30-310,1994,8.5,240,333,72.1,4397,1355,110,126,87.3,98,121,81.0,29,66,43.9,2,1.7,1.3,+0.3,14,27,9,2,46,Matches
1610,Alberto Paleari,it ITA,GK,Torino,it Serie A,33-065,1992,2.0,43,65,66.2,1395,1077,6,6,100.0,19,19,100.0,18,40,45.0,0,0.0,0.0,0.0,0,3,0,0,0,Matches
1611,Marco Palestra,it ITA,DFFW,Cagliari,it Serie A,20-244,2005,7.2,181,238,76.1,2970,899,100,110,90.9,63,84,75.0,15,32,46.9,1,1.0,0.6,0.0,6,10,3,3,9,Matches
1612,João Palhinha,pt POR,MF,Tottenham,eng Premier League,30-116,1995,8.7,303,373,81.2,5267,1236,139,156,89.1,134,154,87.0,25,44,56.8,1,0.1,0.3,+0.9,2,23,1,0,25,Matches
1613,Matteo Palma,de GER,DF,Udinese,it Serie A,17-234,2008,0.7,25,30,83.3,432,173,12,14,85.7,10,12,83.3,2,2,100.0,0,0.0,0.1,0.0,0,2,2,0,5,Matches
1614,Cole Palmer,eng ENG,MF,Chelsea,eng Premier League,23-180,2002,1.6,40,53,75.5,617,158,20,24,83.3,17,21,81.0,3,5,60.0,0,0.0,0.1,0.0,1,3,2,0,11,Matches
1615,Emerson Palmieri,it ITA,DF,Marseille,fr Ligue 1,31-091,1994,6.4,419,478,87.7,6035,1803,222,234,94.9,159,181,87.8,18,37,48.6,1,0.8,0.8,+0.2,10,32,3,0,37,Matches
1616,Diego Pampín,es ESP,DF,Levante,es La Liga,25-232,2000,1.3,51,64,79.7,656,189,33,37,89.2,17,18,94.4,0,6,0.0,0,0.0,0.1,0.0,1,3,0,0,3,Matches
1617,Joaquín Panichelli,ar ARG,FW,Strasbourg,fr Ligue 1,23-026,2002,8.6,130,177,73.4,1440,174,90,109,82.6,25,33,75.8,1,4,25.0,0,1.4,0.4,-1.4,12,1,2,0,7,Matches
1618,Leart Paqarada,xk KVX,DF,Heidenheim,de Bundesliga,31-025,1994,0.1,2,2,100.0,48,37,0,0,,1,1,100.0,1,1,100.0,0,0.0,0.0,0.0,0,0,0,0,0,Matches
1619,Lucas Paquetá,br BRA,MFFW,West Ham,eng Premier League,28-067,1997,8.7,337,455,74.1,5306,1556,177,206,85.9,124,159,78.0,26,58,44.8,0,0.9,1.1,-0.9,13,38,12,2,60,Matches
1620,Victor Parada,es ESP,DF,Alavés,es La Liga,23-212,2002,3.5,95,131,72.5,1584,654,49,52,94.2,39,54,72.2,6,19,31.6,0,0.2,0.2,-0.2,4,3,3,3,7,Matches
1621,Aitor Paredes,es ESP,DF,Athletic Club,es La Liga,25-187,2000,6.1,326,369,88.3,6409,2182,90,98,91.8,206,218,94.5,28,46,60.9,0,0.0,0.1,0.0,0,22,1,0,36,Matches
1622,Daniel Parejo,es ESP,MF,Villarreal,es La Liga,36-200,1989,4.0,244,276,88.4,4596,1454,96,99,97.0,116,124,93.5,29,43,67.4,0,0.8,0.4,-0.8,6,31,2,0,26,Matches
1623,Fabiano Parisi,it ITA,DF,Fiorentina,it Serie A,24-358,2000,0.4,13,19,68.4,179,55,8,8,100.0,3,5,60.0,1,3,33.3,0,0.0,0.0,0.0,0,3,0,0,1,Matches
1624,Thomas Partey,gh GHA,MF,Villarreal,es La Liga,32-142,1993,5.3,236,277,85.2,3928,1021,116,126,92.1,99,115,86.1,17,28,60.7,0,0.0,0.2,0.0,2,23,1,0,17,Matches
1625,Mario Pašalić,hr CRO,MF,Atalanta,it Serie A,30-266,1995,9.0,490,556,88.1,9486,2978,181,199,91.0,246,270,91.1,59,73,80.8,2,1.9,0.7,+0.1,16,58,11,0,56,Matches
1626,Patric,es ESP,MF,Lazio,it Serie A,32-199,1993,0.1,5,7,71.4,91,0,2,4,50.0,2,2,100.0,1,1,100.0,0,0.0,0.0,0.0,0,0,0,0,0,Matches
1627,Bradley Paul Burrowes,eng ENG,DF,Aston Villa,eng Premier League,17-243,2008,0.2,3,8,37.5,65,4,1,2,50.0,1,1,100.0,1,3,33.3,0,0.0,0.0,0.0,0,0,0,0,0,Matches
1628,Benjamin Pavard,fr FRA,DF,Inter,it Serie A,29-219,1996,1.0,82,86,95.3,1368,432,38,38,100.0,40,40,100.0,4,6,66.7,0,0.0,0.0,0.0,1,2,0,0,5,Matches
1629,Benjamin Pavard,fr FRA,DF,Marseille,fr Ligue 1,29-219,1996,6.1,407,439,92.7,7035,2356,172,181,95.0,207,218,95.0,22,31,71.0,1,1.1,0.5,-0.1,4,60,4,1,50,Matches
1630,Aleksandar Pavlovic,de GER,MF,Bayern Munich,de Bundesliga,21-183,2004,4.1,355,374,94.9,5490,1260,200,202,99.0,123,129,95.3,22,26,84.6,0,0.3,0.7,-0.3,2,39,3,0,21,Matches
1631,Strahinja Pavlović,rs SRB,DF,Milan,it Serie A,24-162,2001,8.2,467,527,88.6,8176,2668,202,217,93.1,229,245,93.5,32,53,60.4,1,0.4,0.5,+0.6,6,43,3,1,40,Matches
1632,Leonardo Pavoletti,it ITA,FW,Cagliari,it Serie A,36-341,1988,0.6,8,16,50.0,131,11,3,7,42.9,3,5,60.0,1,1,100.0,1,0.0,0.0,+1.0,1,0,0,0,2,Matches
1633,Martín Payero,ar ARG,MF,Cremonese,it Serie A,27-052,1998,4.7,101,142,71.1,1583,527,52,60,86.7,38,51,74.5,7,16,43.8,0,0.2,0.1,-0.2,3,9,4,1,18,Matches
1634,Nicolás Paz,ar ARG,MF,Como,it Serie A,21-055,2004,9.9,353,457,77.2,5193,1638,194,224,86.6,122,146,83.6,18,48,37.5,4,3.0,1.4,+1.0,26,43,12,1,58,Matches
1635,Marcus Pedersen,no NOR,DF,Torino,it Serie A,25-109,2000,5.0,124,184,67.4,2090,656,68,83,81.9,46,64,71.9,9,25,36.0,0,0.6,0.6,-0.6,4,7,5,3,7,Matches
1636,Alfonso Pedraza,es ESP,DFMF,Villarreal,es La Liga,29-207,1996,4.0,139,187,74.3,2435,635,56,68,82.4,73,91,80.2,7,18,38.9,1,0.9,0.7,+0.1,6,3,7,7,7,Matches
1637,Pedri,es ESP,MF,Barcelona,es La Liga,22-342,2002,9.4,823,907,90.7,13905,3843,376,398,94.5,381,401,95.0,53,69,76.8,1,2.0,2.6,-1.0,25,114,27,2,107,Matches
1638,Pedro,es ESP,FW,Lazio,it Serie A,38-097,1987,3.4,123,149,82.6,1922,382,65,75,86.7,40,47,85.1,11,15,73.3,1,0.4,0.3,+0.6,7,10,4,0,17,Matches
1639,Zé Pedro Figueiredo,pt POR,DF,Cagliari,it Serie A,28-149,1997,3.9,194,222,87.4,3567,1132,62,66,93.9,125,132,94.7,7,22,31.8,0,0.0,0.1,0.0,0,9,2,0,11,Matches
1640,Adrià Pedrosa,es ESP,DF,Elche,es La Liga,27-173,1998,2.7,87,115,75.7,1344,458,47,49,95.9,32,44,72.7,5,13,38.5,0,0.4,0.4,-0.4,5,7,0,0,8,Matches
1641,Adrià Pedrosa,es ESP,DF,Sevilla,es La Liga,27-173,1998,0.1,9,11,81.8,157,28,2,2,100.0,6,7,85.7,1,1,100.0,0,0.0,0.0,0.0,1,0,1,1,1,Matches
1642,Dženan Pejčinović,de GER,FW,Wolfsburg,de Bundesliga,20-260,2005,2.5,31,47,66.0,388,37,17,24,70.8,6,11,54.5,2,2,100.0,0,0.0,0.0,0.0,0,3,0,0,3,Matches
1643,Lorenzo Pellegrini,it ITA,MF,Roma,it Serie A,29-136,1996,3.0,101,150,67.3,1568,367,46,58,79.3,39,53,73.6,8,20,40.0,0,0.3,0.4,-0.3,4,5,3,0,18,Matches
1644,Luca Pellegrini,it ITA,DF,Lazio,it Serie A,26-240,1999,2.8,101,140,72.1,1897,822,39,49,79.6,48,60,80.0,12,18,66.7,0,0.2,0.2,-0.2,3,4,1,0,8,Matches
1645,Mateo Pellegrino,ar ARG,FW,Parma,it Serie A,24-246,2001,8.4,75,129,58.1,1083,163,41,63,65.1,27,43,62.8,3,8,37.5,0,0.5,0.2,-0.5,8,6,1,0,10,Matches
1646,Faris Pemi Moumbagna,cm CMR,FW,Cremonese,it Serie A,25-124,2000,0.2,0,2,0.0,0,0,0,0,,0,0,,0,0,,0,0.0,0.0,0.0,0,0,0,0,0,Matches
1647,Iñaki Peña ,es ESP,GK,Elche,es La Liga,26-245,1999,5.0,263,343,76.7,5415,3567,88,89,98.9,130,130,100.0,43,121,35.5,0,0.0,0.0,0.0,0,5,0,0,0,Matches
1648,Mike Penders,be BEL,GK,Strasbourg,fr Ligue 1,20-094,2005,9.0,336,398,84.4,7063,4054,106,106,100.0,178,185,96.2,49,103,47.6,0,0.0,0.0,0.0,0,5,0,0,0,Matches
1649,Nicolas Pépé,ci CIV,FWMF,Villarreal,es La Liga,30-157,1995,8.1,255,318,80.2,3768,1018,165,177,93.2,72,85,84.7,13,32,40.6,1,2.2,2.9,-1.2,25,9,20,1,42,Matches
1650,Kojo Peprah Oppong,gh GHA,DF,Nice,fr Ligue 1,21-151,2004,10.6,460,511,90.0,7068,2173,241,256,94.1,183,197,92.9,23,39,59.0,0,0.3,0.3,-0.3,6,40,3,1,42,Matches
1651,Peque,es ESP,MF,Sevilla,es La Liga,23-029,2002,2.1,74,98,75.5,1025,248,50,53,94.3,21,27,77.8,3,11,27.3,0,0.1,0.1,-0.1,3,13,3,0,6,Matches
1652,Mathias Pereira Lage,pt POR,FWMF,St. Pauli,de Bundesliga,28-337,1996,7.3,125,193,64.8,1836,483,66,84,78.6,37,59,62.7,11,29,37.9,1,0.7,0.5,+0.3,13,9,4,2,11,Matches
1653,Ayoze Pérez,es ESP,FW,Villarreal,es La Liga,32-096,1993,1.2,24,29,82.8,467,163,6,6,100.0,14,14,100.0,3,3,100.0,0,0.0,0.2,0.0,1,5,2,0,10,Matches
1654,Francisco Perez,es ESP,FWMF,Rayo Vallecano,es La Liga,23-054,2002,4.0,81,102,79.4,1196,260,49,57,86.0,28,34,82.4,3,5,60.0,0,1.2,0.9,-1.2,8,3,3,2,6,Matches
1655,Mattia Perin,it ITA,GK,Juventus,it Serie A,32-357,1992,1.0,18,18,100.0,430,279,6,6,100.0,7,7,100.0,5,5,100.0,0,0.0,0.0,0.0,0,1,0,0,0,Matches
1656,Romain Perraud,fr FRA,DF,Lille,fr Ligue 1,28-041,1997,7.9,421,509,82.7,6612,2415,231,244,94.7,162,189,85.7,21,47,44.7,1,1.7,1.6,-0.7,18,50,8,5,66,Matches
1657,Lucas Perri,br BRA,GK,Leeds United,eng Premier League,27-327,1997,5.0,113,197,57.4,3614,2710,14,14,100.0,49,50,98.0,50,133,37.6,0,0.0,0.0,0.0,0,4,0,0,0,Matches
1658,Máximo Perrone,ar ARG,MF,Como,it Serie A,22-299,2003,7.6,437,478,91.4,7196,1922,206,221,93.2,200,211,94.8,20,28,71.4,1,0.1,0.2,+0.9,5,23,1,0,27,Matches
1659,Prosper Peter,ng NGA,FW,Angers,fr Ligue 1,18-085,2007,5.8,54,72,75.0,762,191,29,41,70.7,21,24,87.5,1,2,50.0,0,0.3,0.3,-0.3,5,6,2,0,10,Matches
1660,Léo Pétrot,fr FRA,DF,Elche,es La Liga,28-201,1997,3.8,203,241,84.2,2719,764,134,147,91.2,56,70,80.0,7,13,53.8,0,0.2,0.1,-0.2,2,5,0,0,6,Matches
1661,Đorđe Petrović,rs SRB,GK,Bournemouth,eng Premier League,26-025,1999,9.0,208,291,71.5,5532,3541,38,38,100.0,113,113,100.0,57,137,41.6,0,0.0,0.0,0.0,0,6,0,0,0,Matches
1662,Giuseppe Pezzella,it ITA,DF,Cremonese,it Serie A,27-338,1997,7.0,149,217,68.7,2288,817,79,97,81.4,55,76,72.4,11,26,42.3,1,0.2,0.6,+0.8,3,9,5,5,16,Matches
1663,Immanuel Pherai,sr SUR,MF,Hamburger SV,de Bundesliga,24-191,2001,0.2,14,19,73.7,214,52,5,5,100.0,8,10,80.0,1,3,33.3,0,0.0,0.0,0.0,0,4,0,0,2,Matches
1664,Rayan Philippe,fr FRA,FWMF,Hamburger SV,de Bundesliga,25-010,2000,5.5,71,101,70.3,1145,262,33,41,80.5,26,34,76.5,9,19,47.4,0,0.8,0.9,-0.8,8,4,5,1,9,Matches
1665,Gabriele Piccinini,it ITA,MF,Pisa,it Serie A,24-210,2001,0.5,13,16,81.3,169,42,9,11,81.8,2,2,100.0,1,2,50.0,0,0.2,0.1,-0.2,2,1,0,0,2,Matches
1666,Roberto Piccoli,it ITA,FWMF,Fiorentina,it Serie A,24-279,2001,3.1,24,39,61.5,288,53,14,18,77.8,8,16,50.0,0,1,0.0,0,0.1,0.1,-0.1,2,2,0,0,2,Matches
1667,Charles Pickel,cd COD,MF,Espanyol,es La Liga,28-171,1997,2.8,61,77,79.2,928,215,38,45,84.4,21,24,87.5,2,3,66.7,0,0.0,0.0,0.0,1,2,0,0,4,Matches
1668,Jordan Pickford,eng ENG,GK,Everton,eng Premier League,31-240,1994,9.0,236,369,64.0,7593,5760,37,37,100.0,102,104,98.1,97,228,42.5,0,0.0,0.1,0.0,0,22,2,0,0,Matches
1669,Amos Pieper,de GER,DF,Werder Bremen,de Bundesliga,27-289,1998,3.0,165,200,82.5,3486,1210,41,45,91.1,100,103,97.1,22,46,47.8,0,0.0,0.1,0.0,0,8,0,0,16,Matches
1670,Marvin Pieringer,de GER,FWMF,Heidenheim,de Bundesliga,26-029,1999,0.5,10,16,62.5,133,22,7,10,70.0,3,6,50.0,0,0,,0,0.1,0.0,-0.1,2,2,0,0,1,Matches
1671,Nicholas Pierini,it ITA,FW,Sassuolo,it Serie A,27-088,1998,0.8,17,23,73.9,201,61,13,14,92.9,3,4,75.0,1,3,33.3,0,0.3,0.1,-0.3,3,2,0,0,0,Matches
1672,Santiago Pierotti,ar ARG,FWMF,Lecce,it Serie A,24-213,2001,6.2,100,141,70.9,1382,421,56,66,84.8,32,46,69.6,4,4,100.0,0,0.5,0.4,-0.5,6,14,3,0,18,Matches
1673,Balthazar Pierret,fr FRA,MF,Lecce,it Serie A,25-171,2000,0.3,11,16,68.8,151,29,5,7,71.4,3,6,50.0,1,1,100.0,0,0.0,0.0,0.0,0,1,0,0,1,Matches
1674,Andrea Pinamonti,it ITA,FW,Sassuolo,it Serie A,26-167,1999,8.3,80,128,62.5,1111,157,46,63,73.0,23,37,62.2,5,8,62.5,0,0.4,0.3,-0.4,5,5,2,1,3,Matches
1675,Lander Pinillos,es ESP,MF,Alavés,es La Liga,22-027,2003,0.0,1,2,50.0,11,1,1,1,100.0,0,0,,0,0,,0,0.0,0.0,0.0,0,0,0,0,0,Matches
1676,Ethan Pinnock,jm JAM,DF,Brentford,eng Premier League,32-157,1993,1.7,51,71,71.8,904,423,21,26,80.8,24,28,85.7,3,11,27.3,0,0.0,0.0,0.0,0,5,0,0,2,Matches
1677,Yeremi Pino,es ESP,MF,Crystal Palace,eng Premier League,23-013,2002,5.6,130,200,65.0,2298,718,63,80,78.8,44,65,67.7,19,38,50.0,0,1.2,0.9,-1.2,7,14,7,1,34,Matches
1678,Yeremi Pino,es ESP,MFFW,Villarreal,es La Liga,23-013,2002,1.8,77,102,75.5,1093,321,46,54,85.2,25,33,75.8,4,12,33.3,1,0.9,1.0,+0.1,6,2,7,2,18,Matches
1679,Jakub Piotrowski,pl POL,MF,Udinese,it Serie A,28-029,1997,4.4,107,131,81.7,1734,486,61,69,88.4,36,43,83.7,9,12,75.0,0,0.2,0.1,-0.2,4,14,2,0,12,Matches
1680,Joël Piroe,nl NED,FWMF,Leeds United,eng Premier League,26-092,1999,1.8,38,48,79.2,540,42,22,27,81.5,11,11,100.0,1,2,50.0,0,0.0,0.1,0.0,0,3,0,0,1,Matches
1681,Niccolò Pisilli,it ITA,MF,Roma,it Serie A,21-040,2004,0.5,36,41,87.8,630,206,14,16,87.5,20,20,100.0,2,5,40.0,0,0.1,0.0,-0.1,2,8,1,0,9,Matches
1682,Damián Pizarro,cl CHI,FW,Le Havre,fr Ligue 1,20-219,2005,0.3,2,3,66.7,45,9,1,2,50.0,0,0,,1,1,100.0,0,0.0,0.0,0.0,0,0,0,0,1,Matches
1683,Tommaso Pobega,it ITA,MF,Bologna,it Serie A,26-110,1999,1.8,38,47,80.9,689,131,16,17,94.1,18,20,90.0,3,6,50.0,0,0.0,0.0,0.0,0,1,0,0,2,Matches
1684,Ernest Poku,nl NED,MF,Leverkusen,de Bundesliga,21-278,2004,4.8,125,153,81.7,1833,276,70,81,86.4,45,52,86.5,4,6,66.7,1,0.7,1.5,+0.3,8,2,4,0,8,Matches
1685,Matteo Politano,it ITA,MFFW,Napoli,it Serie A,32-091,1993,7.7,245,340,72.1,4112,1083,120,136,88.2,106,143,74.1,17,44,38.6,1,1.7,1.9,-0.7,14,13,12,10,18,Matches
1686,Marin Pongračić,hr CRO,DF,Fiorentina,it Serie A,28-052,1997,8.0,379,433,87.5,7359,2800,115,126,91.3,216,231,93.5,43,66,65.2,0,0.1,0.1,-0.1,3,17,1,0,20,Matches
1687,Nick Pope,eng ENG,GK,Newcastle Utd,eng Premier League,33-197,1992,9.0,174,263,66.2,4529,2845,28,29,96.6,98,99,99.0,48,134,35.8,0,0.0,0.0,0.0,0,0,0,0,0,Matches
1688,Pedro Porro,es ESP,DF,Tottenham,eng Premier League,26-050,1999,8.9,371,536,69.2,7051,3183,159,175,90.9,161,200,80.5,47,142,33.1,1,1.2,1.2,-0.2,13,48,12,8,47,Matches
1689,Portu,es ESP,FWMF,Girona,es La Liga,33-165,1992,5.3,62,99,62.6,884,206,37,47,78.7,15,20,75.0,4,14,28.6,0,0.3,0.6,-0.3,3,2,0,0,6,Matches
1690,Stefan Posch,at AUT,DF,Como,it Serie A,28-172,1997,2.3,120,152,78.9,2268,786,42,43,97.7,65,75,86.7,12,25,48.0,0,0.1,0.2,-0.1,1,8,2,1,15,Matches
1691,Freddie Potts,eng ENG,MF,West Ham,eng Premier League,22-051,2003,1.5,78,97,80.4,1161,405,42,47,89.4,28,36,77.8,4,7,57.1,0,0.0,0.0,0.0,0,8,0,0,6,Matches
1692,Yussuf Poulsen,dk DEN,FW,Hamburger SV,de Bundesliga,31-140,1994,1.0,29,44,65.9,431,77,18,20,90.0,7,14,50.0,3,3,100.0,0,0.0,0.2,0.0,0,2,3,0,7,Matches
1693,Beñat Prados,es ESP,MF,Athletic Club,es La Liga,24-267,2001,0.9,37,49,75.5,602,163,21,28,75.0,13,16,81.3,3,3,100.0,0,0.1,0.0,-0.1,2,3,0,0,4,Matches
1694,Alexander Prass,at AUT,MFFW,Hoffenheim,de Bundesliga,24-160,2001,2.5,69,97,71.1,1001,246,41,47,87.2,22,32,68.8,3,9,33.3,0,0.1,0.3,-0.1,2,4,3,1,6,Matches
1695,Matteo Prati,it ITA,MF,Cagliari,it Serie A,21-309,2003,7.2,214,275,77.8,4262,1182,77,89,86.5,108,132,81.8,27,49,55.1,0,0.6,0.4,-0.6,5,20,2,1,14,Matches
1696,Abdón Prats,es ESP,FW,Mallorca,es La Liga,32-330,1992,0.7,7,9,77.8,100,16,2,3,66.7,4,5,80.0,0,0,,0,0.1,0.1,-0.1,2,1,0,0,1,Matches
1697,Grischa Prömel,de GER,MF,Hoffenheim,de Bundesliga,30-297,1995,1.8,83,96,86.5,1381,352,38,43,88.4,35,38,92.1,6,9,66.7,0,0.1,0.1,-0.1,1,6,3,1,9,Matches
1698,Ivan Provedel,it ITA,GK,Lazio,it Serie A,31-230,1994,9.0,223,323,69.0,6135,4227,35,35,100.0,112,115,97.4,76,173,43.9,0,0.0,0.0,0.0,0,4,0,0,0,Matches
1699,Javi Puado,es ESP,FWMF,Espanyol,es La Liga,27-161,1998,7.3,175,222,78.8,2838,676,88,106,83.0,67,84,79.8,12,21,57.1,0,0.8,0.8,-0.8,10,15,7,5,29,Matches
1700,Marc Pubill,es ESP,DF,Atlético Madrid,es La Liga,22-135,2003,0.3,16,17,94.1,280,38,7,7,100.0,5,5,100.0,2,3,66.7,0,0.0,0.0,0.0,1,2,1,1,0,Matches
1701,Cameron Puertas,ch SUI,MFFW,Werder Bremen,de Bundesliga,27-076,1998,4.8,140,186,75.3,2153,467,67,76,88.2,55,67,82.1,8,20,40.0,0,0.5,0.3,-0.5,2,10,1,0,15,Matches
1702,Christian Pulisic,us USA,FWMF,Milan,it Serie A,27-045,1998,3.6,129,150,86.0,2024,497,64,71,90.1,44,49,89.8,12,14,85.7,2,1.7,1.4,+0.3,13,8,9,2,17,Matches
1703,Arkadiusz Pyrka,pl POL,DF,St. Pauli,de Bundesliga,23-043,2002,3.9,196,243,80.7,2796,977,110,126,87.3,67,81,82.7,10,21,47.6,0,0.2,0.2,-0.2,4,6,10,1,17,Matches
1704,Jarell Quansah,eng ENG,DF,Leverkusen,de Bundesliga,22-277,2003,7.8,473,535,88.4,7711,2275,237,259,91.5,208,220,94.5,25,45,55.6,0,0.1,0.3,-0.1,3,41,0,0,30,Matches
1705,Leopold Querfeld,at AUT,DF,Union Berlin,de Bundesliga,21-317,2003,9.0,235,276,85.1,5578,2259,60,65,92.3,121,128,94.5,52,78,66.7,0,0.9,0.5,-0.9,8,21,6,0,21,Matches
1706,Dani Raba,es ESP,FW,Valencia,es La Liga,30-004,1995,2.6,74,98,75.5,1455,389,26,36,72.2,38,43,88.4,8,13,61.5,1,0.4,0.3,+0.6,2,11,4,0,20,Matches
1707,Adrien Rabiot,fr FRA,MF,Milan,it Serie A,30-213,1995,4.0,159,183,86.9,2388,684,84,91,92.3,62,74,83.8,6,9,66.7,1,0.1,0.1,+0.9,3,12,1,0,20,Matches
1708,Adrien Rabiot,fr FRA,MF,Marseille,fr Ligue 1,30-213,1995,1.0,42,50,84.0,588,132,28,28,100.0,10,13,76.9,1,4,25.0,0,0.3,0.5,-0.3,4,2,2,2,7,Matches
1709,Uroš Radaković,rs SRB,MFDF,Nantes,fr Ligue 1,31-216,1994,0.1,1,6,16.7,15,0,1,3,33.3,0,2,0.0,0,1,0.0,0,0.0,0.0,0.0,0,0,0,0,0,Matches
1710,Ionuț Radu,ro ROU,GK,Celta Vigo,es La Liga,28-158,1997,10.0,226,301,75.1,5269,3676,62,62,100.0,102,106,96.2,47,118,39.8,0,0.0,0.0,0.0,0,3,1,0,0,Matches
1711,Ugo Raghouber,fr FRA,FW,Lille,fr Ligue 1,22-112,2003,0.0,4,6,66.7,73,44,2,3,66.7,2,2,100.0,0,0,,0,0.0,0.0,0.0,0,0,0,0,2,Matches
1712,Antonio Raillo,es ESP,DF,Mallorca,es La Liga,34-025,1991,10.0,439,505,86.9,8537,2976,136,149,91.3,256,273,93.8,42,70,60.0,0,0.0,0.1,0.0,1,26,0,0,34,Matches
1713,Ylber Ramadani,al ALB,MF,Lecce,it Serie A,29-204,1996,8.7,322,389,82.8,5970,1673,127,140,90.7,150,174,86.2,39,64,60.9,0,0.1,0.4,-0.1,3,30,3,0,30,Matches
1714,Diant Ramaj,de GER,GK,Heidenheim,de Bundesliga,24-044,2001,9.0,353,504,70.0,11696,7368,19,19,100.0,165,165,100.0,169,317,53.3,0,0.0,0.0,0.0,0,22,0,0,0,Matches
1715,Largie Ramazani,be BEL,FWMF,Valencia,es La Liga,24-248,2001,1.0,24,35,68.6,379,116,8,11,72.7,15,19,78.9,0,2,0.0,1,0.5,0.4,+0.5,1,2,1,0,5,Matches
1716,Jacobo Ramón,es ESP,DF,Como,it Serie A,20-300,2005,7.0,393,428,91.8,7156,2318,161,168,95.8,198,211,93.8,28,40,70.0,0,0.1,0.1,-0.1,3,28,0,0,27,Matches
1717,Gonçalo Ramos,pt POR,FW,Paris S-G,fr Ligue 1,24-135,2001,6.8,109,140,77.9,1462,155,57,68,83.8,42,50,84.0,2,2,100.0,0,0.3,0.3,-0.3,6,4,0,0,2,Matches
1718,Guilherme Ramos,pt POR,DF,Hamburger SV,de Bundesliga,28-083,1997,0.2,18,26,69.2,352,44,3,8,37.5,15,17,88.2,0,0,,0,0.0,0.0,0.0,0,1,0,0,2,Matches
1719,Jacob Ramsey,eng ENG,MF,Newcastle Utd,eng Premier League,24-158,2001,0.9,39,43,90.7,544,111,22,24,91.7,16,17,94.1,1,1,100.0,0,0.3,0.1,-0.3,4,1,1,1,5,Matches
1720,Luca Ranieri,it ITA,DF,Fiorentina,it Serie A,26-193,1999,7.3,305,371,82.2,5134,2235,151,162,93.2,120,146,82.2,26,50,52.0,0,0.0,0.1,0.0,2,22,2,1,28,Matches
1721,Grant Ranos,am ARM,FWMF,Gladbach,de Bundesliga,22-105,2003,0.5,18,25,72.0,244,29,9,9,100.0,8,11,72.7,0,4,0.0,0,0.0,0.0,0.0,0,0,0,0,0,Matches
1722,Lilian Raolisoa,fr FRA,FWDF,Angers,fr Ligue 1,25-139,2000,6.2,147,224,65.6,2331,762,76,95,80.0,47,66,71.2,13,37,35.1,1,1.7,1.0,-0.7,9,9,6,3,20,Matches
1723,Raphinha,br BRA,FWMF,Barcelona,es La Liga,28-323,1996,4.2,170,217,78.3,2882,586,85,96,88.5,69,83,83.1,14,31,45.2,2,1.4,1.9,+0.6,12,11,8,1,14,Matches
1724,Marcus Rashford,eng ENG,FW,Barcelona,es La Liga,28-002,1997,7.2,254,321,79.1,3849,897,140,154,90.9,92,115,80.0,15,35,42.9,4,2.2,2.3,+1.8,20,8,14,1,24,Matches
1725,Giacomo Raspadori,it ITA,FW,Atlético Madrid,es La Liga,25-257,2000,1.6,46,61,75.4,762,105,24,28,85.7,16,20,80.0,5,10,50.0,0,0.5,0.6,-0.5,3,0,0,0,1,Matches
1726,Andrei Ratiu,ro ROU,DFMF,Rayo Vallecano,es La Liga,27-135,1998,11.0,483,588,82.1,7868,2543,246,272,90.4,197,228,86.4,31,59,52.5,1,1.0,0.9,0.0,8,26,14,5,50,Matches
1727,Raúl,es ESP,FW,Osasuna,es La Liga,24-364,2000,3.0,49,74,66.2,656,132,28,42,66.7,16,21,76.2,3,4,75.0,0,0.0,0.5,0.0,1,2,3,0,6,Matches
1728,David Raum,de GER,DF,RB Leipzig,de Bundesliga,27-194,1998,9.0,460,639,72.0,8960,4027,172,199,86.4,217,277,78.3,65,136,47.8,1,2.1,2.3,-1.1,26,37,4,1,34,Matches
1729,Federico Ravaglia,it ITA,GK,Bologna,it Serie A,25-356,1999,1.0,41,54,75.9,1169,772,3,3,100.0,27,27,100.0,11,24,45.8,0,0.0,0.0,0.0,0,1,0,0,0,Matches
1730,David Raya,es ESP,GK,Arsenal,eng Premier League,30-048,1995,10.0,251,356,70.5,6908,5015,54,54,100.0,128,130,98.5,69,172,40.1,0,0.1,0.1,-0.1,1,24,1,0,4,Matches
1731,Abde Rebbach,dz ALG,MFFW,Alavés,es La Liga,27-083,1998,4.2,126,181,69.6,1995,541,72,83,86.7,39,56,69.6,11,29,37.9,0,0.6,0.6,-0.6,9,16,5,2,17,Matches
1732,Federico Redondo,ar ARG,MF,Elche,es La Liga,22-288,2003,0.1,10,12,83.3,134,26,5,6,83.3,5,6,83.3,0,0,,0,0.0,0.0,0.0,0,0,0,0,0,Matches
1733,Alejandro Rego,es ESP,MFFW,Athletic Club,es La Liga,22-144,2003,1.2,41,47,87.2,706,149,22,23,95.7,14,15,93.3,5,5,100.0,0,0.0,0.1,0.0,1,4,1,0,3,Matches
1734,Tijjani Reijnders,nl NED,MF,Manchester City,eng Premier League,27-096,1998,8.2,377,429,87.9,5340,1079,228,237,96.2,125,146,85.6,10,24,41.7,2,1.4,0.6,+0.6,9,33,5,0,37,Matches
1735,Alberto Reina,es ESP,MF,Oviedo,es La Liga,28-054,1997,5.2,208,253,82.2,3613,1124,99,110,90.0,77,92,83.7,25,38,65.8,0,0.4,0.5,-0.4,3,16,3,2,31,Matches
1736,Vitor Reis,br BRA,DF,Girona,es La Liga,19-294,2006,8.9,443,492,90.0,7976,2669,174,188,92.6,227,239,95.0,35,48,72.9,0,0.8,0.2,-0.8,2,22,0,0,41,Matches
1737,Rocco Reitz,de GER,MF,Gladbach,de Bundesliga,23-157,2002,8.1,279,374,74.6,4794,1763,130,150,86.7,117,142,82.4,26,57,45.6,0,0.7,0.8,-0.7,10,42,9,1,42,Matches
1738,Nicolai Remberg,de GER,MF,Hamburger SV,de Bundesliga,25-136,2000,8.0,291,331,87.9,5402,1056,118,130,90.8,141,149,94.6,28,40,70.0,1,1.0,0.6,0.0,3,22,2,0,23,Matches
1739,Álex Remiro,es ESP,GK,Real Sociedad,es La Liga,30-223,1995,11.0,310,402,77.1,8590,6247,70,71,98.6,136,138,98.6,104,191,54.5,0,0.1,0.0,-0.1,2,17,0,0,2,Matches
1740,Devyne Rensch,nl NED,DF,Roma,it Serie A,22-288,2003,1.5,46,70,65.7,621,143,30,35,85.7,12,20,60.0,2,6,33.3,0,0.0,0.1,0.0,0,0,1,0,2,Matches
1741,Guillaume Restes,fr FRA,GK,Toulouse,fr Ligue 1,20-236,2005,10.0,180,270,66.7,5254,3853,36,39,92.3,75,79,94.9,66,147,44.9,0,0.0,0.0,0.0,1,5,0,0,0,Matches
1742,Elvis Rexhbeçaj,xk KVX,MFDF,Augsburg,de Bundesliga,28-001,1997,4.7,148,199,74.4,2377,800,78,91,85.7,52,66,78.8,14,29,48.3,0,0.1,0.1,-0.1,3,14,2,0,19,Matches
1743,Oriol Rey,es ESP,MF,Levante,es La Liga,27-250,1998,6.4,191,234,81.6,3173,964,90,101,89.1,78,89,87.6,18,28,64.3,0,0.1,0.2,-0.1,2,17,3,2,15,Matches
1744,Gio Reyna,us USA,MF,Gladbach,de Bundesliga,22-354,2002,1.5,52,70,74.3,784,243,32,38,84.2,12,17,70.6,5,7,71.4,0,0.1,0.2,-0.1,2,5,3,0,11,Matches
1745,Alexsandro Ribeiro,br BRA,DF,Lille,fr Ligue 1,26-085,1999,3.5,250,279,89.6,5210,1632,51,57,89.5,177,186,95.2,22,31,71.0,0,0.0,0.0,0.0,0,6,0,0,8,Matches
1746,Samuele Ricci,it ITA,MF,Milan,it Serie A,24-073,2001,3.7,172,185,93.0,3273,623,67,74,90.5,80,80,100.0,24,27,88.9,1,0.3,0.3,+0.7,4,20,4,1,19,Matches
1747,Declan Rice,eng ENG,MF,Arsenal,eng Premier League,26-292,1999,8.9,548,648,84.6,9868,2511,230,251,91.6,255,274,93.1,53,105,50.5,2,1.6,2.0,+0.4,16,50,9,2,64,Matches
1748,Chris Richards,us USA,DF,Crystal Palace,eng Premier League,25-219,2000,10.0,304,388,78.4,5977,2201,95,110,86.4,181,206,87.9,26,64,40.6,0,0.3,0.8,-0.3,3,13,2,1,15,Matches
1749,Richarlison,br BRA,FW,Tottenham,eng Premier League,28-176,1997,6.1,51,88,58.0,782,220,32,45,71.1,9,18,50.0,6,8,75.0,2,1.3,0.6,+0.7,6,4,1,0,9,Matches
1750,Diego Rico,es ESP,DF,Getafe,es La Liga,32-252,1993,9.9,270,401,67.3,4714,2466,128,152,84.2,114,151,75.5,24,72,33.3,0,0.5,0.6,-0.5,5,43,6,3,38,Matches
1751,Clemens Riedel,de GER,DF,Espanyol,es La Liga,22-106,2003,4.5,220,244,90.2,4287,1629,71,78,91.0,122,125,97.6,26,39,66.7,1,0.0,0.1,+1.0,1,13,3,1,14,Matches
1752,Fabian Rieder,ch SUI,MF,Rennes,fr Ligue 1,23-259,2002,1.5,29,37,78.4,484,74,13,15,86.7,14,15,93.3,2,3,66.7,0,0.2,0.0,-0.2,2,2,2,0,5,Matches
1753,Fabian Rieder,ch SUI,MF,Augsburg,de Bundesliga,23-259,2002,6.6,157,233,67.4,2503,803,85,103,82.5,55,77,71.4,15,42,35.7,2,1.3,1.4,+0.7,12,13,9,5,27,Matches
1754,Lasse Rieß,de GER,GK,Mainz 05,de Bundesliga,24-098,2001,2.2,51,72,70.8,1286,948,14,14,100.0,26,26,100.0,11,31,35.5,0,0.0,0.0,0.0,0,3,1,0,1,Matches
1755,Chris Rigg,eng ENG,MF,Sunderland,eng Premier League,18-137,2007,2.1,30,42,71.4,435,97,14,21,66.7,11,13,84.6,2,3,66.7,0,0.1,0.1,-0.1,2,1,2,0,3,Matches
1756,Hugo Rincón,es ESP,DFMF,Girona,es La Liga,22-279,2003,6.1,220,267,82.4,3099,957,121,130,93.1,84,103,81.6,6,16,37.5,0,0.7,0.4,-0.7,5,11,5,1,16,Matches
1757,Luis Rioja,es ESP,MFFW,Valencia,es La Liga,32-017,1993,9.2,230,320,71.9,3980,1077,118,140,84.3,87,115,75.7,22,41,53.7,3,1.4,1.5,+1.6,10,11,11,5,28,Matches
1758,Rodrigo Riquelme,es ESP,FWMF,Betis,es La Liga,25-214,2000,4.3,143,180,79.4,2044,539,93,103,90.3,37,45,82.2,8,14,57.1,1,1.4,0.9,-0.4,8,14,5,0,16,Matches
1759,Robin Risser,fr FRA,GK,Lens,fr Ligue 1,20-335,2004,10.0,232,308,75.3,6547,4294,39,39,100.0,109,113,96.5,84,156,53.8,0,0.0,0.0,0.0,1,3,0,0,0,Matches
1760,Mihailo Ristić,rs SRB,DFMF,Celta Vigo,es La Liga,30-002,1995,2.8,131,159,82.4,2250,572,50,51,98.0,74,85,87.1,6,15,40.0,0,0.1,0.0,-0.1,2,11,0,0,10,Matches
1761,Lars Ritzka,de GER,DF,St. Pauli,de Bundesliga,27-179,1998,2.7,106,136,77.9,2122,826,34,40,85.0,56,65,86.2,14,27,51.9,0,0.0,0.0,0.0,0,7,1,0,6,Matches
1762,Sergi Roberto,es ESP,MF,Como,it Serie A,33-268,1992,2.0,130,144,90.3,1855,346,77,81,95.1,40,47,85.1,6,7,85.7,0,0.1,0.1,-0.1,4,1,3,2,6,Matches
1763,Patrick Roberts,eng ENG,MFFW,Sunderland,eng Premier League,28-270,1997,0.3,17,21,81.0,192,50,11,12,91.7,3,4,75.0,1,1,100.0,0,0.0,0.0,0.0,0,3,0,0,1,Matches
1764,Andrew Robertson,sct SCO,DF,Liverpool,eng Premier League,31-236,1994,2.7,136,178,76.4,2257,801,74,85,87.1,54,68,79.4,7,22,31.8,0,0.5,0.5,-0.5,6,19,5,4,17,Matches
1765,Antonee Robinson,us USA,DF,Fulham,eng Premier League,28-086,1997,0.7,50,64,78.1,858,317,23,24,95.8,20,25,80.0,5,8,62.5,0,0.0,0.1,0.0,1,3,2,1,5,Matches
1766,Joel Roca,es ESP,FWMF,Girona,es La Liga,20-148,2005,6.3,120,153,78.4,1788,315,74,79,93.7,35,45,77.8,8,11,72.7,0,0.5,0.7,-0.5,6,4,8,0,15,Matches
1767,Marc Roca,es ESP,MF,Betis,es La Liga,28-341,1996,3.1,155,174,89.1,2437,566,82,90,91.1,57,63,90.5,11,15,73.3,0,0.1,0.1,-0.1,3,10,2,0,14,Matches
1768,Ryan Rodin,fr FRA,FW,Auxerre,fr Ligue 1,19-245,2006,0.1,3,3,100.0,39,12,2,2,100.0,1,1,100.0,0,0,,0,0.0,0.0,0.0,0,1,0,0,1,Matches
1769,Joe Rodon,wls WAL,DF,Leeds United,eng Premier League,28-011,1997,10.0,498,548,90.9,9570,3132,133,147,90.5,328,345,95.1,30,43,69.8,0,0.1,0.1,-0.1,2,27,0,0,44,Matches
1770,Rodri,es ESP,MF,Manchester City,eng Premier League,29-133,1996,3.2,209,241,86.7,3518,989,103,117,88.0,74,85,87.1,22,25,88.0,0,0.1,0.2,-0.1,3,19,1,0,19,Matches
1771,Álvaro Rodríguez,uy URU,FW,Elche,es La Liga,21-111,2004,5.1,79,114,69.3,1065,227,48,61,78.7,23,33,69.7,2,5,40.0,2,1.0,0.4,+1.0,7,5,2,0,6,Matches
1772,Damián Rodríguez,es ESP,MF,Celta Vigo,es La Liga,22-230,2003,1.7,108,118,91.5,1846,409,41,44,93.2,60,64,93.8,4,5,80.0,0,0.1,0.1,-0.1,2,10,0,0,11,Matches
1773,Dani Rodríguez,es ESP,MF,Mallorca,es La Liga,37-149,1988,0.8,15,23,65.2,211,53,8,10,80.0,5,8,62.5,1,3,33.3,0,0.0,0.0,0.0,1,2,0,0,1,Matches
1774,Guido Rodríguez,ar ARG,MF,West Ham,eng Premier League,31-204,1994,1.0,31,37,83.8,460,117,17,19,89.5,12,13,92.3,0,2,0.0,0,0.0,0.0,0.0,0,2,1,0,5,Matches
1775,Javi Rodríguez,es ESP,DF,Celta Vigo,es La Liga,22-129,2003,6.4,451,491,91.9,7505,1841,190,194,97.9,242,251,96.4,12,31,38.7,0,0.1,0.2,-0.1,3,40,5,0,37,Matches
1776,Jesus Rodríguez,es ESP,FW,Como,it Serie A,19-346,2005,4.8,97,129,75.2,1374,448,61,70,87.1,30,36,83.3,3,6,50.0,2,1.1,0.8,+0.9,10,7,5,0,16,Matches
1777,Ricardo Rodríguez,ch SUI,DF,Betis,es La Liga,33-069,1992,5.0,211,248,85.1,3235,1441,115,121,95.0,69,81,85.2,15,29,51.7,1,0.4,0.2,+0.6,4,10,5,4,16,Matches
1778,Rodrygo,br BRA,FWMF,Real Madrid,es La Liga,24-297,2001,2.8,147,176,83.5,1783,343,102,108,94.4,34,40,85.0,4,14,28.6,0,0.6,0.5,-0.6,5,11,4,0,12,Matches
1779,Robin Roefs,nl NED,GK,Sunderland,eng Premier League,22-289,2003,9.0,219,349,62.8,6434,4621,36,36,100.0,110,111,99.1,72,200,36.0,0,0.2,0.0,-0.2,2,13,1,0,0,Matches
1780,Morgan Rogers,eng ENG,MFFW,Aston Villa,eng Premier League,23-099,2002,9.9,188,267,70.4,2771,815,109,132,82.6,60,86,69.8,13,27,48.1,2,1.1,0.8,+0.9,9,14,9,0,28,Matches
1781,Merlin Röhl,de GER,MFFW,Everton,eng Premier League,23-120,2002,0.8,26,34,76.5,395,80,13,17,76.5,12,14,85.7,0,0,,0,0.1,0.0,-0.1,1,3,0,0,3,Matches
1782,Merlin Röhl,de GER,FWMF,Freiburg,de Bundesliga,23-120,2002,0.7,25,29,86.2,366,44,16,18,88.9,6,6,100.0,2,2,100.0,0,0.0,0.0,0.0,0,0,1,0,1,Matches
1783,Filippo Romagna,it ITA,DF,Sassuolo,it Serie A,28-160,1997,2.2,104,120,86.7,1962,530,39,40,97.5,53,55,96.4,11,20,55.0,0,0.0,0.0,0.0,0,3,0,0,2,Matches
1784,Alessio Romagnoli,it ITA,DF,Lazio,it Serie A,30-294,1995,7.0,335,362,92.5,5570,2066,144,151,95.4,168,179,93.9,17,24,70.8,0,0.0,0.2,0.0,1,11,0,0,10,Matches
1785,Leo Román,es ESP,GK,Mallorca,es La Liga,25-119,2000,10.0,223,335,66.6,6844,5598,35,35,100.0,103,104,99.0,84,195,43.1,0,0.0,0.0,0.0,0,7,0,0,1,Matches
1786,Miguel Román,es ESP,MF,Celta Vigo,es La Liga,22-311,2002,1.8,79,89,88.8,1442,360,32,33,97.0,38,42,90.5,7,10,70.0,0,0.0,0.0,0.0,1,15,0,0,12,Matches
1787,Carlos Romero,es ESP,DF,Espanyol,es La Liga,24-004,2001,9.7,282,359,78.6,5017,2049,124,139,89.2,124,153,81.0,26,43,60.5,1,1.2,1.5,-0.2,8,28,10,5,28,Matches
1788,Cristian Romero,ar ARG,DF,Tottenham,eng Premier League,27-189,1998,7.3,397,447,88.8,7797,2964,117,128,91.4,241,259,93.1,35,51,68.6,1,0.2,0.2,+0.8,2,28,3,0,33,Matches
1789,Isaac Romero,es ESP,FW,Sevilla,es La Liga,25-168,2000,7.0,102,138,73.9,1526,225,62,73,84.9,21,32,65.6,13,15,86.7,0,0.4,0.2,-0.4,4,7,1,0,9,Matches
1790,Iván Romero,es ESP,FW,Levante,es La Liga,24-206,2001,7.7,103,159,64.8,1528,326,55,71,77.5,30,45,66.7,8,15,53.3,0,0.9,0.8,-0.9,8,6,4,1,13,Matches
1791,Rômulo,br BRA,FW,RB Leipzig,de Bundesliga,23-267,2002,7.9,132,191,69.1,1732,479,83,107,77.6,28,37,75.7,8,11,72.7,3,1.1,0.3,+1.9,8,8,5,0,17,Matches
1792,Salomón Rondón,ve VEN,FW,Oviedo,es La Liga,36-047,1989,6.3,86,131,65.6,1308,324,43,56,76.8,30,47,63.8,5,8,62.5,0,0.2,0.2,-0.2,5,10,1,0,11,Matches
1793,Valentin Rongier,fr FRA,MF,Rennes,fr Ligue 1,30-330,1994,8.5,471,535,88.0,7475,2018,216,234,92.3,216,238,90.8,21,33,63.6,0,0.7,0.7,-0.7,10,61,4,1,57,Matches
1794,Marten de Roon,nl NED,MF,Atalanta,it Serie A,34-218,1991,6.0,360,408,88.2,6618,2045,150,164,91.5,175,185,94.6,34,51,66.7,0,0.2,0.5,-0.2,3,45,8,1,37,Matches
1795,Pablo Rosario,do DOM,MF,Nice,fr Ligue 1,28-299,1997,0.3,15,17,88.2,197,89,11,11,100.0,4,5,80.0,0,0,,0,0.1,0.0,-0.1,1,2,0,0,2,Matches
1796,Max Rosenfelder,de GER,DF,Freiburg,de Bundesliga,22-265,2003,1.3,63,68,92.6,1242,462,22,24,91.7,35,36,97.2,6,7,85.7,0,0.0,0.0,0.0,0,2,0,0,3,Matches
1797,Valentin Rosier,fr FRA,DFMF,Osasuna,es La Liga,29-075,1996,6.8,242,322,75.2,3524,1135,140,156,89.7,82,114,71.9,12,40,30.0,1,0.6,0.7,+0.4,4,14,5,3,15,Matches
1798,Tom Rothe,de GER,DF,Union Berlin,de Bundesliga,21-004,2004,3.9,115,161,71.4,1887,735,54,65,83.1,45,58,77.6,10,25,40.0,0,0.2,0.3,-0.2,3,11,2,0,12,Matches
1799,Anthony Rouault,fr FRA,DF,Rennes,fr Ligue 1,24-157,2001,7.0,401,449,89.3,7435,3149,148,161,91.9,224,237,94.5,28,44,63.6,0,0.1,0.2,-0.1,3,51,1,0,49,Matches
1800,Nicolò Rovella,it ITA,MF,Lazio,it Serie A,23-333,2001,2.2,198,218,90.8,3427,1083,82,88,93.2,100,104,96.2,13,21,61.9,1,1.6,0.9,-0.6,9,26,3,0,16,Matches
1801,Jonathan Rowe,eng ENG,FWMF,Bologna,it Serie A,22-186,2003,1.6,47,56,83.9,775,164,26,26,100.0,17,20,85.0,4,6,66.7,0,0.0,0.2,0.0,0,5,6,1,10,Matches
1802,Jonathan Rowe,eng ENG,FW,Marseille,fr Ligue 1,22-186,2003,0.7,20,29,69.0,247,54,14,16,87.5,5,6,83.3,0,4,0.0,0,0.0,0.0,0.0,0,0,2,0,2,Matches
1803,Amir Rrahmani,xk KVX,DF,Napoli,it Serie A,31-251,1994,3.0,237,261,90.8,4529,1589,77,82,93.9,147,153,96.1,12,21,57.1,0,0.1,0.1,-0.1,2,11,2,0,29,Matches
1804,Rubén,es ESP,DF,Espanyol,es La Liga,24-271,2001,2.4,100,133,75.2,1774,729,47,49,95.9,44,54,81.5,8,25,32.0,0,0.0,0.1,0.0,1,11,4,1,17,Matches
1805,Antonio Rüdiger,de GER,DF,Real Madrid,es La Liga,32-244,1993,1.0,68,71,95.8,1229,343,25,26,96.2,36,37,97.3,6,7,85.7,0,0.0,0.0,0.0,0,3,0,0,4,Matches
1806,Javier Rueda Garcia,es ESP,DFMF,Celta Vigo,es La Liga,23-178,2002,4.2,152,207,73.4,2815,853,66,76,86.8,60,70,85.7,24,42,57.1,2,0.9,0.9,+1.1,3,9,2,0,12,Matches
1807,Daniele Rugani,it ITA,DF,Juventus,it Serie A,31-096,1994,1.9,77,89,86.5,1548,470,18,25,72.0,53,54,98.1,6,9,66.7,0,0.0,0.0,0.0,0,1,0,0,0,Matches
1808,Matteo Ruggeri,it ITA,DF,Atlético Madrid,es La Liga,23-114,2002,4.2,212,259,81.9,3448,887,108,116,93.1,83,103,80.6,14,23,60.9,0,0.1,0.4,-0.1,1,13,5,3,21,Matches
1809,Aitor Ruibal,es ESP,FWDF,Betis,es La Liga,29-225,1996,3.4,99,125,79.2,1320,390,60,66,90.9,28,39,71.8,3,8,37.5,0,0.3,0.6,-0.3,4,4,6,2,14,Matches
1810,Fabián Ruiz Peña,es ESP,MF,Paris S-G,fr Ligue 1,29-213,1996,4.2,408,447,91.3,6488,2063,221,230,96.1,143,153,93.5,32,45,71.1,1,0.4,0.8,+0.6,6,61,11,1,46,Matches
1811,Gerónimo Rulli,ar ARG,GK,Marseille,fr Ligue 1,33-166,1992,9.0,245,309,79.3,6158,4292,63,63,100.0,105,108,97.2,73,133,54.9,0,0.0,0.0,0.0,0,6,0,0,1,Matches
1812,Georginio Rutter,fr FRA,FWMF,Brighton,eng Premier League,23-196,2002,6.7,102,146,69.9,1786,638,46,58,79.3,41,50,82.0,11,20,55.0,2,1.8,1.2,+0.2,8,16,6,0,29,Matches
1813,Mathew Ryan,au AUS,GK,Levante,es La Liga,33-208,1992,8.0,184,261,70.5,5730,4121,23,23,100.0,87,87,100.0,74,151,49.0,0,0.0,0.0,0.0,0,2,0,0,0,Matches
1814,Julian Ryerson,no NOR,DFMF,Dortmund,de Bundesliga,27-350,1997,4.8,278,353,78.8,4531,1471,133,142,93.7,113,137,82.5,20,51,39.2,3,2.5,2.1,+0.5,14,27,10,5,33,Matches
1815,Frederik Rønnow,dk DEN,GK,Union Berlin,de Bundesliga,33-090,1992,9.0,162,297,54.5,5423,4198,19,20,95.0,75,76,98.7,68,199,34.2,0,0.0,0.0,0.0,0,8,0,0,0,Matches
1816,Alexander Røssing-Lelesiit,no NOR,FWMF,Hamburger SV,de Bundesliga,18-286,2007,2.2,31,37,83.8,504,111,13,14,92.9,11,12,91.7,4,7,57.1,0,0.2,0.2,-0.2,1,0,1,1,1,Matches
1817,José Sá,pt POR,GK,Wolves,eng Premier League,32-289,1993,4.0,89,131,67.9,2683,2098,13,13,100.0,47,48,97.9,28,69,40.6,0,0.1,0.0,-0.1,1,3,1,0,0,Matches
1818,Elias Saad,tn TUN,MFFW,Augsburg,de Bundesliga,25-310,1999,5.1,115,156,73.7,1482,279,79,95,83.2,34,42,81.0,1,6,16.7,0,0.7,0.4,-0.7,12,6,2,0,10,Matches
1819,Stefano Sabelli,it ITA,DF,Genoa,it Serie A,32-293,1993,2.8,94,142,66.2,1679,775,41,48,85.4,42,60,70.0,8,25,32.0,0,0.1,0.1,-0.1,2,11,1,0,6,Matches
1820,Abdelhamid Sabiri,ma MAR,MF,Fiorentina,it Serie A,28-339,1996,0.3,15,23,65.2,298,128,5,5,100.0,8,11,72.7,2,6,33.3,0,0.1,0.2,-0.1,3,1,0,0,2,Matches
1821,Marcel Sabitzer,at AUT,MF,Dortmund,de Bundesliga,31-230,1994,6.0,213,253,84.2,3311,1055,115,126,91.3,73,86,84.9,13,23,56.5,1,0.2,0.5,+0.8,4,29,6,4,42,Matches
1822,Noah Sadiki,cd COD,MF,Sunderland,eng Premier League,20-320,2004,8.9,269,318,84.6,4097,1010,142,155,91.6,100,113,88.5,16,27,59.3,0,0.2,0.4,-0.2,4,18,5,2,23,Matches
1823,Umar Sadiq,ng NGA,FW,Real Sociedad,es La Liga,28-273,1997,0.2,3,4,75.0,36,12,1,1,100.0,1,1,100.0,0,0,,0,0.0,0.0,0.0,0,0,0,0,0,Matches
1824,Alexis Saelemaekers,be BEL,DFFW,Milan,it Serie A,26-128,1999,8.6,369,455,81.1,5800,1394,205,229,89.5,140,165,84.8,18,35,51.4,1,0.8,1.1,+0.2,13,16,10,3,29,Matches
1825,Emir Sahiti,xk KVX,FW,Hamburger SV,de Bundesliga,26-338,1998,1.3,23,33,69.7,366,38,8,11,72.7,14,19,73.7,0,0,,0,0.0,0.0,0.0,1,2,1,0,1,Matches
1826,Osame Sahraoui,ma MAR,FWMF,Lille,fr Ligue 1,24-144,2001,1.7,76,102,74.5,1131,360,40,50,80.0,31,38,81.6,2,3,66.7,2,0.5,0.7,+1.5,7,8,8,0,23,Matches
1827,Wesley Saïd,fr FRA,MF,Lens,fr Ligue 1,30-197,1995,7.0,132,173,76.3,2066,646,75,88,85.2,45,59,76.3,7,14,50.0,2,2.1,1.3,-0.1,8,17,8,1,25,Matches
1828,Bukayo Saka,eng ENG,FW,Arsenal,eng Premier League,24-058,2001,6.6,167,237,70.5,2747,705,95,112,84.8,51,68,75.0,18,38,47.4,0,1.6,2.1,-1.6,15,2,12,2,13,Matches
1829,Mathis Saka,fr FRA,MF,Toulouse,fr Ligue 1,19-043,2006,0.1,2,5,40.0,38,21,0,2,0.0,2,3,66.7,0,0,,0,0.0,0.0,0.0,0,1,0,0,0,Matches
1830,Álex Sala,es ESP,MF,Lecce,it Serie A,24-207,2001,1.2,37,43,86.0,577,115,20,23,87.0,14,16,87.5,2,3,66.7,1,0.0,0.2,+1.0,1,5,2,2,6,Matches
1831,Ibrahim Salah,ma MAR,FW,Rennes,fr Ligue 1,24-064,2001,0.4,22,22,100.0,295,46,15,15,100.0,5,5,100.0,1,1,100.0,0,0.0,0.0,0.0,0,0,0,0,0,Matches
1832,Mohamed Salah,eg EGY,FW,Liverpool,eng Premier League,33-140,1992,9.9,207,303,68.3,3054,952,128,153,83.7,60,91,65.9,15,36,41.7,2,1.7,1.3,+0.3,17,9,21,4,37,Matches
1833,Jan Salas,es ESP,MF,Mallorca,es La Liga,20-084,2005,0.2,6,10,60.0,183,92,1,2,50.0,3,4,75.0,2,2,100.0,0,0.0,0.0,0.0,0,3,1,0,4,Matches
1834,Kike Salas,es ESP,DF,Sevilla,es La Liga,23-193,2002,4.0,254,308,82.5,5575,1874,53,55,96.4,170,190,89.5,31,55,56.4,0,0.0,0.1,0.0,1,23,1,0,22,Matches
1835,Manolis Saliakas,gr GRE,DF,St. Pauli,de Bundesliga,29-051,1996,5.0,277,369,75.1,4785,1422,136,151,90.1,116,138,84.1,24,63,38.1,1,0.2,0.6,+0.8,4,27,8,3,27,Matches
1836,William Saliba,fr FRA,DF,Arsenal,eng Premier League,24-223,2001,7.0,595,634,93.8,10236,2917,249,253,98.4,315,331,95.2,24,37,64.9,0,0.1,0.4,-0.1,1,28,1,0,32,Matches
1837,José Salinas,es ESP,DFFW,Espanyol,es La Liga,25-033,2000,0.5,5,14,35.7,100,42,1,5,20.0,3,7,42.9,1,1,100.0,0,0.0,0.0,0.0,0,0,1,0,1,Matches
1838,Mohammed Salisu,gh GHA,DF,Monaco,fr Ligue 1,26-199,1999,6.0,441,491,89.8,7720,3197,149,152,98.0,259,272,95.2,25,51,49.0,0,0.1,0.2,-0.1,1,21,0,0,24,Matches
1839,Lazar Samardzic,rs SRB,MF,Atalanta,it Serie A,23-251,2002,4.1,150,199,75.4,2651,770,72,82,87.8,47,53,88.7,25,45,55.6,1,1.2,0.9,-0.2,12,18,8,1,26,Matches
1840,Mbwana Samatta,tz TAN,FW,Le Havre,fr Ligue 1,32-314,1992,5.7,66,94,70.2,1003,218,34,41,82.9,23,30,76.7,5,8,62.5,0,0.3,0.6,-0.3,6,3,2,0,9,Matches
1841,Mama Samba Baldé,gw GNB,FW,Brest,fr Ligue 1,29-361,1995,3.9,59,83,71.1,761,104,39,45,86.7,14,21,66.7,3,9,33.3,1,0.5,0.5,+0.5,4,2,1,0,2,Matches
1842,Brice Samba,fr FRA,GK,Rennes,fr Ligue 1,31-191,1994,10.0,333,434,76.7,8448,5259,50,51,98.0,196,198,99.0,86,184,46.7,0,0.0,0.0,0.0,0,4,0,0,0,Matches
1843,Albert Sambi Lokonga,be BEL,MF,Hamburger SV,de Bundesliga,26-011,1999,2.6,87,103,84.5,1477,424,39,45,86.7,36,40,90.0,9,14,64.3,0,0.3,0.6,-0.3,5,10,2,1,14,Matches
1844,Antonio Sanabria,py PAR,FW,Cremonese,it Serie A,29-243,1996,4.2,41,51,80.4,519,97,24,28,85.7,11,12,91.7,1,3,33.3,1,1.0,0.0,0.0,1,3,0,0,5,Matches
1845,Oihan Sancet,es ESP,MF,Athletic Club,es La Liga,25-191,2000,6.9,163,202,80.7,2538,474,87,101,86.1,58,69,84.1,12,16,75.0,0,0.6,0.3,-0.6,10,18,6,0,25,Matches
1846,Alexis Sánchez,cl CHI,FWMF,Sevilla,es La Liga,36-318,1988,4.4,95,139,68.3,1535,590,50,65,76.9,30,39,76.9,11,21,52.4,1,0.4,0.6,+0.6,6,11,7,1,21,Matches
1847,Antonio Sánchez,es ESP,MFDF,Mallorca,es La Liga,28-305,1997,3.1,92,108,85.2,1550,469,41,44,93.2,42,47,89.4,7,13,53.8,0,0.0,0.1,0.0,0,8,1,0,10,Matches
1848,Juanlu Sánchez,es ESP,DFFW,Sevilla,es La Liga,22-079,2003,6.4,227,295,76.9,3582,1074,119,142,83.8,86,104,82.7,16,26,61.5,1,0.2,0.9,+0.8,4,14,7,3,19,Matches
1849,Borja Sánchez Laborde,es ESP,MF,Oviedo,es La Liga,29-249,1996,0.2,11,13,84.6,253,63,4,4,100.0,3,4,75.0,4,4,100.0,0,0.0,0.0,0.0,0,0,0,0,0,Matches
1850,Manu Sánchez,es ESP,DF,Levante,es La Liga,25-070,2000,8.6,225,306,73.5,3620,1126,112,137,81.8,102,120,85.0,9,35,25.7,1,1.0,0.4,0.0,8,12,7,4,28,Matches
1851,Robert Sánchez,es ESP,GK,Chelsea,eng Premier League,27-349,1997,9.0,262,389,67.4,6842,4860,49,50,98.0,137,139,98.6,70,192,36.5,0,0.1,0.0,-0.1,2,9,0,0,0,Matches
1852,Jadon Sancho,eng ENG,FW,Aston Villa,eng Premier League,25-222,2000,0.8,42,49,85.7,685,156,20,21,95.2,18,20,90.0,3,4,75.0,0,0.0,0.1,0.0,1,0,5,0,7,Matches
1853,Álex Sancris,es ESP,FWMF,Getafe,es La Liga,28-288,1997,3.4,55,94,58.5,862,220,32,43,74.4,18,27,66.7,4,14,28.6,1,0.6,0.7,+0.4,4,1,3,2,4,Matches
1854,Philipp Sander,de GER,MFDF,Gladbach,de Bundesliga,27-254,1998,6.7,316,366,86.3,5685,1691,124,137,90.5,151,164,92.1,34,53,64.2,0,0.1,0.4,-0.1,1,24,2,1,27,Matches
1855,James Sands,us USA,MF,St. Pauli,de Bundesliga,25-119,2000,7.3,268,344,77.9,3967,1150,147,173,85.0,97,117,82.9,11,21,52.4,0,0.3,0.4,-0.3,3,28,6,2,31,Matches
1856,Ibou Sané,sn SEN,FWMF,Metz,fr Ligue 1,20-219,2005,2.0,47,61,77.0,713,136,24,26,92.3,18,21,85.7,2,9,22.2,1,0.8,0.4,+0.2,1,2,1,0,10,Matches
1857,Sadibou Sané,sn SEN,DF,Metz,fr Ligue 1,21-145,2004,4.4,285,316,90.2,5599,1810,86,92,93.5,163,173,94.2,33,44,75.0,0,0.0,0.0,0.0,0,5,0,0,5,Matches
1858,Arouna Sangante,sn SEN,DF,Le Havre,fr Ligue 1,23-204,2002,8.7,469,524,89.5,9191,3088,114,125,91.2,321,334,96.1,28,52,53.8,0,0.1,0.4,-0.1,3,25,1,0,31,Matches
1859,Ibrahim Sangaré,ci CIV,MF,Nott'ham Forest,eng Premier League,27-335,1997,4.9,249,279,89.2,4184,1364,115,121,95.0,109,120,90.8,18,26,69.2,0,0.0,0.1,0.0,1,32,2,0,32,Matches
1860,Mamadou Sangare,ml MLI,MF,Lens,fr Ligue 1,23-129,2002,8.3,328,401,81.8,5678,1476,158,190,83.2,136,153,88.9,31,43,72.1,0,0.4,0.4,-0.4,7,31,3,0,46,Matches
1861,Nhoa Sangui,fr FRA,DF,Paris FC,fr Ligue 1,19-248,2006,3.7,178,207,86.0,2655,738,95,99,96.0,71,84,84.5,6,15,40.0,0,0.7,0.4,-0.7,5,7,5,3,12,Matches
1862,Maroan Sannadi,ma MAR,FW,Athletic Club,es La Liga,24-274,2001,2.9,46,65,70.8,617,100,24,33,72.7,15,17,88.2,2,3,66.7,0,0.6,0.1,-0.6,2,4,0,0,4,Matches
1863,Kaishu Sano,jp JPN,MF,Mainz 05,de Bundesliga,24-307,2000,9.0,287,361,79.5,4721,1711,142,173,82.1,113,130,86.9,21,33,63.6,1,1.1,1.1,-0.1,5,38,9,0,64,Matches
1864,Morgan Sanson,fr FRA,MF,Nice,fr Ligue 1,31-076,1994,2.2,46,57,80.7,732,208,25,26,96.2,18,24,75.0,2,5,40.0,1,0.7,0.3,+0.3,3,5,2,0,6,Matches
1865,Baptiste Santamaria,fr FRA,MF,Valencia,es La Liga,30-238,1995,7.0,273,334,81.7,4608,1589,132,139,95.0,111,129,86.0,23,36,63.9,1,1.0,0.7,0.0,4,34,3,0,32,Matches
1866,Yellu Santiago,es ESP,MF,Hellas Verona,it Serie A,21-161,2004,0.1,4,7,57.1,55,41,2,4,50.0,2,2,100.0,0,1,0.0,0,0.0,0.0,0.0,1,1,0,0,0,Matches
1867,Andrey Santos,br BRA,MF,Chelsea,eng Premier League,21-183,2004,2.5,95,117,81.2,1293,401,59,69,85.5,28,31,90.3,2,3,66.7,0,0.1,0.0,-0.1,3,14,1,0,13,Matches
1868,Kauã Santos,br BRA,GK,Eint Frankfurt,de Bundesliga,22-205,2003,4.0,113,163,69.3,2497,1604,20,20,100.0,78,78,100.0,15,64,23.4,0,0.0,0.0,0.0,0,0,0,0,1,Matches
1869,Tiago Santos,pt POR,DF,Lille,fr Ligue 1,23-102,2002,1.2,30,45,66.7,510,248,16,19,84.2,10,16,62.5,4,7,57.1,0,0.0,0.0,0.0,1,4,0,0,2,Matches
1870,Jeremy Sarmiento,ec ECU,MFFW,Cremonese,it Serie A,23-139,2002,1.4,43,50,86.0,675,137,21,24,87.5,15,16,93.8,4,5,80.0,0,0.2,0.1,-0.2,3,6,1,0,3,Matches
1871,Amin Sarr,se SWE,FW,Hellas Verona,it Serie A,24-236,2001,3.0,49,72,68.1,609,128,27,34,79.4,9,17,52.9,3,3,100.0,0,0.3,0.2,-0.3,5,5,1,1,5,Matches
1872,Ismaila Sarr,sn SEN,MFFW,Crystal Palace,eng Premier League,27-250,1998,7.8,103,152,67.8,1581,515,52,67,77.6,43,56,76.8,4,10,40.0,1,0.5,0.3,+0.5,6,10,6,0,26,Matches
1873,Malang Sarr,fr FRA,DF,Lens,fr Ligue 1,26-283,1999,9.0,339,393,86.3,6949,2486,115,125,92.0,174,185,94.1,48,72,66.7,0,0.0,0.1,0.0,0,31,0,0,27,Matches
1874,Mamadou Sarr,fr FRA,DF,Strasbourg,fr Ligue 1,20-065,2005,8.0,509,539,94.4,9145,3111,176,182,96.7,281,291,96.6,41,54,75.9,0,0.1,0.1,-0.1,1,22,0,0,17,Matches
1875,Martin Satriano,uy URU,FW,Lyon,fr Ligue 1,24-255,2001,3.1,63,69,91.3,1009,168,31,34,91.2,23,25,92.0,4,4,100.0,1,0.6,0.3,+0.4,4,3,3,1,9,Matches
1876,Mario Sauer,sk SVK,MF,Toulouse,fr Ligue 1,21-171,2004,4.6,122,153,79.7,2097,556,56,69,81.2,50,58,86.2,12,17,70.6,0,0.1,0.3,-0.1,2,13,1,0,17,Matches
1877,Razvan Sava,ro ROU,GK,Udinese,it Serie A,23-134,2002,6.0,135,172,78.5,3268,2506,31,31,100.0,78,80,97.5,25,60,41.7,0,0.0,0.0,0.0,0,1,0,0,0,Matches
1878,Sávio,br BRA,MF,Manchester City,eng Premier League,21-206,2004,3.7,127,160,79.4,1833,307,78,91,85.7,44,50,88.0,4,8,50.0,1,0.3,0.5,+0.7,2,2,4,0,7,Matches
1879,Nicolò Savona,it ITA,DFMF,Nott'ham Forest,eng Premier League,22-228,2003,3.8,134,180,74.4,2069,818,74,88,84.1,53,70,75.7,6,16,37.5,0,0.0,0.1,0.0,1,9,1,0,12,Matches
1880,Joe Scally,us USA,DF,Gladbach,de Bundesliga,22-306,2002,7.0,238,288,82.6,3903,1164,113,123,91.9,108,119,90.8,11,25,44.0,2,0.7,0.9,+1.3,4,22,3,2,25,Matches
1881,Giorgio Scalvini,it ITA,DF,Atalanta,it Serie A,21-326,2003,3.2,190,221,86.0,2806,1033,115,123,93.5,69,79,87.3,5,13,38.5,0,0.1,0.3,-0.1,2,13,1,0,22,Matches
1882,Gianluca Scamacca,it ITA,FW,Atalanta,it Serie A,26-305,1999,2.5,47,63,74.6,757,117,26,31,83.9,15,19,78.9,4,5,80.0,0,0.2,0.1,-0.2,1,3,3,0,6,Matches
1883,Oliver Scarles,eng ENG,DFMF,West Ham,eng Premier League,19-325,2005,0.8,20,24,83.3,265,100,12,13,92.3,8,9,88.9,0,2,0.0,0,0.0,0.0,0.0,0,3,0,0,2,Matches
1884,Kevin Schade,de GER,FW,Brentford,eng Premier League,23-340,2001,9.2,93,151,61.6,1408,412,51,77,66.2,28,41,68.3,7,13,53.8,1,1.1,0.7,-0.1,11,5,3,1,6,Matches
1885,András Schäfer,hu HUN,MF,Union Berlin,de Bundesliga,26-203,1999,3.4,65,96,67.7,765,120,48,59,81.4,16,25,64.0,0,4,0.0,0,0.0,0.0,0.0,0,3,0,0,5,Matches
1886,Fabian Schär,ch SUI,DF,Newcastle Utd,eng Premier League,33-317,1991,4.2,209,252,82.9,4733,2015,58,63,92.1,112,120,93.3,39,67,58.2,0,0.1,0.1,-0.1,2,21,1,0,17,Matches
1887,Derry Scherhant,de GER,FW,Freiburg,de Bundesliga,22-357,2002,3.1,44,75,58.7,681,213,27,33,81.8,13,24,54.2,4,17,23.5,0,0.4,0.5,-0.4,5,0,1,0,5,Matches
1888,Patrik Schick,cz CZE,FW,Leverkusen,de Bundesliga,29-282,1996,5.5,85,105,81.0,1158,177,55,62,88.7,26,34,76.5,2,2,100.0,1,0.3,0.6,+0.7,2,1,1,0,5,Matches
1889,Stefan Schimmer,de GER,FW,Heidenheim,de Bundesliga,31-188,1994,2.4,27,41,65.9,494,197,12,18,66.7,9,13,69.2,4,5,80.0,0,0.6,0.4,-0.6,4,3,4,3,7,Matches
1890,Xaver Schlager,at AUT,MF,RB Leipzig,de Bundesliga,28-035,1997,2.8,138,153,90.2,2125,641,78,85,91.8,53,57,93.0,6,8,75.0,0,0.3,0.6,-0.3,4,15,6,1,19,Matches
1891,Keven Schlotterbeck,de GER,DF,Augsburg,de Bundesliga,28-188,1997,4.5,186,237,78.5,3656,1504,74,91,81.3,85,93,91.4,25,44,56.8,0,0.0,0.1,0.0,0,18,3,1,18,Matches
1892,Nico Schlotterbeck,de GER,DF,Dortmund,de Bundesliga,25-336,1999,5.0,329,376,87.5,6862,2585,101,107,94.4,171,181,94.5,53,77,68.8,0,0.0,0.2,0.0,1,35,2,0,35,Matches
1893,Romano Schmid,at AUT,MFFW,Werder Bremen,de Bundesliga,25-279,2000,8.6,277,387,71.6,4462,1355,152,178,85.4,83,110,75.5,27,61,44.3,2,3.2,2.9,-1.2,22,27,31,6,57,Matches
1894,Isaac Schmidt,ch SUI,DFMF,Werder Bremen,de Bundesliga,25-330,1999,1.3,62,76,81.6,940,385,34,43,79.1,24,26,92.3,2,3,66.7,0,0.2,0.1,-0.2,4,9,2,0,9,Matches
1895,Joël Schmied,ch SUI,DF,Köln,de Bundesliga,27-040,1998,6.6,188,225,83.6,3167,740,83,91,91.2,96,103,93.2,5,20,25.0,0,0.1,0.1,-0.1,2,12,0,0,9,Matches
1896,Jan Schöppner,de GER,MF,Heidenheim,de Bundesliga,26-143,1999,7.4,137,207,66.2,2319,701,65,85,76.5,56,79,70.9,13,28,46.4,0,0.5,0.2,-0.5,1,14,3,0,21,Matches
1897,Marvin Schwäbe,de GER,GK,Köln,de Bundesliga,30-191,1995,8.0,263,385,68.3,8676,6544,32,32,100.0,124,124,100.0,107,227,47.1,0,0.0,0.0,0.0,0,9,0,0,0,Matches
1898,Léo Scienza,br BRA,MFFW,Heidenheim,de Bundesliga,27-050,1998,2.0,32,52,61.5,592,142,10,14,71.4,17,22,77.3,3,12,25.0,0,1.1,0.4,-1.1,3,1,4,1,3,Matches
1899,Alex Scott,eng ENG,MF,Bournemouth,eng Premier League,22-073,2003,6.6,256,315,81.3,4041,854,134,143,93.7,97,110,88.2,16,43,37.2,0,0.4,0.3,-0.4,5,18,4,2,20,Matches
1900,Sebastian Sebulonsen,no NOR,DF,Köln,de Bundesliga,25-279,2000,7.1,137,221,62.0,2339,812,70,84,83.3,52,86,60.5,11,40,27.5,0,1.1,1.1,-1.1,7,8,6,4,6,Matches
1901,Jenson Seelt,nl NED,DF,Sunderland,eng Premier League,22-163,2003,1.5,96,110,87.3,1786,705,38,40,95.0,46,48,95.8,10,16,62.5,0,0.0,0.0,0.0,0,6,0,0,14,Matches
1902,Jenson Seelt,nl NED,DF,Wolfsburg,de Bundesliga,22-163,2003,1.1,35,41,85.4,640,188,7,8,87.5,25,26,96.2,1,5,20.0,0,0.0,0.0,0.0,0,0,0,0,3,Matches
1903,Alidu Seidu,gh GHA,DF,Rennes,fr Ligue 1,25-151,2000,4.8,303,344,88.1,5018,1501,143,152,94.1,134,150,89.3,21,30,70.0,1,0.9,0.6,+0.1,4,25,3,3,31,Matches
1904,Nicolas Seiwald,at AUT,MF,RB Leipzig,de Bundesliga,24-182,2001,8.2,261,302,86.4,4288,1258,117,126,92.9,126,144,87.5,14,24,58.3,0,0.1,0.4,-0.1,3,13,3,1,13,Matches
1905,Ayumu Seko,jp JPN,MFDF,Le Havre,fr Ligue 1,25-148,2000,9.2,233,295,79.0,4170,1155,97,110,88.2,105,121,86.8,25,45,55.6,0,0.1,0.2,-0.1,4,28,0,0,28,Matches
1906,Matz Sels,be BEL,GK,Nott'ham Forest,eng Premier League,33-249,1992,10.0,180,285,63.2,4853,3475,50,50,100.0,79,82,96.3,50,152,32.9,0,0.0,0.0,0.0,0,12,1,0,0,Matches
1907,Antoine Semenyo,gh GHA,FWMF,Bournemouth,eng Premier League,25-299,2000,9.0,191,281,68.0,3119,973,102,124,82.3,67,95,70.5,18,42,42.9,3,0.5,0.4,+2.5,11,10,15,0,35,Matches
1908,Adrian Šemper,hr CRO,GK,Pisa,it Serie A,27-294,1998,9.0,195,298,65.4,6415,5073,23,24,95.8,91,94,96.8,81,178,45.5,0,0.0,0.0,0.0,0,3,0,0,0,Matches
1909,Marvin Senaya,tg TOG,DF,Auxerre,fr Ligue 1,24-278,2001,10.6,329,451,72.9,6121,2545,139,162,85.8,150,190,78.9,35,81,43.2,0,0.1,0.3,-0.1,4,26,7,4,27,Matches
1910,Marcos Senesi,ar ARG,DF,Bournemouth,eng Premier League,28-176,1997,8.9,439,565,77.7,9765,4477,107,117,91.5,240,261,92.0,87,163,53.4,2,0.3,1.1,+1.7,4,60,13,3,48,Matches
1911,Suat Serdar,de GER,MF,Hellas Verona,it Serie A,28-205,1997,8.4,183,261,70.1,3436,1520,77,99,77.8,76,100,76.0,26,46,56.5,0,0.8,0.7,-0.8,11,50,8,1,51,Matches
1912,Nicolás Serrano,es ESP,FW,Athletic Club,es La Liga,22-242,2003,1.3,42,56,75.0,772,156,15,17,88.2,20,26,76.9,6,10,60.0,0,0.1,0.2,-0.1,2,2,2,2,5,Matches
1913,Benjamin Šeško,si SVN,FW,Manchester Utd,eng Premier League,22-155,2003,6.5,72,114,63.2,886,209,47,70,67.1,11,25,44.0,5,5,100.0,1,0.3,0.2,+0.7,7,5,2,0,9,Matches
1914,Ryan Sessegnon,eng ENG,DF,Fulham,eng Premier League,25-168,2000,8.3,297,404,73.5,4445,1479,159,182,87.4,121,150,80.7,10,42,23.8,0,0.8,0.7,-0.8,5,27,4,0,29,Matches
1915,Stephan El Shaarawy,it ITA,MFFW,Roma,it Serie A,33-006,1992,1.4,47,64,73.4,701,173,23,28,82.1,18,23,78.3,2,5,40.0,0,0.0,0.0,0.0,0,2,0,0,5,Matches
1916,Luke Shaw,eng ENG,DF,Manchester Utd,eng Premier League,30-113,1995,9.4,444,523,84.9,7422,2676,223,251,88.8,171,193,88.6,34,53,64.2,1,0.1,0.4,+0.9,2,34,3,0,40,Matches
1917,Kwasi Sibo,gh GHA,MF,Oviedo,es La Liga,27-131,1998,3.6,117,133,88.0,2041,508,50,55,90.9,54,59,91.5,10,13,76.9,0,0.0,0.0,0.0,1,6,1,0,6,Matches
1918,Djibril Sidibé,fr FRA,DFMF,Toulouse,fr Ligue 1,33-096,1992,6.1,188,261,72.0,3240,1310,87,108,80.6,83,104,79.8,14,31,45.2,0,0.2,0.4,-0.2,3,24,9,3,25,Matches
1919,Armindo Sieb,de GER,FWMF,Mainz 05,de Bundesliga,22-258,2003,3.2,52,77,67.5,747,166,29,36,80.6,14,21,66.7,4,7,57.1,0,0.3,0.4,-0.3,6,5,2,2,2,Matches
1920,Jamil Siebert,de GER,DF,Lecce,it Serie A,23-214,2002,0.9,37,38,97.4,688,192,15,15,100.0,19,19,100.0,3,4,75.0,0,0.0,0.0,0.0,0,1,0,0,0,Matches
1921,Francisco Sierralta,cl CHI,DF,Auxerre,fr Ligue 1,28-180,1997,8.6,328,366,89.6,6564,1599,79,90,87.8,221,230,96.1,27,39,69.2,0,0.1,0.2,-0.1,2,13,0,0,13,Matches
1922,Tim Siersleben,de GER,DF,Heidenheim,de Bundesliga,25-238,2000,6.0,187,250,74.8,4038,1436,56,60,93.3,102,118,86.4,28,70,40.0,0,0.5,0.3,-0.5,2,18,0,0,25,Matches
1923,André Silva,pt POR,FW,Elche,es La Liga,29-361,1995,6.0,130,159,81.8,1687,337,78,88,88.6,42,51,82.4,1,2,50.0,0,0.6,0.4,-0.6,9,7,7,0,20,Matches
1924,Bernardo Silva,pt POR,MF,Manchester City,eng Premier League,31-084,1994,5.2,224,261,85.8,3562,759,124,133,93.2,74,85,87.1,18,27,66.7,1,1.9,1.2,-0.9,9,22,4,2,19,Matches
1925,Caio Henrique Oliveira Silva,br BRA,DF,Monaco,fr Ligue 1,28-094,1997,6.6,309,404,76.5,4988,1522,154,167,92.2,129,164,78.7,21,57,36.8,0,0.4,0.9,-0.4,5,23,11,4,38,Matches
1926,Fábio Silva,pt POR,FWMF,Dortmund,de Bundesliga,23-106,2002,0.4,13,17,76.5,159,60,6,7,85.7,5,5,100.0,0,1,0.0,1,0.3,0.2,+0.7,3,0,2,0,3,Matches
1927,Jota Silva,pt POR,FW,Nott'ham Forest,eng Premier League,26-093,1999,0.1,2,3,66.7,27,5,1,1,100.0,1,2,50.0,0,0,,0,0.0,0.0,0.0,0,0,0,0,0,Matches
1928,Marco Silvestri,it ITA,GK,Cremonese,it Serie A,34-245,1991,4.0,97,157,61.8,2800,2105,21,21,100.0,48,49,98.0,28,87,32.2,0,0.0,0.0,0.0,0,1,0,0,0,Matches
1929,Abdallah Sima,sn SEN,MF,Lens,fr Ligue 1,24-138,2001,1.4,23,35,65.7,322,45,14,20,70.0,7,8,87.5,1,2,50.0,0,0.1,0.0,-0.1,2,3,1,0,2,Matches
1930,Giovanni Simeone,ar ARG,FW,Torino,it Serie A,30-120,1995,6.6,91,121,75.2,1451,300,42,49,85.7,34,44,77.3,8,13,61.5,0,1.5,0.4,-1.5,7,11,3,0,9,Matches
1931,Giuliano Simeone,ar ARG,MFFW,Atlético Madrid,es La Liga,22-319,2002,9.1,307,386,79.5,3957,858,198,219,90.4,87,112,77.7,8,16,50.0,4,2.5,2.3,+1.5,11,12,5,1,20,Matches
1932,Moses Simon,ng NGA,FWMF,Paris FC,fr Ligue 1,30-113,1995,9.2,158,232,68.1,2517,541,81,95,85.3,62,85,72.9,10,32,31.3,2,1.9,2.0,+0.1,11,1,12,6,15,Matches
1933,Unai Simón,es ESP,GK,Athletic Club,es La Liga,28-144,1997,11.0,232,358,64.8,6255,4748,43,44,97.7,119,122,97.5,69,190,36.3,0,0.0,0.0,0.0,0,8,0,0,0,Matches
1934,Xavi Simons,nl NED,FWMF,Tottenham,eng Premier League,22-195,2003,5.0,159,204,77.9,2627,555,81,94,86.2,61,71,85.9,13,28,46.4,1,0.6,0.6,+0.4,6,10,8,2,32,Matches
1935,Xavi Simons,nl NED,MF,RB Leipzig,de Bundesliga,22-195,2003,1.0,33,39,84.6,524,165,14,15,93.3,16,16,100.0,1,3,33.3,0,0.0,0.0,0.0,1,2,1,0,5,Matches
1936,Danel Sinani,lu LUX,MFFW,St. Pauli,de Bundesliga,28-211,1997,8.3,339,490,69.2,5378,1715,190,220,86.4,113,144,78.5,27,86,31.4,1,1.4,2.1,-0.4,18,45,16,1,54,Matches
1937,Lassine Sinayoko,ml MLI,FWMF,Auxerre,fr Ligue 1,25-329,1999,10.2,163,229,71.2,2032,431,97,125,77.6,44,61,72.1,6,10,60.0,1,1.5,0.7,-0.5,12,10,5,0,23,Matches
1938,Antonio Sivera,es ESP,GK,Alavés,es La Liga,29-083,1996,10.0,155,264,58.7,6564,5971,10,10,100.0,45,47,95.7,100,206,48.5,0,0.0,0.0,0.0,0,12,0,0,0,Matches
1939,Telli Siwe,fr FRA,DF,Auxerre,fr Ligue 1,20-323,2004,2.5,56,66,84.8,995,417,20,24,83.3,29,31,93.5,6,10,60.0,0,0.0,0.0,0.0,1,3,0,0,4,Matches
1940,Tim Skarke,de GER,MFDF,Union Berlin,de Bundesliga,29-056,1996,3.5,59,89,66.3,809,201,38,45,84.4,18,22,81.8,2,8,25.0,0,0.1,0.2,-0.1,4,2,2,1,4,Matches
1941,Ellyes Skhiri,tn TUN,MF,Eint Frankfurt,de Bundesliga,30-176,1995,4.1,222,255,87.1,3497,987,118,125,94.4,89,103,86.4,12,18,66.7,0,0.0,0.2,0.0,1,21,4,0,18,Matches
1942,Leo Skiri Østigård,no NOR,DF,Genoa,it Serie A,25-339,1999,6.5,357,402,88.8,6865,2343,107,117,91.5,218,233,93.6,28,45,62.2,0,0.6,0.3,-0.6,2,20,0,0,16,Matches
1943,Łukasz Skorupski,pl POL,GK,Bologna,it Serie A,34-181,1991,8.0,311,390,79.7,8159,5088,39,39,100.0,189,193,97.9,83,158,52.5,0,0.0,0.0,0.0,0,9,0,0,0,Matches
1944,Andreas Skov Olsen,dk DEN,FW,Wolfsburg,de Bundesliga,25-308,1999,4.0,110,131,84.0,1747,269,54,63,85.7,45,49,91.8,8,12,66.7,0,0.9,0.9,-0.9,7,3,4,1,10,Matches
1945,Robert Skov,dk DEN,DF,Union Berlin,de Bundesliga,29-166,1996,2.4,51,86,59.3,881,351,24,28,85.7,20,35,57.1,6,19,31.6,0,0.0,0.1,0.0,1,6,3,3,4,Matches
1946,Adam Smith,eng ENG,DF,Bournemouth,eng Premier League,34-187,1991,2.3,69,87,79.3,1169,441,35,39,89.7,27,30,90.0,7,16,43.8,0,0.3,0.1,-0.3,1,7,0,0,6,Matches
1947,Eric Smith,se SWE,DF,St. Pauli,de Bundesliga,28-298,1997,9.0,555,638,87.0,11070,3778,181,191,94.8,296,313,94.6,68,117,58.1,0,0.0,0.3,0.0,2,44,4,0,34,Matches
1948,Emile Smith Rowe,eng ENG,MF,Fulham,eng Premier League,25-097,2000,2.5,124,143,86.7,1827,309,69,80,86.3,44,48,91.7,5,6,83.3,0,0.1,0.1,-0.1,3,8,3,0,13,Matches
1949,Ivan Smolčić,hr CRO,DF,Como,it Serie A,25-077,2000,5.6,246,297,82.8,4343,1374,101,111,91.0,116,130,89.2,24,41,58.5,0,0.3,0.2,-0.3,5,20,4,3,21,Matches
1950,Simon Sohm,ch SUI,MF,Fiorentina,it Serie A,24-205,2001,3.4,125,148,84.5,2025,467,55,64,85.9,60,65,92.3,7,11,63.6,0,1.1,0.8,-1.1,5,10,1,0,12,Matches
1951,Alex Sola,es ESP,FW,Getafe,es La Liga,26-146,1999,0.1,0,0,,0,0,0,0,,0,0,,0,0,,0,0.0,0.0,0.0,0,0,0,0,0,Matches
1952,Dominic Solanke,eng ENG,FW,Tottenham,eng Premier League,28-049,1997,0.4,2,2,100.0,19,0,2,2,100.0,0,0,,0,0,,0,0.0,0.0,0.0,0,0,0,0,0,Matches
1953,Carlos Soler,es ESP,MF,Real Sociedad,es La Liga,28-304,1997,4.2,166,203,81.8,2767,838,89,103,86.4,60,67,89.6,16,29,55.2,0,0.4,0.5,-0.4,5,25,5,1,27,Matches
1954,Julio Soler,ar ARG,FW,Bournemouth,eng Premier League,20-259,2005,0.0,0,0,,0,0,0,0,,0,0,,0,0,,0,0.0,0.0,0.0,0,0,0,0,0,Matches
1955,Oumar Solet,fr FRA,DF,Udinese,it Serie A,25-268,2000,9.7,535,607,88.1,10809,3265,173,188,92.0,275,293,93.9,84,111,75.7,1,0.4,0.6,+0.6,6,45,8,0,50,Matches
1956,Jhon Solis,co COL,MF,Girona,es La Liga,21-030,2004,3.6,120,136,88.2,1811,402,64,72,88.9,48,50,96.0,5,10,50.0,0,0.0,0.1,0.0,1,10,1,0,9,Matches
1957,Manor Solomon,il ISR,MF,Villarreal,es La Liga,26-101,1999,1.2,28,40,70.0,442,170,17,18,94.4,9,15,60.0,2,6,33.3,1,0.3,0.4,+0.7,2,2,2,1,7,Matches
1958,Yann Sommer,ch SUI,GK,Inter,it Serie A,36-320,1988,7.0,216,255,84.7,5283,3296,46,46,100.0,113,115,98.3,57,94,60.6,0,0.0,0.0,0.0,0,2,0,0,1,Matches
1959,Oliver Sonne,pe PER,DFFW,Burnley,eng Premier League,24-357,2000,1.2,19,29,65.5,247,88,14,17,82.4,3,7,42.9,1,3,33.3,0,0.0,0.1,0.0,1,1,2,1,4,Matches
1960,David Soria,es ESP,GK,Getafe,es La Liga,32-212,1993,11.0,125,312,40.1,5891,5279,7,7,100.0,20,21,95.2,98,278,35.3,0,0.0,0.0,0.0,1,13,0,0,0,Matches
1961,Borna Sosa,hr CRO,DF,Crystal Palace,eng Premier League,27-285,1998,0.0,2,5,40.0,12,2,2,3,66.7,0,0,,0,2,0.0,0,0.0,0.0,0.0,0,0,0,0,0,Matches
1962,Hugo Sotelo,es ESP,MF,Celta Vigo,es La Liga,21-318,2003,6.8,434,498,87.1,7630,2771,182,193,94.3,208,226,92.0,35,60,58.3,1,1.1,1.2,-0.1,15,56,4,1,48,Matches
1963,Florian Sotoca,fr FRA,MFFW,Lens,fr Ligue 1,35-008,1990,0.3,5,11,45.5,61,15,2,5,40.0,2,2,100.0,0,0,,0,0.0,0.0,0.0,0,1,0,0,1,Matches
1964,Riccardo Sottil,it ITA,FW,Lecce,it Serie A,26-152,1999,2.7,59,77,76.6,936,149,31,36,86.1,18,23,78.3,6,11,54.5,1,0.8,0.6,+0.2,3,2,2,1,5,Matches
1965,Tomáš Souček,cz CZE,MF,West Ham,eng Premier League,30-248,1995,4.1,114,155,73.5,1602,433,66,78,84.6,37,50,74.0,4,10,40.0,0,0.0,0.0,0.0,1,6,1,0,10,Matches
1966,Matìas Soulé,ar ARG,MFFW,Roma,it Serie A,22-201,2003,7.3,259,331,78.2,4198,1119,132,150,88.0,89,104,85.6,25,44,56.8,2,1.3,1.4,+0.7,16,31,7,2,36,Matches
1967,Aboubaka Soumahoro,fr FRA,DF,Hamburger SV,de Bundesliga,20-271,2005,0.5,18,20,90.0,276,61,8,8,100.0,10,10,100.0,0,1,0.0,0,0.0,0.0,0.0,0,1,0,0,1,Matches
1968,Sambou Soumano,sn SEN,FW,Lorient,fr Ligue 1,24-303,2001,3.8,47,64,73.4,704,94,30,40,75.0,13,17,76.5,3,5,60.0,2,0.6,0.1,+1.4,3,3,3,0,6,Matches
1969,Issa Soumaré,sn SEN,FWMF,Le Havre,fr Ligue 1,25-023,2000,10.0,165,237,69.6,2629,670,88,113,77.9,57,83,68.7,12,21,57.1,2,2.0,1.7,0.0,13,14,11,7,25,Matches
1970,Vinicius Souza,br BRA,MF,Wolfsburg,de Bundesliga,26-138,1999,6.7,168,205,82.0,2746,918,68,78,87.2,85,95,89.5,7,15,46.7,0,0.1,0.2,-0.1,3,15,0,0,24,Matches
1971,Djibril Sow,ch SUI,MF,Sevilla,es La Liga,28-269,1997,5.4,192,225,85.3,3444,787,79,89,88.8,83,90,92.2,23,31,74.2,0,0.4,0.5,-0.4,3,20,2,0,31,Matches
1972,Djed Spence,eng ENG,DF,Tottenham,eng Premier League,25-085,2000,7.4,297,374,79.4,5144,1499,135,147,91.8,135,162,83.3,22,42,52.4,0,0.1,0.2,-0.1,2,31,4,1,31,Matches
1973,Leonardo Spinazzola,it ITA,DFMF,Napoli,it Serie A,32-222,1993,5.9,240,315,76.2,4384,1487,96,109,88.1,120,145,82.8,22,45,48.9,2,1.2,0.8,+0.8,13,21,11,5,24,Matches
1974,Anton Stach,de GER,MF,Leeds United,eng Premier League,26-352,1998,7.9,259,342,75.7,3950,1057,141,167,84.4,81,99,81.8,20,39,51.3,1,1.0,0.7,0.0,13,25,6,2,42,Matches
1975,Jens Stage,dk DEN,MF,Werder Bremen,de Bundesliga,28-359,1996,6.2,169,229,73.8,2954,941,68,87,78.2,87,105,82.9,10,19,52.6,0,0.2,0.2,-0.2,1,16,2,0,20,Matches
1976,Benjamin Stambouli,fr FRA,MF,Metz,fr Ligue 1,35-081,1990,5.9,215,272,79.0,3980,1344,85,92,92.4,92,102,90.2,27,55,49.1,0,0.9,0.7,-0.9,6,19,3,1,17,Matches
1977,Nicolae Stanciu,ro ROU,MFFW,Genoa,it Serie A,32-179,1993,1.9,60,88,68.2,944,264,36,42,85.7,12,21,57.1,8,16,50.0,0,0.1,0.2,-0.1,2,4,1,0,4,Matches
1978,Otto Stange,de GER,MF,Hamburger SV,de Bundesliga,18-266,2007,0.2,1,2,50.0,26,21,0,1,0.0,1,1,100.0,0,0,,0,0.0,0.0,0.0,0,0,0,0,0,Matches
1979,Josip Stanišić,hr CRO,DF,Bayern Munich,de Bundesliga,25-214,2000,3.1,169,195,86.7,2552,627,92,101,91.1,70,78,89.7,4,9,44.4,0,0.0,0.1,0.0,0,20,0,0,13,Matches
1980,Carl Starfelt,se SWE,DF,Celta Vigo,es La Liga,30-154,1995,1.9,124,130,95.4,2231,636,35,36,97.2,83,87,95.4,3,4,75.0,0,0.0,0.0,0.0,0,9,0,0,3,Matches
1981,Niklas Stark,de GER,DF,Werder Bremen,de Bundesliga,30-202,1995,1.6,75,81,92.6,1597,501,19,20,95.0,45,47,95.7,10,12,83.3,0,0.0,0.0,0.0,0,4,0,0,6,Matches
1982,Orri Steinn Óskarsson,is ISL,FW,Real Sociedad,es La Liga,21-065,2004,1.3,9,18,50.0,129,19,6,9,66.7,3,5,60.0,0,1,0.0,0,0.3,0.1,-0.3,1,0,0,0,1,Matches
1983,Calvin Stengs,nl NED,MF,Pisa,it Serie A,26-319,1998,0.1,13,18,72.2,221,85,3,3,100.0,9,11,81.8,0,3,0.0,0,0.0,0.0,0.0,0,2,2,0,5,Matches
1984,Pascal Stenzel,de GER,DF,Stuttgart,de Bundesliga,29-227,1996,0.7,30,46,65.2,596,74,13,15,86.7,11,17,64.7,6,12,50.0,0,0.0,0.0,0.0,0,3,0,0,2,Matches
1985,Angelo Stiller,de GER,MF,Stuttgart,de Bundesliga,24-212,2001,7.6,534,617,86.5,8792,2949,261,283,92.2,230,250,92.0,33,61,54.1,2,1.4,2.6,+0.6,13,57,17,6,59,Matches
1986,Kevin Stöger,at AUT,MF,Gladbach,de Bundesliga,32-067,1993,4.5,169,221,76.5,2793,904,89,98,90.8,60,70,85.7,17,36,47.2,0,1.1,1.1,-1.1,10,18,4,1,20,Matches
1987,John Stones,eng ENG,DF,Manchester City,eng Premier League,31-158,1994,3.6,227,248,91.5,3714,1403,102,106,96.2,118,125,94.4,6,12,50.0,0,0.1,0.1,-0.1,1,12,1,0,15,Matches
1988,Jørgen Strand Larsen,no NOR,FW,Wolves,eng Premier League,25-269,2000,6.9,84,123,68.3,1064,201,57,77,74.0,16,25,64.0,4,6,66.7,0,0.4,0.4,-0.4,4,11,0,0,5,Matches
1989,Pascal Struijk,nl NED,DF,Leeds United,eng Premier League,26-083,1999,8.0,476,513,92.8,8600,2921,183,189,96.8,262,270,97.0,26,42,61.9,0,0.1,0.1,-0.1,2,41,1,0,23,Matches
1990,Cristhian Stuani,uy URU,FW,Girona,es La Liga,39-021,1986,1.9,15,24,62.5,172,17,12,18,66.7,3,3,100.0,0,1,0.0,0,0.0,0.0,0.0,0,2,0,0,1,Matches
1991,Nikola Štulić,rs SRB,FW,Lecce,it Serie A,24-055,2001,5.5,65,100,65.0,848,110,32,52,61.5,21,29,72.4,3,3,100.0,0,0.5,0.7,-0.5,8,3,1,0,6,Matches
1992,Denis Suárez,es ESP,MF,Alavés,es La Liga,31-300,1994,2.9,152,178,85.4,2201,727,84,88,95.5,54,60,90.0,6,14,42.9,0,0.1,0.1,-0.1,1,20,3,1,19,Matches
1993,Gabriel Suazo,cl CHI,DFMF,Sevilla,es La Liga,28-085,1997,8.3,380,475,80.0,6084,2464,203,222,91.4,133,169,78.7,33,55,60.0,1,0.8,1.3,+0.2,15,19,14,7,31,Matches
1994,Luka Sučić,hr CRO,MF,Real Sociedad,es La Liga,23-055,2002,1.4,42,55,76.4,703,180,16,20,80.0,16,19,84.2,6,9,66.7,0,0.1,0.1,-0.1,1,4,1,0,7,Matches
1995,Petar Sucic,hr CRO,MF,Inter,it Serie A,22-008,2003,4.4,176,203,86.7,3156,726,77,85,90.6,73,79,92.4,22,27,81.5,2,0.7,0.4,+1.3,8,22,6,2,32,Matches
1996,Yukinari Sugawara,jp JPN,DF,Werder Bremen,de Bundesliga,25-127,2000,7.8,309,408,75.7,5089,1911,147,165,89.1,131,163,80.4,24,57,42.1,2,0.2,0.5,+1.8,5,24,5,3,32,Matches
1997,Pavel Šulc,cz CZE,FWMF,Lyon,fr Ligue 1,24-308,2000,4.5,74,96,77.1,982,175,50,58,86.2,18,26,69.2,2,3,66.7,1,1.3,0.6,-0.3,6,5,1,0,9,Matches
1998,Niklas Süle,de GER,DF,Dortmund,de Bundesliga,30-060,1995,0.5,16,17,94.1,355,102,5,5,100.0,9,10,90.0,2,2,100.0,0,0.0,0.0,0.0,0,1,0,0,0,Matches
1999,Kamaldeen Sulemana,gh GHA,MF,Atalanta,it Serie A,23-260,2002,5.3,128,153,83.7,2109,541,67,72,93.1,51,58,87.9,9,13,69.2,1,0.9,1.3,+0.1,4,12,8,1,25,Matches
2000,Crysencio Summerville,nl NED,MFFW,West Ham,eng Premier League,24-003,2001,5.3,125,149,83.9,1690,407,81,88,92.0,29,33,87.9,7,13,53.8,1,0.2,0.5,+0.8,3,5,4,1,16,Matches
2001,Yuito Suzuki,jp JPN,MF,Freiburg,de Bundesliga,24-008,2001,2.3,36,50,72.0,526,164,17,21,81.0,16,19,84.2,0,2,0.0,0,0.3,0.2,-0.3,4,3,0,0,5,Matches
2002,Zion Suzuki,jp JPN,GK,Parma,it Serie A,23-073,2002,9.0,238,365,65.2,8142,6035,29,29,100.0,106,106,100.0,102,228,44.7,0,0.0,0.1,0.0,0,12,0,0,0,Matches
2003,Mattias Svanberg,se SWE,MF,Wolfsburg,de Bundesliga,26-301,1999,3.5,63,84,75.0,1031,453,30,36,83.3,27,33,81.8,4,7,57.1,0,0.2,0.1,-0.2,3,10,2,0,15,Matches
2004,Daniel Svensson,se SWE,DFMF,Dortmund,de Bundesliga,23-263,2002,8.3,321,399,80.5,5300,1290,154,171,90.1,145,173,83.8,17,32,53.1,0,1.0,2.0,-1.0,11,16,11,4,30,Matches
2005,Mile Svilar,rs SRB,GK,Roma,it Serie A,26-067,1999,9.0,266,354,75.1,7756,4801,30,30,100.0,146,147,99.3,89,175,50.9,0,0.0,0.0,0.0,0,1,0,0,0,Matches
2006,Williot Swedberg,se SWE,MFFW,Celta Vigo,es La Liga,21-274,2004,2.6,42,52,80.8,670,133,22,25,88.0,18,21,85.7,1,3,33.3,0,0.1,0.2,-0.1,1,4,2,0,4,Matches
2007,Lamine Sy,mr MTN,DF,Auxerre,fr Ligue 1,23-084,2002,0.4,20,27,74.1,366,120,8,10,80.0,9,11,81.8,3,4,75.0,0,0.4,0.2,-0.4,1,1,1,0,6,Matches
2008,Fodé Sylla,fr FRA,MF,Lens,fr Ligue 1,19-200,2006,0.7,33,41,80.5,491,101,18,23,78.3,9,10,90.0,3,4,75.0,0,0.0,0.0,0.0,0,3,0,0,3,Matches
2009,Wojciech Szczęsny,pl POL,GK,Barcelona,es La Liga,35-198,1990,4.0,115,133,86.5,2357,1330,32,32,100.0,72,72,100.0,11,28,39.3,0,0.0,0.0,0.0,0,1,0,0,0,Matches
2010,Dominik Szoboszlai,hu HUN,MFDF,Liverpool,eng Premier League,25-008,2000,10.0,599,716,83.7,10669,2624,278,308,90.3,228,252,90.5,77,122,63.1,1,1.4,1.1,-0.4,16,67,13,5,76,Matches
2011,Alexander Sørloth,no NOR,FW,Atlético Madrid,es La Liga,29-332,1995,4.8,58,108,53.7,885,145,29,51,56.9,24,41,58.5,2,4,50.0,0,0.4,0.3,-0.4,4,8,2,1,6,Matches
2012,Musa Al-Taamari,jo JOR,FWDF,Rennes,fr Ligue 1,28-145,1997,4.7,105,145,72.4,1506,353,69,78,88.5,30,44,68.2,4,9,44.4,1,1.0,1.3,0.0,10,3,7,3,9,Matches
2013,Haris Tabakovic,ba BIH,FW,Gladbach,de Bundesliga,31-135,1994,5.3,52,78,66.7,593,96,34,47,72.3,12,18,66.7,0,0,,2,0.4,0.2,+1.6,2,3,0,0,3,Matches
2014,Nicolás Tagliafico,ar ARG,DF,Lyon,fr Ligue 1,33-063,1992,5.1,234,281,83.3,3688,925,116,128,90.6,105,119,88.2,8,18,44.4,1,0.4,0.3,+0.6,3,13,3,1,19,Matches
2015,Jonathan Tah,de GER,DF,Bayern Munich,de Bundesliga,29-264,1996,7.7,517,540,95.7,8215,2802,239,245,97.6,242,245,98.8,21,32,65.6,0,0.0,0.4,0.0,0,39,1,0,30,Matches
2016,Chemsdine Talbi,ma MAR,FWMF,Sunderland,eng Premier League,20-177,2005,6.2,124,165,75.2,1964,317,72,88,81.8,39,50,78.0,9,18,50.0,1,0.3,0.3,+0.7,5,3,3,2,4,Matches
2017,Montassar Talbi,tn TUN,DF,Lorient,fr Ligue 1,27-160,1998,10.0,413,460,89.8,7274,2686,142,152,93.4,245,255,96.1,22,46,47.8,0,0.0,0.1,0.0,2,20,1,0,20,Matches
2018,Adrien Tameze,cm CMR,DFMF,Torino,it Serie A,31-271,1994,4.7,154,195,79.0,2968,1003,52,68,76.5,87,98,88.8,15,24,62.5,0,0.0,0.1,0.0,1,14,2,0,14,Matches
2019,Ao Tanaka,jp JPN,MF,Leeds United,eng Premier League,27-053,1998,3.6,176,205,85.9,2915,591,84,91,92.3,70,79,88.6,13,18,72.2,0,0.2,0.1,-0.2,4,20,2,1,22,Matches
2020,Axel Tapé,fr FRA,DF,Leverkusen,de Bundesliga,18-084,2007,1.8,61,66,92.4,962,145,29,31,93.5,30,31,96.8,1,2,50.0,0,0.0,0.0,0.0,0,3,0,0,2,Matches
2021,Edmond Tapsoba,bf BFA,DF,Leverkusen,de Bundesliga,26-273,1999,9.0,688,764,90.1,11731,4500,330,337,97.9,299,320,93.4,50,93,53.8,0,0.1,0.2,-0.1,3,42,0,0,34,Matches
2022,James Tarkowski,eng ENG,DF,Everton,eng Premier League,32-348,1992,9.0,327,405,80.7,6695,2412,101,112,90.2,177,199,88.9,44,79,55.7,0,0.4,0.5,-0.4,5,30,2,1,29,Matches
2023,César Tárrega,es ESP,DF,Valencia,es La Liga,23-249,2002,11.0,489,574,85.2,9198,3318,167,181,92.3,275,298,92.3,43,84,51.2,0,0.1,0.1,-0.1,2,17,1,0,20,Matches
2024,Tylel Tati,fr FRA,DF,Nantes,fr Ligue 1,17-287,2008,8.7,372,423,87.9,7329,1610,105,110,95.5,240,254,94.5,26,56,46.4,0,0.0,0.1,0.0,1,8,1,0,11,Matches
2025,Nuno Tavares,pt POR,DF,Lazio,it Serie A,25-280,2000,5.1,279,342,81.6,4606,1776,137,155,88.4,107,123,87.0,23,44,52.3,0,0.3,0.4,-0.3,7,28,2,2,26,Matches
2026,Marcus Tavernier,eng ENG,MFFW,Bournemouth,eng Premier League,26-225,1999,7.5,213,278,76.6,3354,772,110,123,89.4,77,94,81.9,15,38,39.5,1,1.4,1.2,-0.4,12,21,8,0,31,Matches
2027,Loum Tchaouna,fr FRA,MF,Burnley,eng Premier League,22-055,2003,4.2,63,92,68.5,819,236,44,52,84.6,17,25,68.0,0,2,0.0,0,0.1,0.2,-0.1,1,5,7,2,9,Matches
2028,Jackson Tchatchoua,cm CMR,DFMF,Wolves,eng Premier League,24-049,2001,4.8,154,216,71.3,2699,825,78,93,83.9,59,81,72.8,16,36,44.4,0,0.2,0.1,-0.2,5,6,6,6,6,Matches
2029,Aurélien Tchouaméni,fr FRA,MF,Real Madrid,es La Liga,25-279,2000,9.7,512,559,91.6,8553,2509,249,261,95.4,213,228,93.4,37,50,74.0,0,0.5,0.7,-0.5,3,66,4,0,57,Matches
2030,Mathys Tel,fr FRA,FW,Tottenham,eng Premier League,20-189,2005,2.7,27,40,67.5,529,195,14,16,87.5,9,12,75.0,4,7,57.1,0,0.0,0.0,0.0,0,4,1,1,3,Matches
2031,Nathan Tella,ng NGA,MFFW,Leverkusen,de Bundesliga,26-120,1999,2.8,45,58,77.6,709,145,22,24,91.7,19,23,82.6,2,5,40.0,1,0.7,0.4,+0.3,5,1,2,0,9,Matches
2032,Nahuel Tenaglia,ar ARG,DF,Alavés,es La Liga,29-254,1996,9.0,265,323,82.0,5311,2016,78,83,94.0,156,173,90.2,30,54,55.6,0,0.0,0.0,0.0,1,19,0,0,24,Matches
2033,Arnau Tenas,es ESP,GK,Villarreal,es La Liga,24-156,2001,3.0,47,90,52.2,1319,979,11,11,100.0,22,23,95.7,14,56,25.0,0,0.0,0.0,0.0,0,2,0,0,0,Matches
2034,Filippo Terracciano,it ITA,DF,Cremonese,it Serie A,22-267,2003,8.9,422,518,81.5,7540,2554,199,213,93.4,173,203,85.2,42,71,59.2,0,0.1,0.1,-0.1,2,24,1,0,26,Matches
2035,Pietro Terracciano,it ITA,GK,Milan,it Serie A,35-239,1990,1.4,33,36,91.7,1026,574,2,2,100.0,19,20,95.0,12,14,85.7,0,0.0,0.0,0.0,0,1,0,0,0,Matches
2036,Ramón Terrats,es ESP,MF,Espanyol,es La Liga,25-015,2000,1.1,25,34,73.5,407,101,10,12,83.3,13,16,81.3,1,3,33.3,0,0.3,0.1,-0.3,1,3,1,0,3,Matches
2037,Martin Terrier,fr FRA,MFFW,Leverkusen,de Bundesliga,28-243,1997,0.5,17,20,85.0,189,56,9,11,81.8,3,4,75.0,1,1,100.0,0,0.1,0.2,-0.1,1,1,1,0,3,Matches
2038,Tanner Tessmann,us USA,MF,Lyon,fr Ligue 1,24-039,2001,8.4,366,424,86.3,6610,1933,173,188,92.0,157,175,89.7,30,45,66.7,0,1.3,0.6,-1.3,6,42,3,2,39,Matches
2039,Kenny Tete,nl NED,DF,Fulham,eng Premier League,30-024,1995,7.0,303,373,81.2,4659,2084,176,192,91.7,100,123,81.3,21,40,52.5,0,0.2,0.4,-0.2,3,23,3,1,36,Matches
2040,Jordan Teze,nl NED,MFDF,Monaco,fr Ligue 1,26-033,1999,8.9,390,489,79.8,6680,2459,173,193,89.6,169,204,82.8,36,59,61.0,0,1.6,1.6,-1.6,13,44,11,0,54,Matches
2041,Florian Thauvin,fr FRA,MF,Lens,fr Ligue 1,32-280,1993,8.4,266,380,70.0,4451,1493,153,182,84.1,76,114,66.7,34,66,51.5,0,1.3,1.8,-1.3,18,23,16,4,52,Matches
2042,Arthur Theate,be BEL,DF,Eint Frankfurt,de Bundesliga,25-161,2000,9.0,626,716,87.4,11711,4535,216,239,90.4,362,392,92.3,47,77,61.0,0,0.2,1.0,-0.2,5,73,5,0,76,Matches
2043,Thiago,br BRA,FW,Brentford,eng Premier League,24-129,2001,9.2,104,145,71.7,1414,250,73,88,83.0,20,39,51.3,7,9,77.8,0,1.1,0.2,-1.1,5,6,3,2,8,Matches
2044,Malick Thiaw,de GER,DF,Newcastle Utd,eng Premier League,24-086,2001,5.0,201,230,87.4,3764,1287,70,78,89.7,114,126,90.5,13,19,68.4,0,0.3,0.3,-0.3,1,16,1,0,24,Matches
2045,Jan Thielmann,de GER,FWMF,Köln,de Bundesliga,23-160,2002,4.9,64,92,69.6,1093,231,30,34,88.2,26,31,83.9,6,12,50.0,1,0.5,0.2,+0.5,5,5,1,1,8,Matches
2046,Adrien Thomasson,fr FRA,MF,Lens,fr Ligue 1,31-327,1993,10.0,373,482,77.4,6524,2059,171,198,86.4,153,181,84.5,41,74,55.4,4,2.4,2.3,+1.6,31,22,10,1,40,Matches
2047,Morten Thorsby,no NOR,MFFW,Genoa,it Serie A,29-181,1996,1.6,25,38,65.8,375,129,12,16,75.0,12,17,70.6,1,3,33.3,0,0.0,0.0,0.0,0,2,0,0,4,Matches
2048,Kristian Thorstvedt,no NOR,MF,Sassuolo,it Serie A,26-234,1999,3.6,102,133,76.7,1262,368,66,77,85.7,26,35,74.3,2,8,25.0,0,0.2,0.1,-0.2,7,15,3,0,16,Matches
2049,Khéphren Thuram,fr FRA,MF,Juventus,it Serie A,24-221,2001,6.6,295,341,86.5,4637,1031,154,170,90.6,119,129,92.2,15,23,65.2,1,0.3,0.5,+0.7,3,26,4,0,23,Matches
2050,Marcus Thuram,fr FRA,FW,Inter,it Serie A,28-088,1997,4.1,68,94,72.3,1006,119,43,58,74.1,19,24,79.2,4,4,100.0,1,1.1,0.3,-0.1,7,4,2,1,7,Matches
2051,Cheikh Tidiane Sabaly,sn SEN,MFFW,Metz,fr Ligue 1,26-243,1999,6.9,120,150,80.0,1850,454,62,71,87.3,48,55,87.3,7,12,58.3,1,1.0,0.6,0.0,5,9,7,1,21,Matches
2052,Youri Tielemans,be BEL,MF,Aston Villa,eng Premier League,28-179,1997,3.5,195,235,83.0,3535,862,87,98,88.8,77,88,87.5,26,38,68.4,0,0.2,0.4,-0.2,4,25,1,0,21,Matches
2053,Phillip Tietz,de GER,FWMF,Augsburg,de Bundesliga,28-116,1997,2.0,43,61,70.5,605,80,21,30,70.0,17,18,94.4,2,3,66.7,0,0.1,0.1,-0.1,3,2,2,0,5,Matches
2054,Malik Tillman,us USA,MF,Leverkusen,de Bundesliga,23-158,2002,4.2,139,171,81.3,1895,169,94,104,90.4,33,38,86.8,6,10,60.0,0,0.4,0.2,-0.4,4,7,1,0,8,Matches
2055,Jurriën Timber,nl NED,DF,Arsenal,eng Premier League,24-138,2001,8.8,363,429,84.6,5775,1788,166,182,91.2,181,205,88.3,10,23,43.5,1,0.6,0.7,+0.4,11,41,14,1,54,Matches
2056,Jean-Clair Todibo,fr FRA,DF,West Ham,eng Premier League,25-307,1999,3.4,176,202,87.1,3123,1028,65,70,92.9,97,104,93.3,14,23,60.9,0,0.0,0.0,0.0,0,16,0,0,16,Matches
2057,Umut Tohumcu,de GER,MF,Hoffenheim,de Bundesliga,21-083,2004,1.3,33,42,78.6,566,139,12,12,100.0,16,18,88.9,3,3,100.0,0,0.0,0.0,0.0,0,2,0,0,4,Matches
2058,Corentin Tolisso,fr FRA,MFFW,Lyon,fr Ligue 1,31-091,1994,9.5,391,472,82.8,6864,1606,181,205,88.3,144,166,86.7,47,62,75.8,0,1.2,0.8,-1.2,10,46,5,1,52,Matches
2059,Jeremy Toljan,de GER,DF,Levante,es La Liga,31-086,1994,9.5,267,380,70.3,4687,1956,130,155,83.9,104,142,73.2,28,60,46.7,2,1.6,0.7,+0.4,11,15,8,6,19,Matches
2060,Tiago Tomás,pt POR,FWMF,Stuttgart,de Bundesliga,23-139,2002,4.8,112,140,80.0,1516,303,67,81,82.7,34,42,81.0,3,5,60.0,0,0.7,0.5,-0.7,7,5,0,0,15,Matches
2061,Fikayo Tomori,eng ENG,DF,Milan,it Serie A,27-318,1997,7.6,429,487,88.1,7698,2589,152,160,95.0,247,266,92.9,27,48,56.3,0,0.1,0.2,-0.1,1,37,4,0,32,Matches
2062,Sandro Tonali,it ITA,MF,Newcastle Utd,eng Premier League,25-178,2000,7.8,370,460,80.4,6000,1737,199,219,90.9,134,161,83.2,27,62,43.5,1,1.6,1.1,-0.6,14,50,7,2,58,Matches
2063,Keke Topp,de GER,FW,Werder Bremen,de Bundesliga,21-222,2004,0.9,26,38,68.4,369,116,13,19,68.4,8,10,80.0,2,3,66.7,1,0.8,0.1,+0.2,1,1,0,0,3,Matches
2064,Pablo Torre,es ESP,MFFW,Mallorca,es La Liga,22-213,2003,5.7,222,283,78.4,3983,1225,114,128,89.1,73,95,76.8,32,48,66.7,1,1.0,1.1,0.0,11,36,5,2,33,Matches
2065,Jofre Torrents,es ESP,DF,Barcelona,es La Liga,18-278,2007,0.4,32,38,84.2,533,121,16,16,100.0,15,19,78.9,1,3,33.3,0,0.0,0.0,0.0,0,1,0,0,1,Matches
2066,Ferrán Torres,es ESP,FW,Barcelona,es La Liga,25-246,2000,6.7,111,144,77.1,1337,255,74,90,82.2,27,35,77.1,1,3,33.3,1,0.9,0.7,+0.1,9,5,4,0,11,Matches
2067,Pau Torres,es ESP,DF,Aston Villa,eng Premier League,28-290,1997,5.7,319,359,88.9,5620,2150,138,143,96.5,147,154,95.5,28,54,51.9,0,0.0,0.2,0.0,0,19,0,0,22,Matches
2068,Lucas Torró,es ESP,MF,Osasuna,es La Liga,31-106,1994,8.6,275,361,76.2,4207,1156,160,194,82.5,90,115,78.3,17,33,51.5,0,0.1,0.2,-0.1,2,30,1,0,25,Matches
2069,Jordan Torunarigha,de GER,DF,Hamburger SV,de Bundesliga,28-087,1997,2.0,117,143,81.8,2329,1006,43,44,97.7,56,64,87.5,16,27,59.3,0,0.0,0.1,0.0,0,16,0,0,17,Matches
2070,Abdoulaye Touré,gn GUI,MF,Le Havre,fr Ligue 1,31-244,1994,5.6,185,218,84.9,3233,800,94,102,92.2,59,71,83.1,26,33,78.8,0,0.1,0.8,-0.1,2,20,3,0,21,Matches
2071,Alpha Touré,sn SEN,MFDF,Metz,fr Ligue 1,19-281,2006,4.9,211,246,85.8,3246,608,109,120,90.8,88,96,91.7,7,14,50.0,0,0.3,0.1,-0.3,4,9,1,0,11,Matches
2072,Bazoumana Touré,ci CIV,FWMF,Hoffenheim,de Bundesliga,19-245,2006,7.4,147,212,69.3,2336,606,84,102,82.4,44,59,74.6,14,25,56.0,3,1.8,1.1,+1.2,12,8,13,5,23,Matches
2073,Idrissa Touré,de GER,DF,Pisa,it Serie A,27-187,1998,6.4,118,190,62.1,1948,754,66,81,81.5,37,64,57.8,12,28,42.9,0,0.6,0.9,-0.6,7,9,5,4,12,Matches
2074,Ousmane Toure,fr FRA,DF,Lille,fr Ligue 1,20-257,2005,0.6,23,29,79.3,409,102,9,12,75.0,12,15,80.0,2,2,100.0,0,0.0,0.0,0.0,0,0,0,0,2,Matches
2075,Lucas Tousart,fr FRA,MF,Brest,fr Ligue 1,28-187,1997,1.4,55,59,93.2,944,203,25,25,100.0,27,30,90.0,3,3,100.0,0,0.0,0.0,0.0,0,4,0,0,6,Matches
2076,James Trafford,eng ENG,GK,Manchester City,eng Premier League,23-023,2002,3.0,88,118,74.6,1948,1257,25,27,92.6,43,43,100.0,19,46,41.3,0,0.0,0.0,0.0,0,0,0,0,0,Matches
2077,Mattéo Tramoni,fr FRA,MFFW,Pisa,it Serie A,25-286,2000,5.6,74,118,62.7,1270,487,37,49,75.5,27,39,69.2,9,25,36.0,0,0.3,0.6,-0.3,6,10,5,2,17,Matches
2078,Adama Traoré,es ESP,FW,Fulham,eng Premier League,29-281,1996,2.6,50,73,68.5,736,132,21,28,75.0,24,30,80.0,1,7,14.3,0,0.5,0.5,-0.5,3,2,5,3,3,Matches
2079,Bertrand Traoré,bf BFA,FWMF,Sunderland,eng Premier League,30-057,1995,2.4,46,63,73.0,657,134,27,29,93.1,10,16,62.5,4,8,50.0,0,0.7,0.1,-0.7,3,2,3,1,2,Matches
2080,Boubacar Traoré,ml MLI,MF,Metz,fr Ligue 1,24-074,2001,6.7,252,288,87.5,4369,1006,112,121,92.6,112,122,91.8,22,32,68.8,0,0.0,0.1,0.0,0,15,1,0,15,Matches
2081,Hamari Traoré,ml MLI,DF,Paris FC,fr Ligue 1,33-279,1992,4.0,212,244,86.9,3630,1189,94,105,89.5,94,104,90.4,17,23,73.9,0,0.0,0.1,0.0,1,18,2,0,15,Matches
2082,Omar Traoré,de GER,DF,Heidenheim,de Bundesliga,27-271,1998,6.7,204,281,72.6,3709,1492,85,101,84.2,96,121,79.3,22,46,47.8,1,1.0,0.8,0.0,6,15,8,3,24,Matches
2083,Kevin Trapp,de GER,GK,Paris FC,fr Ligue 1,35-117,1990,2.0,63,87,72.4,1563,988,7,7,100.0,43,43,100.0,13,37,35.1,0,0.0,0.0,0.0,0,0,0,0,0,Matches
2084,Óscar Trejo,ar ARG,MF,Rayo Vallecano,es La Liga,37-190,1988,0.5,39,49,79.6,568,232,18,21,85.7,17,19,89.5,1,5,20.0,0,0.1,0.3,-0.1,3,6,3,2,6,Matches
2085,Philipp Treu,de GER,DFFW,Freiburg,de Bundesliga,24-334,2000,3.9,122,155,78.7,2128,551,51,58,87.9,60,77,77.9,10,17,58.8,0,0.1,0.1,-0.1,2,8,1,0,14,Matches
2086,Christopher Trimmel,at AUT,DF,Union Berlin,de Bundesliga,38-251,1987,6.8,160,295,54.2,3499,1807,52,60,86.7,63,113,55.8,43,106,40.6,1,1.7,2.0,-0.7,22,16,4,3,16,Matches
2087,Kieran Trippier,eng ENG,DF,Newcastle Utd,eng Premier League,35-044,1990,6.8,411,514,80.0,7511,2964,167,191,87.4,191,218,87.6,44,84,52.4,0,0.8,0.8,-0.8,14,41,10,2,64,Matches
2088,Mariano Troilo,ar ARG,MF,Parma,it Serie A,22-133,2003,0.0,0,0,,0,0,0,0,,0,0,,0,0,,0,0.0,0.0,0.0,0,0,0,0,0,Matches
2089,Leandro Trossard,be BEL,FW,Arsenal,eng Premier League,30-333,1994,6.1,162,235,68.9,3041,788,66,87,75.9,75,94,79.8,18,37,48.6,2,0.6,0.8,+1.4,8,12,11,2,21,Matches
2090,Adrien Truffert,fr FRA,DF,Bournemouth,eng Premier League,23-347,2001,9.0,373,470,79.4,5515,1809,224,242,92.6,123,161,76.4,17,41,41.5,1,0.6,0.5,+0.4,6,33,11,9,43,Matches
2091,Kostas Tsimikas,gr GRE,DF,Roma,it Serie A,29-174,1996,1.7,53,76,69.7,918,303,23,27,85.2,23,29,79.3,6,16,37.5,0,0.0,0.0,0.0,0,3,0,0,2,Matches
2092,Heorhii Tsitaishvili,ge GEO,DFFW,Metz,fr Ligue 1,24-349,2000,5.9,142,191,74.3,2111,574,77,85,90.6,49,67,73.1,8,26,30.8,1,1.9,2.2,-0.9,11,4,6,6,2,Matches
2093,Viktor Tsyhankov,ua UKR,MFFW,Girona,es La Liga,27-352,1997,3.5,83,121,68.6,1152,322,46,57,80.7,28,36,77.8,3,15,20.0,1,0.4,0.5,+0.6,4,5,2,1,7,Matches
2094,Axel Tuanzebe,cd COD,DF,Burnley,eng Premier League,27-353,1997,4.0,144,173,83.2,2605,822,63,70,90.0,68,71,95.8,13,27,48.1,0,0.0,0.0,0.0,0,8,1,0,7,Matches
2095,Stefano Turati,it ITA,GK,Sassuolo,it Serie A,24-058,2001,1.0,10,26,38.5,225,138,3,3,100.0,6,6,100.0,1,17,5.9,0,0.0,0.0,0.0,0,0,0,0,0,Matches
2096,Beñat Turrientes,es ESP,MF,Real Sociedad,es La Liga,23-275,2002,2.9,92,108,85.2,1583,374,41,49,83.7,42,46,91.3,7,8,87.5,0,0.0,0.1,0.0,1,7,1,1,11,Matches
2097,Stefanos Tzimas,gr GRE,MFFW,Brighton,eng Premier League,19-300,2006,0.9,12,16,75.0,169,32,5,5,100.0,6,7,85.7,0,1,0.0,1,0.5,0.1,+0.5,6,1,0,0,2,Matches
2098,Christantus Uche,ng NGA,MF,Crystal Palace,eng Premier League,22-167,2003,0.1,5,11,45.5,70,11,3,5,60.0,2,4,50.0,0,2,0.0,0,0.0,0.0,0.0,0,1,0,0,0,Matches
2099,Christantus Uche,ng NGA,FW,Getafe,es La Liga,22-167,2003,3.0,29,46,63.0,358,89,21,24,87.5,5,14,35.7,1,2,50.0,1,0.4,0.5,+0.6,4,0,1,0,4,Matches
2100,Destiny Udogie,it ITA,DF,Tottenham,eng Premier League,22-339,2002,3.6,191,227,84.1,3038,1164,93,105,88.6,90,99,90.9,5,10,50.0,0,0.2,0.2,-0.2,3,21,5,0,21,Matches
2101,Matthieu Udol,fr FRA,DF,Lens,fr Ligue 1,29-227,1996,9.9,355,449,79.1,6007,2178,183,200,91.5,143,176,81.3,28,52,53.8,0,1.7,1.6,-1.7,9,20,16,9,30,Matches
2102,Manuel Ugarte,uy URU,MF,Manchester Utd,eng Premier League,24-205,2001,3.2,122,144,84.7,1962,495,67,76,88.2,43,47,91.5,9,13,69.2,0,0.0,0.0,0.0,1,17,0,0,19,Matches
2103,Lesley Ugochukwu,fr FRA,MF,Burnley,eng Premier League,21-221,2004,5.8,124,146,84.9,1822,552,71,78,91.0,40,44,90.9,10,11,90.9,0,0.0,0.1,0.0,1,11,1,0,10,Matches
2104,Filip Ugrinic,ch SUI,MF,Valencia,es La Liga,26-301,1999,1.0,33,38,86.8,560,239,19,20,95.0,9,11,81.8,5,7,71.4,1,0.2,0.2,+0.8,1,4,0,0,4,Matches
2105,Lukas Ullrich,de GER,DF,Gladbach,de Bundesliga,21-231,2004,5.9,191,252,75.8,3009,1063,87,95,91.6,89,116,76.7,9,26,34.6,0,0.4,0.5,-0.4,7,15,10,2,17,Matches
2106,Enes Ünal,tr TUR,FW,Bournemouth,eng Premier League,28-176,1997,0.0,0,0,,0,0,0,0,,0,0,,0,0,,0,0.0,0.0,0.0,0,0,0,0,0,Matches
2107,Deniz Undav,de GER,FWMF,Stuttgart,de Bundesliga,29-106,1996,3.3,74,107,69.2,1132,293,41,49,83.7,27,37,73.0,4,13,30.8,0,0.3,0.6,-0.3,5,8,4,0,9,Matches
2108,Dayot Upamecano,fr FRA,DF,Bayern Munich,de Bundesliga,27-006,1998,6.2,499,536,93.1,8901,2777,213,219,97.3,240,251,95.6,40,54,74.1,0,0.2,0.2,-0.2,2,48,1,0,32,Matches
2109,Jan Urbich,de GER,FW,Gladbach,de Bundesliga,21-132,2004,0.4,4,9,44.4,35,0,4,8,50.0,0,0,,0,1,0.0,0,0.0,0.0,0.0,1,0,0,0,0,Matches
2110,Jonas Urbig,de GER,GK,Bayern Munich,de Bundesliga,22-086,2003,1.0,25,28,89.3,507,387,7,7,100.0,13,13,100.0,4,7,57.1,0,0.0,0.0,0.0,0,0,0,0,2,Matches
2111,Can Uzun,tr TUR,MF,Eint Frankfurt,de Bundesliga,19-356,2005,6.5,247,305,81.0,3976,1030,122,138,88.4,98,114,86.0,19,33,57.6,3,1.8,1.8,+1.2,10,28,10,1,43,Matches
2112,Josha Vagnoman,de GER,DF,Stuttgart,de Bundesliga,24-326,2000,5.9,211,265,79.6,3373,758,105,114,92.1,94,113,83.2,8,22,36.4,1,0.4,0.6,+0.6,8,12,5,3,16,Matches
2113,Lautaro Valenti,ar ARG,DF,Parma,it Serie A,26-292,1999,4.5,97,144,67.4,1942,831,27,32,84.4,59,74,79.7,10,31,32.3,0,0.1,0.1,-0.1,2,6,0,0,6,Matches
2114,Óscar Valentín,es ESP,MF,Rayo Vallecano,es La Liga,31-074,1994,6.2,206,233,88.4,3268,1213,100,105,95.2,95,109,87.2,9,14,64.3,0,0.0,0.2,0.0,0,21,1,0,31,Matches
2115,Nicolás Valentini,ar ARG,DF,Hellas Verona,it Serie A,24-210,2001,2.7,42,65,64.6,740,318,22,24,91.7,14,17,82.4,5,20,25.0,0,0.6,0.4,-0.6,2,4,2,2,6,Matches
2116,Germán Valera,es ESP,FWDF,Elche,es La Liga,23-231,2002,7.6,298,363,82.1,4240,1198,174,187,93.0,93,106,87.7,15,32,46.9,1,0.9,1.0,+0.1,11,17,8,3,26,Matches
2117,Emanuele Valeri,it ITA,DF,Parma,it Serie A,26-330,1998,5.3,116,206,56.3,2329,1136,47,59,79.7,47,77,61.0,19,56,33.9,1,0.8,1.1,+0.2,13,13,7,5,13,Matches
2118,Martin Valjent,sk SVK,DF,Mallorca,es La Liga,29-326,1995,10.0,378,444,85.1,7266,2595,136,149,91.3,208,225,92.4,33,65,50.8,0,0.0,0.1,0.0,0,33,1,0,33,Matches
2119,Álex Valle,es ESP,DF,Como,it Serie A,21-191,2004,7.4,345,416,82.9,4866,1641,204,231,88.3,118,137,86.1,9,18,50.0,1,0.3,0.3,+0.7,3,25,4,1,23,Matches
2120,Álvaro Vallés,es ESP,GK,Betis,es La Liga,28-100,1997,3.0,90,109,82.6,2166,1307,18,18,100.0,51,51,100.0,21,39,53.8,0,0.0,0.0,0.0,0,0,0,0,0,Matches
2121,Federico Valverde,uy URU,MFDF,Real Madrid,es La Liga,27-103,1998,10.1,599,664,90.2,9662,2655,303,326,92.9,231,249,92.8,40,53,75.5,4,1.4,1.2,+2.6,16,80,11,2,64,Matches
2122,Ignace Van Der Brempt,be BEL,DF,Como,it Serie A,23-215,2002,1.1,42,49,85.7,728,216,22,22,100.0,16,19,84.2,4,5,80.0,0,0.0,0.0,0.0,0,2,0,0,1,Matches
2123,Virgil van Dijk,nl NED,DF,Liverpool,eng Premier League,34-117,1991,10.0,704,782,90.0,12732,5441,282,292,96.6,359,381,94.2,52,92,56.5,0,0.1,0.2,-0.1,2,77,2,0,63,Matches
2124,Vladyslav Vanat,ua UKR,FW,Girona,es La Liga,23-302,2002,6.2,61,84,72.6,935,139,34,39,87.2,24,30,80.0,2,4,50.0,0,0.7,0.3,-0.7,5,4,2,1,6,Matches
2125,Jari Vandeputte,be BEL,MF,Cremonese,it Serie A,29-261,1996,7.2,204,295,69.2,3996,1249,83,102,81.4,88,111,79.3,29,63,46.0,4,2.1,1.8,+1.9,17,21,5,4,28,Matches
2126,Vanderson,br BRA,DF,Monaco,fr Ligue 1,24-134,2001,2.0,120,148,81.1,2196,740,56,63,88.9,44,55,80.0,18,22,81.8,1,0.5,0.7,+0.5,3,10,6,4,12,Matches
2127,Charles Vanhoutte,be BEL,MF,Nice,fr Ligue 1,27-047,1998,7.0,265,334,79.3,4078,1269,155,177,87.6,86,102,84.3,16,31,51.6,1,0.1,0.1,+0.9,3,29,1,0,29,Matches
2128,Jamie Vardy,eng ENG,FW,Cremonese,it Serie A,38-295,1987,4.7,30,60,50.0,369,85,17,27,63.0,7,15,46.7,1,3,33.3,0,0.1,0.1,-0.1,3,3,2,0,4,Matches
2129,Ruben Vargas,ch SUI,FWMF,Sevilla,es La Liga,27-089,1998,8.0,207,311,66.6,3507,883,96,125,76.8,81,109,74.3,21,46,45.7,4,1.4,1.1,+2.6,11,10,6,1,24,Matches
2130,Nikola Vasilj,ba BIH,GK,St. Pauli,de Bundesliga,29-335,1995,9.0,282,343,82.2,6246,4036,76,76,100.0,162,165,98.2,43,101,42.6,0,0.0,0.0,0.0,0,4,0,0,0,Matches
2131,Johan Vásquez,mx MEX,DF,Genoa,it Serie A,27-011,1998,9.0,450,531,84.7,8782,2935,140,151,92.7,262,286,91.6,45,80,56.3,0,0.2,0.1,-0.2,2,38,0,0,40,Matches
2132,José Luis García Vayá,es ESP,MF,Valencia,es La Liga,27-083,1998,7.0,326,409,79.7,6075,1913,129,149,86.6,152,170,89.4,37,78,47.4,0,0.3,0.6,-0.3,7,37,5,0,47,Matches
2133,Robinio Vaz,fr FRA,FWMF,Marseille,fr Ligue 1,18-258,2007,3.1,34,49,69.4,512,53,17,23,73.9,13,16,81.3,2,3,66.7,2,0.7,0.3,+1.3,3,2,1,0,4,Matches
2134,Franco Vázquez,ar ARG,FWMF,Cremonese,it Serie A,36-253,1989,3.7,99,136,72.8,1634,382,44,54,81.5,42,52,80.8,8,16,50.0,0,0.5,0.7,-0.5,4,7,3,1,18,Matches
2135,Jesus Vazquez,es ESP,DFMF,Valencia,es La Liga,22-304,2003,4.0,148,177,83.6,2320,675,77,85,90.6,64,74,86.5,6,11,54.5,0,0.2,0.1,-0.2,4,11,0,0,11,Matches
2136,Lucas Vázquez,es ESP,DF,Leverkusen,de Bundesliga,34-124,1991,2.6,89,104,85.6,1150,220,56,64,87.5,26,27,96.3,2,4,50.0,1,0.8,0.7,+0.2,4,2,1,0,2,Matches
2137,Matías Vecino,uy URU,MF,Lazio,it Serie A,34-070,1991,0.8,23,25,92.0,284,90,12,13,92.3,7,7,100.0,1,1,100.0,0,0.0,0.0,0.0,0,3,0,0,4,Matches
2138,Danilo Veiga,pt POR,DF,Lecce,it Serie A,23-038,2002,6.5,205,273,75.1,3631,1244,97,118,82.2,82,104,78.8,24,38,63.2,1,0.2,0.5,+0.8,4,22,8,4,25,Matches
2139,Renato Veiga,pt POR,DF,Villarreal,es La Liga,22-096,2003,7.8,367,411,89.3,7033,2779,140,145,96.6,191,205,93.2,34,55,61.8,0,0.0,0.1,0.0,1,23,1,0,20,Matches
2140,Joël Veltman,nl NED,DF,Brighton,eng Premier League,33-291,1992,3.6,80,108,74.1,1520,659,30,35,85.7,40,47,85.1,9,20,45.0,0,0.0,0.0,0.0,1,11,0,0,14,Matches
2141,Micky van de Ven,nl NED,DF,Tottenham,eng Premier League,24-197,2001,9.9,553,602,91.9,10974,3360,170,174,97.7,336,346,97.1,45,75,60.0,0,0.1,0.2,-0.1,2,29,1,0,29,Matches
2142,Unai Vencedor Paris,es ESP,MF,Levante,es La Liga,24-352,2000,4.5,175,220,79.5,3228,1151,83,90,92.2,65,77,84.4,24,45,53.3,0,0.9,1.3,-0.9,6,22,5,4,20,Matches
2143,Lorenzo Venturino,it ITA,FWMF,Genoa,it Serie A,19-133,2006,0.4,23,32,71.9,417,111,9,11,81.8,12,14,85.7,1,5,20.0,0,0.4,0.6,-0.4,1,2,2,2,4,Matches
2144,Nikolas Veratschnig,at AUT,DFMF,Mainz 05,de Bundesliga,22-282,2003,1.7,63,89,70.8,972,298,31,42,73.8,28,39,71.8,3,4,75.0,0,0.0,0.2,0.0,1,5,2,0,8,Matches
2145,Bart Verbruggen,nl NED,GK,Brighton,eng Premier League,23-076,2002,10.0,291,391,74.4,6876,4551,83,83,100.0,139,141,98.6,68,165,41.2,0,0.1,0.0,-0.1,1,6,1,0,0,Matches
2146,Calvin Verdonk,id IDN,DF,Lille,fr Ligue 1,28-190,1997,1.9,111,143,77.6,1854,689,52,66,78.8,52,60,86.7,6,12,50.0,0,0.2,0.2,-0.2,4,14,1,0,19,Matches
2147,Antonio Vergara,it ITA,MF,Napoli,it Serie A,22-290,2003,0.0,2,2,100.0,24,0,2,2,100.0,0,0,,0,0,,0,0.0,0.0,0.0,0,0,0,0,0,Matches
2148,Arthur Vermeeren,be BEL,MFFW,Marseille,fr Ligue 1,20-268,2005,2.0,170,192,88.5,2393,534,104,114,91.2,54,62,87.1,6,7,85.7,1,0.1,0.1,+0.9,2,20,0,0,14,Matches
2149,Jozhua Vertrouwd,nl NED,DF,Rayo Vallecano,es La Liga,21-073,2004,2.1,98,104,94.2,1742,507,41,42,97.6,52,54,96.3,4,7,57.1,0,0.1,0.0,-0.1,2,1,0,0,1,Matches
2150,Mikel Vesga,es ESP,MF,Athletic Club,es La Liga,32-165,1993,2.1,90,113,79.6,1723,502,39,44,88.6,36,47,76.6,14,18,77.8,0,0.1,0.1,-0.1,1,14,1,0,19,Matches
2151,Guglielmo Vicario,it ITA,GK,Tottenham,eng Premier League,29-026,1996,10.0,332,422,78.7,7833,4655,63,63,100.0,201,201,100.0,68,155,43.9,0,0.0,0.0,0.0,0,6,0,0,0,Matches
2152,Carlos Vicente,es ESP,MFFW,Alavés,es La Liga,26-193,1999,7.5,238,334,71.3,3651,976,139,158,88.0,85,107,79.4,13,41,31.7,0,1.1,1.0,-1.1,11,11,9,6,16,Matches
2153,Nacho Vidal,es ESP,DF,Oviedo,es La Liga,30-282,1995,5.9,202,245,82.4,3370,1052,94,103,91.3,89,105,84.8,14,28,50.0,0,0.0,0.0,0.0,0,1,1,0,6,Matches
2154,Fabio Vieira,pt POR,MF,Hamburger SV,de Bundesliga,25-156,2000,3.0,96,114,84.2,1940,601,35,39,89.7,43,51,84.3,16,22,72.7,1,1.1,0.9,-0.1,10,8,6,1,22,Matches
2155,Julián Vignolo,ar ARG,FW,Toulouse,fr Ligue 1,18-330,2006,0.1,1,1,100.0,17,0,0,0,,1,1,100.0,0,0,,0,0.0,0.0,0.0,0,0,0,0,0,Matches
2156,Federico Viñas,uy URU,FW,Oviedo,es La Liga,27-125,1998,3.6,36,54,66.7,573,90,18,28,64.3,14,16,87.5,2,4,50.0,0,0.5,0.2,-0.5,3,2,1,0,3,Matches
2157,Jan Virgili,es ESP,FWMF,Mallorca,es La Liga,19-099,2006,2.6,55,73,75.3,923,185,25,31,80.6,28,34,82.4,1,3,33.3,2,1.3,0.7,+0.7,10,0,4,2,7,Matches
2158,Mattia Viti,it ITA,DF,Fiorentina,it Serie A,23-282,2002,1.6,61,74,82.4,1157,461,22,24,91.7,30,36,83.3,7,11,63.6,0,0.0,0.0,0.0,0,6,0,0,4,Matches
2159,Martin Vitík,cz CZE,DF,Bologna,it Serie A,22-285,2003,4.0,172,207,83.1,3602,1142,37,44,84.1,115,121,95.0,19,37,51.4,0,0.2,0.0,-0.2,2,23,0,0,17,Matches
2160,Vitinha,pt POR,FWMF,Genoa,it Serie A,25-232,2000,3.6,54,98,55.1,930,318,29,41,70.7,17,27,63.0,7,22,31.8,0,0.5,0.6,-0.5,6,6,6,3,7,Matches
2161,Vitinha,pt POR,MF,Paris S-G,fr Ligue 1,25-262,2000,7.7,1014,1079,94.0,18435,4647,433,440,98.4,450,473,95.1,113,137,82.5,4,1.1,2.1,+2.9,14,137,15,1,115,Matches
2162,Daniel Vivian,es ESP,DF,Athletic Club,es La Liga,26-110,1999,9.7,425,501,84.8,8798,3202,129,142,90.8,231,252,91.7,63,99,63.6,0,0.2,0.1,-0.2,2,37,0,0,41,Matches
2163,Odysseas Vlachodimos,gr GRE,GK,Sevilla,es La Liga,31-190,1994,7.0,182,248,73.4,5319,3620,27,27,100.0,91,91,100.0,63,127,49.6,0,0.0,0.0,0.0,0,3,0,0,0,Matches
2164,Dušan Vlahović,rs SRB,FW,Juventus,it Serie A,25-278,2000,5.5,67,96,69.8,1025,185,41,54,75.9,15,27,55.6,8,10,80.0,0,0.4,0.6,-0.4,4,3,2,1,7,Matches
2165,Nikola Vlašić,hr CRO,MFFW,Torino,it Serie A,28-029,1997,7.0,196,232,84.5,3059,964,107,119,89.9,77,86,89.5,10,15,66.7,0,0.6,0.5,-0.6,11,23,15,2,37,Matches
2166,Mërgim Vojvoda,xk KVX,FWDF,Como,it Serie A,30-274,1995,5.5,190,242,78.5,3167,1009,94,107,87.9,82,96,85.4,10,22,45.5,0,0.8,0.3,-0.8,7,13,5,1,21,Matches
2167,Cristian Volpato,it ITA,FWMF,Sassuolo,it Serie A,21-352,2003,3.0,78,109,71.6,1455,410,34,45,75.6,26,30,86.7,14,24,58.3,2,0.6,0.3,+1.4,5,10,2,0,14,Matches
2168,Alexis Vossah,fr FRA,MF,Toulouse,fr Ligue 1,17-236,2008,1.2,36,48,75.0,526,175,27,29,93.1,6,12,50.0,3,6,50.0,1,0.2,0.2,+0.8,1,4,0,0,3,Matches
2169,Aster Vranckx,be BEL,MF,Sassuolo,it Serie A,23-029,2002,4.6,122,149,81.9,1848,362,69,71,97.2,39,46,84.8,8,14,57.1,0,0.0,0.1,0.0,1,3,1,1,8,Matches
2170,Stefan de Vrij,nl NED,DF,Inter,it Serie A,33-270,1992,2.0,125,133,94.0,2387,955,38,41,92.7,74,77,96.1,13,14,92.9,0,0.0,0.0,0.0,1,7,1,0,10,Matches
2171,İsak Vural,tr TUR,MF,Pisa,it Serie A,19-158,2006,1.2,19,26,73.1,279,80,12,15,80.0,6,9,66.7,1,2,50.0,0,0.0,0.0,0.0,0,4,0,0,2,Matches
2172,Luka Vušković,hr CRO,DF,Hamburger SV,de Bundesliga,18-251,2007,6.0,326,393,83.0,6310,1998,103,113,91.2,193,218,88.5,27,51,52.9,0,0.2,0.2,-0.2,6,11,0,0,21,Matches
2173,Yannik Wagner,de GER,MF,Heidenheim,de Bundesliga,18-177,2007,0.3,7,7,100.0,120,66,3,3,100.0,3,3,100.0,1,1,100.0,0,0.6,0.5,-0.6,2,0,1,1,1,Matches
2174,Elye Wahi,fr FRA,FW,Eint Frankfurt,de Bundesliga,22-304,2003,3.3,60,76,78.9,841,185,35,42,83.3,23,27,85.2,1,4,25.0,1,0.3,0.1,+0.7,4,7,3,0,10,Matches
2175,Hauke Wahl,de GER,DF,St. Pauli,de Bundesliga,31-201,1994,8.0,512,588,87.1,8541,3537,219,238,92.0,255,278,91.7,25,56,44.6,0,0.1,0.2,-0.1,3,70,2,0,50,Matches
2176,Luca Waldschmidt,de GER,FWMF,Köln,de Bundesliga,29-167,1996,2.0,42,60,70.0,631,151,23,28,82.1,16,20,80.0,1,5,20.0,1,0.6,0.4,+0.4,4,2,1,1,3,Matches
2177,Kyle Walker,eng ENG,DF,Burnley,eng Premier League,35-158,1990,10.0,308,459,67.1,5641,2124,143,169,84.6,118,157,75.2,36,100,36.0,1,0.4,0.4,+0.6,1,21,2,1,24,Matches
2178,Kyle Walker-Peters,eng ENG,DF,West Ham,eng Premier League,28-203,1997,5.0,205,241,85.1,2980,902,125,134,93.3,64,76,84.2,8,19,42.1,0,0.1,0.1,-0.1,3,14,3,0,16,Matches
2179,Sebastian Walukiewicz,pl POL,DF,Sassuolo,it Serie A,25-211,2000,7.4,284,344,82.6,4397,1757,144,168,85.7,113,128,88.3,17,30,56.7,0,0.5,0.7,-0.5,6,22,6,3,18,Matches
2180,Aaron Wan-Bissaka,cd COD,DF,West Ham,eng Premier League,27-341,1997,4.2,196,241,81.3,2722,979,126,140,90.0,52,64,81.3,10,14,71.4,0,0.2,0.2,-0.2,3,9,6,5,13,Matches
2181,James Ward-Prowse,eng ENG,MF,West Ham,eng Premier League,31-001,1994,4.6,185,218,84.9,3214,1005,81,84,96.4,71,81,87.7,23,37,62.2,0,0.9,0.9,-0.9,12,19,5,1,20,Matches
2182,Ollie Watkins,eng ENG,FW,Aston Villa,eng Premier League,29-307,1995,8.7,104,140,74.3,1249,202,73,94,77.7,20,25,80.0,3,5,60.0,0,0.5,0.3,-0.5,6,5,2,0,12,Matches
2183,Tom Watson,eng ENG,FW,Brighton,eng Premier League,19-208,2006,0.5,9,13,69.2,192,41,3,5,60.0,4,4,100.0,2,2,100.0,0,0.0,0.0,0.0,0,1,0,0,1,Matches
2184,Timothy Weah,us USA,DFFW,Marseille,fr Ligue 1,25-253,2000,5.8,227,265,85.7,3263,755,139,147,94.6,68,80,85.0,12,19,63.2,1,0.4,0.7,+0.6,8,11,6,2,18,Matches
2185,Tobias Weigel,de GER,FW,Heidenheim,de Bundesliga,18-190,2007,0.0,2,2,100.0,31,22,1,1,100.0,1,1,100.0,0,0,,0,0.0,0.0,0.0,0,0,0,0,0,Matches
2186,Nelson Weiper,de GER,FW,Mainz 05,de Bundesliga,20-230,2005,3.4,45,69,65.2,631,129,21,34,61.8,13,17,76.5,3,6,50.0,0,0.2,0.2,-0.2,3,3,1,0,7,Matches
2187,Danny Welbeck,eng ENG,FW,Brighton,eng Premier League,34-341,1990,7.0,107,140,76.4,1411,206,60,74,81.1,39,44,88.6,1,3,33.3,0,0.3,0.5,-0.3,8,10,1,0,8,Matches
2188,Timo Werner,de GER,FW,RB Leipzig,de Bundesliga,29-241,1996,0.0,2,2,100.0,55,15,0,0,,1,1,100.0,1,1,100.0,0,0.0,0.0,0.0,0,0,1,1,0,Matches
2189,Wesley,br BRA,DFMF,Roma,it Serie A,22-057,2003,7.4,307,389,78.9,4458,1395,174,185,94.1,104,134,77.6,14,31,45.2,0,1.5,1.1,-1.5,7,13,6,4,21,Matches
2190,Adam Wharton,eng ENG,MF,Crystal Palace,eng Premier League,21-269,2004,7.0,216,281,76.9,4053,1542,73,86,84.9,118,133,88.7,22,51,43.1,0,2.2,1.7,-2.2,14,27,6,0,36,Matches
2191,Ben White,eng ENG,DF,Arsenal,eng Premier League,28-025,1997,0.8,21,27,77.8,353,131,10,11,90.9,10,12,83.3,1,3,33.3,0,0.0,0.0,0.0,1,5,0,0,4,Matches
2192,Silvan Widmer,ch SUI,DF,Mainz 05,de Bundesliga,32-242,1993,3.3,89,136,65.4,1477,457,47,58,81.0,30,46,65.2,9,22,40.9,0,0.1,0.2,-0.1,1,7,2,1,11,Matches
2193,Mats Wieffer,nl NED,DF,Brighton,eng Premier League,25-351,1999,6.1,267,321,83.2,4651,1392,124,136,91.2,114,128,89.1,24,39,61.5,2,1.5,0.9,+0.5,7,19,4,1,31,Matches
2194,Iñaki Williams,gh GHA,FW,Athletic Club,es La Liga,31-140,1994,7.5,104,163,63.8,1514,378,63,80,78.8,29,43,67.4,8,15,53.3,0,0.5,0.6,-0.5,6,9,5,2,12,Matches
2195,Neco Williams,wls WAL,DFMF,Nott'ham Forest,eng Premier League,24-203,2001,10.0,423,535,79.1,6606,1941,231,254,90.9,164,199,82.4,20,58,34.5,0,0.5,0.5,-0.5,7,31,5,5,44,Matches
2196,Nico Williams,es ESP,FW,Athletic Club,es La Liga,23-113,2002,5.2,123,170,72.4,1810,391,67,82,81.7,45,58,77.6,7,15,46.7,1,0.8,1.4,+0.2,7,3,11,1,14,Matches
2197,Estêvão Willian,br BRA,FW,Chelsea,eng Premier League,18-192,2007,3.5,100,123,81.3,1595,276,53,62,85.5,43,47,91.5,3,10,30.0,1,1.3,1.3,-0.3,5,5,4,2,7,Matches
2198,Joe Willock,eng ENG,MF,Newcastle Utd,eng Premier League,26-074,1999,1.0,15,20,75.0,261,29,7,9,77.8,7,7,100.0,1,2,50.0,0,0.0,0.0,0.0,0,1,0,0,1,Matches
2199,Callum Wilson,eng ENG,FW,West Ham,eng Premier League,33-248,1992,2.7,18,30,60.0,203,49,10,12,83.3,6,10,60.0,0,1,0.0,0,0.0,0.1,0.0,1,1,0,0,1,Matches
2200,Harry Wilson,wls WAL,FWMF,Fulham,eng Premier League,28-225,1997,6.6,140,193,72.5,2292,589,71,79,89.9,48,67,71.6,14,33,42.4,0,0.3,0.4,-0.3,8,11,3,0,12,Matches
2201,Patrick Wimmer,at AUT,FW,Wolfsburg,de Bundesliga,24-156,2001,4.7,87,127,68.5,1352,426,46,58,79.3,30,42,71.4,6,18,33.3,1,0.2,0.4,+0.8,3,8,3,0,13,Matches
2202,Jonas Wind,dk DEN,FW,Wolfsburg,de Bundesliga,26-268,1999,2.7,44,74,59.5,739,297,17,26,65.4,18,31,58.1,4,5,80.0,0,0.1,0.3,-0.1,3,2,1,0,14,Matches
2203,Ben Winterburn,eng ENG,MF,Bournemouth,eng Premier League,21-059,2004,0.1,0,1,0.0,0,0,0,1,0.0,0,0,,0,0,,0,0.0,0.0,0.0,0,0,0,0,0,Matches
2204,Florian Wirtz,de GER,MFFW,Liverpool,eng Premier League,22-183,2003,6.7,253,331,76.4,3859,1087,140,166,84.3,84,104,80.8,19,35,54.3,0,1.1,1.1,-1.1,16,24,11,0,45,Matches
2205,Axel Witsel,be BEL,MF,Girona,es La Liga,36-294,1989,7.1,295,335,88.1,4244,1231,161,175,92.0,111,121,91.7,6,13,46.2,0,0.2,0.2,-0.2,5,21,1,0,31,Matches
2206,Marius Wolf,de GER,DFMF,Augsburg,de Bundesliga,30-159,1995,3.5,69,102,67.6,1140,454,33,39,84.6,30,43,69.8,5,13,38.5,0,0.4,0.3,-0.4,4,7,3,2,8,Matches
2207,Nick Woltemade,de GER,FW,Newcastle Utd,eng Premier League,23-261,2002,5.3,70,91,76.9,921,185,46,56,82.1,19,24,79.2,2,2,100.0,0,0.2,0.2,-0.2,3,4,3,0,9,Matches
2208,Nick Woltemade,de GER,FW,Stuttgart,de Bundesliga,23-261,2002,1.0,5,9,55.6,56,12,4,7,57.1,1,1,100.0,0,0,,0,0.1,0.1,-0.1,1,0,1,0,1,Matches
2209,Jeong Woo-yeong,kr KOR,MF,Union Berlin,de Bundesliga,26-043,1999,1.7,42,62,67.7,558,166,27,31,87.1,11,19,57.9,1,5,20.0,0,0.2,0.4,-0.2,3,2,2,1,6,Matches
2210,Chris Wood,nz NZL,FW,Nott'ham Forest,eng Premier League,33-330,1991,6.0,54,81,66.7,751,108,31,41,75.6,20,30,66.7,0,2,0.0,0,0.2,0.1,-0.2,3,4,1,0,7,Matches
2211,Christopher Wooh,cm CMR,DF,Rennes,fr Ligue 1,24-045,2001,0.7,18,19,94.7,289,74,9,9,100.0,8,9,88.9,1,1,100.0,0,0.0,0.0,0.0,0,3,0,0,0,Matches
2212,Joe Worrall,eng ENG,DF,Burnley,eng Premier League,28-296,1997,0.2,2,5,40.0,41,11,1,2,50.0,1,2,50.0,0,0,,0,0.0,0.0,0.0,0,0,0,0,1,Matches
2213,Granit Xhaka,ch SUI,MF,Sunderland,eng Premier League,33-036,1992,9.0,405,512,79.1,7834,2300,163,189,86.2,173,202,85.6,60,99,60.6,3,1.1,0.8,+1.9,11,48,6,1,50,Matches
2214,Lamine Yamal,es ESP,FW,Barcelona,es La Liga,18-112,2007,5.1,193,256,75.4,2735,815,116,128,90.6,61,84,72.6,8,25,32.0,4,1.7,2.4,+2.3,11,11,14,2,22,Matches
2215,Yehor Yarmoliuk,ua UKR,MF,Brentford,eng Premier League,21-246,2004,8.7,266,327,81.3,4531,1119,145,160,90.6,87,103,84.5,27,45,60.0,1,0.3,0.4,+0.7,7,24,5,1,30,Matches
2216,Ryan Yates,eng ENG,MF,Nott'ham Forest,eng Premier League,27-346,1997,2.4,97,111,87.4,1491,342,52,56,92.9,39,42,92.9,4,9,44.4,1,0.2,0.2,+0.8,1,8,2,1,11,Matches
2217,Terry Yegbe,gh GHA,DF,Metz,fr Ligue 1,24-281,2001,7.3,369,436,84.6,7666,2415,93,99,93.9,228,246,92.7,46,85,54.1,0,0.1,0.0,-0.1,2,20,0,0,14,Matches
2218,Bertuğ Yıldırım,tr TUR,FW,Rennes,fr Ligue 1,23-113,2002,0.0,2,4,50.0,16,10,2,3,66.7,0,1,0.0,0,0,,0,0.2,0.4,-0.2,1,0,1,0,1,Matches
2219,Kenan Yıldız,tr TUR,MFFW,Juventus,it Serie A,20-182,2005,8.2,257,333,77.2,3860,980,150,173,86.7,83,103,80.6,16,33,48.5,3,2.0,1.6,+1.0,20,15,11,3,31,Matches
2220,Darlin Yongwa,cm CMR,DFMF,Lorient,fr Ligue 1,25-041,2000,2.8,123,162,75.9,2128,806,60,68,88.2,53,61,86.9,10,25,40.0,0,0.8,0.7,-0.8,4,15,7,2,18,Matches
2221,Leny Yoro,fr FRA,DF,Manchester Utd,eng Premier League,19-354,2005,6.9,312,358,87.2,5467,1986,129,139,92.8,157,171,91.8,21,39,53.8,0,0.0,0.1,0.0,1,22,2,1,27,Matches
2222,Etienne Youte Kinkoue,fr FRA,DFMF,Le Havre,fr Ligue 1,23-292,2002,3.5,119,144,82.6,2727,932,26,30,86.7,65,73,89.0,27,39,69.2,0,0.0,0.0,0.0,1,1,2,0,15,Matches
2223,Illia Zabarnyi,ua UKR,DF,Paris S-G,fr Ligue 1,23-062,2002,9.3,761,813,93.6,13329,4646,291,307,94.8,424,439,96.6,35,49,71.4,0,0.0,0.2,0.0,2,91,1,0,55,Matches
2224,Mattia Zaccagni,it ITA,FW,Lazio,it Serie A,30-139,1995,7.6,181,228,79.4,2679,711,93,102,91.2,60,69,87.0,14,24,58.3,0,0.4,0.3,-0.4,4,18,6,0,23,Matches
2225,Dan-Axel Zagadou,fr FRA,DF,Stuttgart,de Bundesliga,26-152,1999,0.8,65,74,87.8,1297,497,18,19,94.7,40,42,95.2,5,11,45.5,0,0.0,0.0,0.0,0,8,0,0,6,Matches
2226,Stephan Zagadou,fr FRA,DF,Le Havre,fr Ligue 1,17-009,2008,0.7,26,29,89.7,415,134,11,13,84.6,13,13,100.0,2,3,66.7,0,0.0,0.0,0.0,0,2,0,0,4,Matches
2227,Warren Zaïre-Emery,fr FRA,MFDF,Paris S-G,fr Ligue 1,19-239,2006,9.0,726,770,94.3,11263,2403,371,385,96.4,294,304,96.7,42,47,89.4,1,1.6,1.2,-0.6,17,84,9,0,77,Matches
2228,Denis Zakaria,ch SUI,MF,Monaco,fr Ligue 1,28-347,1996,4.0,170,185,91.9,2538,595,97,98,99.0,61,70,87.1,6,9,66.7,1,1.2,0.5,-0.2,4,21,4,0,14,Matches
2229,Arsen Zakharyan,ru RUS,MFFW,Real Sociedad,es La Liga,22-160,2003,1.4,54,73,74.0,863,247,31,35,88.6,18,20,90.0,5,11,45.5,0,0.3,0.3,-0.3,2,6,2,0,7,Matches
2230,Nicola Zalewski,pl POL,DF,Atalanta,it Serie A,23-283,2002,4.6,144,217,66.4,2578,733,67,77,87.0,53,81,65.4,21,48,43.8,1,0.5,0.9,+0.5,4,8,4,2,13,Matches
2231,Andre-Frank Zambo Anguissa,cm CMR,MF,Napoli,it Serie A,29-351,1995,9.4,367,445,82.5,5164,1400,227,256,88.7,126,152,82.9,8,16,50.0,1,1.3,1.0,-0.3,10,27,9,2,38,Matches
2232,Nicolò Zaniolo,it ITA,FW,Udinese,it Serie A,26-123,1999,5.2,94,129,72.9,1728,447,44,53,83.0,36,44,81.8,12,23,52.2,0,0.3,0.3,-0.3,7,12,3,1,15,Matches
2233,Alessandro Zanoli,it ITA,DF,Udinese,it Serie A,25-030,2000,4.9,149,183,81.4,2436,827,75,85,88.2,50,59,84.7,16,25,64.0,1,0.4,0.4,+0.6,5,6,4,4,2,Matches
2234,Duván Zapata,co COL,FW,Torino,it Serie A,34-215,1991,0.5,8,13,61.5,99,16,7,10,70.0,1,1,100.0,0,0,,0,0.0,0.0,0.0,0,0,0,0,0,Matches
2235,Gabriele Zappa,it ITA,DF,Cagliari,it Serie A,25-315,1999,4.7,268,317,84.5,4384,1697,133,140,95.0,123,142,86.6,11,26,42.3,0,0.1,0.2,-0.1,1,21,3,2,27,Matches
2236,Davide Zappacosta,it ITA,DF,Atalanta,it Serie A,33-144,1992,6.3,283,340,83.2,4336,1025,159,178,89.3,115,133,86.5,7,23,30.4,1,0.6,0.6,+0.4,6,14,5,2,26,Matches
2237,Bryan Zaragoza,es ESP,FWMF,Celta Vigo,es La Liga,24-054,2001,4.4,93,140,66.4,1488,272,57,68,83.8,25,42,59.5,8,17,47.1,0,0.2,0.5,-0.2,2,6,5,2,8,Matches
2238,Oier Zarraga,es ESP,MF,Udinese,it Serie A,26-302,1999,2.0,61,72,84.7,946,231,36,38,94.7,22,27,81.5,2,5,40.0,0,0.0,0.0,0.0,1,3,0,0,7,Matches
2239,Aaron Zehnter,de GER,DF,Wolfsburg,de Bundesliga,21-002,2004,4.0,142,187,75.9,2844,812,48,56,85.7,75,84,89.3,18,38,47.4,0,0.3,0.2,-0.3,3,4,1,0,4,Matches
2240,Jordan Zemura,zw ZIM,DF,Udinese,it Serie A,25-353,1999,4.0,108,155,69.7,1736,626,52,57,91.2,44,60,73.3,6,16,37.5,0,0.1,0.2,-0.1,3,9,6,3,9,Matches
2241,Robin Zentner,de GER,GK,Mainz 05,de Bundesliga,31-005,1994,6.7,145,257,56.4,4781,3648,28,28,100.0,52,52,100.0,64,172,37.2,0,0.0,0.1,0.0,0,17,2,0,1,Matches
2242,Alessio Zerbin,it ITA,DFMF,Cremonese,it Serie A,26-244,1999,5.8,142,196,72.4,2135,800,74,84,88.1,54,74,73.0,8,20,40.0,1,0.7,0.3,+0.3,3,13,4,2,18,Matches
2243,Cedric Zesiger,ch SUI,DF,Augsburg,de Bundesliga,27-131,1998,2.3,100,129,77.5,1706,765,35,40,87.5,60,64,93.8,4,19,21.1,0,0.1,0.2,-0.1,1,10,1,1,13,Matches
2244,Michael Zetterer,de GER,GK,Eint Frankfurt,de Bundesliga,30-113,1995,5.0,163,199,81.9,4175,3010,37,37,100.0,77,77,100.0,49,85,57.6,0,0.0,0.0,0.0,0,4,0,0,2,Matches
2245,Edon Zhegrova,xk KVX,MF,Juventus,it Serie A,26-216,1999,0.4,18,28,64.3,288,77,12,16,75.0,4,8,50.0,2,2,100.0,0,0.1,0.1,-0.1,2,1,2,0,5,Matches
2246,Piotr Zieliński,pl POL,MF,Inter,it Serie A,31-166,1994,1.3,67,75,89.3,1066,276,34,39,87.2,26,28,92.9,5,5,100.0,1,0.1,0.1,+0.9,3,8,0,0,13,Matches
2247,Oleksandr Zinchenko,ua UKR,DF,Nott'ham Forest,eng Premier League,28-322,1996,2.8,194,216,89.8,3268,812,91,96,94.8,90,95,94.7,13,20,65.0,0,0.5,0.3,-0.5,3,22,5,1,22,Matches
2248,Jan Ziółkowski,pl POL,DF,Roma,it Serie A,20-150,2005,0.7,27,37,73.0,522,118,10,11,90.9,12,16,75.0,5,8,62.5,0,0.0,0.0,0.0,0,3,0,0,3,Matches
2249,Joshua Zirkzee,nl NED,FWMF,Manchester Utd,eng Premier League,24-164,2001,1.0,29,36,80.6,325,85,24,28,85.7,4,6,66.7,0,0,,0,0.0,0.0,0.0,1,3,0,0,4,Matches
2250,Budu Zivzivadze,ge GEO,FW,Heidenheim,de Bundesliga,31-237,1994,3.5,45,62,72.6,723,154,19,23,82.6,17,24,70.8,5,7,71.4,0,0.1,0.1,-0.1,2,3,2,0,8,Matches
2251,Luck Zogbé,ci CIV,FWDF,Brest,fr Ligue 1,20-223,2005,0.0,1,1,100.0,47,43,0,0,,0,0,,1,1,100.0,0,0.0,0.0,0.0,0,0,0,0,0,Matches
2252,Nadir Zortea,it ITA,DF,Bologna,it Serie A,26-136,1999,4.6,197,245,80.4,3391,1239,100,106,94.3,79,95,83.2,14,28,50.0,0,0.6,0.6,-0.6,6,20,6,5,22,Matches
2253,Yanis Zouaoui,dz ALG,DF,Le Havre,fr Ligue 1,31-115,1994,7.9,295,422,69.9,5596,2288,124,138,89.9,128,159,80.5,39,110,35.5,1,0.5,0.8,+0.5,8,32,4,2,30,Matches
2254,Igor Zubeldia,es ESP,DF,Real Sociedad,es La Liga,28-217,1997,11.0,492,573,85.9,9001,2966,161,172,93.6,304,329,92.4,23,61,37.7,0,0.3,0.2,-0.3,4,33,0,0,41,Matches
2255,Martín Zubimendi,es ESP,MF,Arsenal,eng Premier League,26-273,1999,9.4,558,631,88.4,9317,2376,241,262,92.0,277,304,91.1,31,46,67.4,0,0.7,0.9,-0.7,7,47,6,0,57,Matches
2256,Martin Ødegaard,no NOR,MF,Arsenal,eng Premier League,26-320,1998,2.3,111,140,79.3,1924,646,53,59,89.8,45,55,81.8,12,19,63.2,1,0.5,0.8,+0.5,3,19,9,0,26,Matches
2257,Milan Đurić,ba BIH,FW,Parma,it Serie A,35-164,1990,0.4,4,14,28.6,57,2,2,7,28.6,0,4,0.0,1,1,100.0,0,0.0,0.0,0.0,0,1,0,0,0,Matches
