,,,,,,,,,Touches,,,,,,,Take-Ons,,,,,Carries,,,,,,,,Receiving,,
Rk,Player,Nation,Pos,Squad,Comp,Age,Born,90s,Touches,Def Pen,Def 3rd,Mid 3rd,Att 3rd,Att Pen,Live,Att,Succ,Succ%,Tkld,Tkld%,Carries,TotDist,PrgDist,PrgC,1/3,CPA,Mis,Dis,Rec,PrgR,Matches
1,Brenden Aaronson,us USA,FWMF,Leeds United,eng Premier League,25-011,2000,7.1,283,6,51,118,119,18,283,15,8,53.3,7,46.7,152,1009,494,16,8,2,20,16,171,37,Matches
2,Jones El-Abdellaoui,ma MAR,MFFW,Celta Vigo,es La Liga,19-294,2006,0.9,42,1,5,14,24,1,42,4,1,25.0,1,25.0,26,240,161,8,3,1,1,1,29,16,Matches
3,Himad Abdelli,dz ALG,MF,Angers,fr Ligue 1,25-350,1999,4.9,329,9,85,194,55,6,328,15,6,40.0,9,60.0,167,992,613,18,14,0,10,7,231,7,Matches
4,Ali Abdi,tn TUN,DFMF,Nice,fr Ligue 1,31-317,1993,2.8,105,7,33,40,33,3,105,7,3,42.9,3,42.9,45,279,147,6,1,1,4,0,53,10,Matches
5,Salis Abdul Samed,gh GHA,MF,Nice,fr Ligue 1,25-221,2000,3.9,183,6,47,118,18,2,183,3,1,33.3,2,66.7,111,529,217,2,2,1,4,4,132,3,Matches
6,Saud Abdulhamid,sa KSA,DF,Lens,fr Ligue 1,26-107,1999,2.2,145,4,31,51,63,7,145,5,1,20.0,3,60.0,55,213,104,3,0,1,3,1,87,19,Matches
7,Laurent Abergel,fr FRA,MF,Lorient,fr Ligue 1,32-274,1993,9.9,687,27,177,418,96,4,687,9,3,33.3,6,66.7,444,1783,970,10,7,1,5,7,518,11,Matches
8,Matthis Abline,fr FRA,FWMF,Nantes,fr Ligue 1,22-219,2003,7.9,238,4,29,96,126,39,237,47,24,51.1,22,46.8,140,1301,787,26,19,13,17,15,161,45,Matches
9,Abner,br BRA,DF,Lyon,fr Ligue 1,25-159,2000,5.0,267,18,92,116,61,12,267,5,2,40.0,3,60.0,139,603,383,9,3,2,2,4,171,14,Matches
10,Zakaria Aboukhlal,ma MAR,FWMF,Torino,it Serie A,25-257,2000,1.3,45,0,5,23,21,6,45,7,2,28.6,4,57.1,29,251,180,6,3,2,5,1,30,3,Matches
11,Abdel Abqar,ma MAR,DF,Getafe,es La Liga,26-237,1999,4.8,208,14,105,95,8,6,208,2,1,50.0,1,50.0,74,374,176,2,0,0,3,1,84,0,Matches
12,Francis Abu,gh GHA,MF,Toulouse,fr Ligue 1,24-189,2001,5.1,254,11,76,143,37,6,254,4,3,75.0,1,25.0,112,382,136,1,2,0,1,4,137,5,Matches
13,Giorgi Abuashvili,ge GEO,FWDF,Metz,fr Ligue 1,22-267,2003,3.0,157,6,32,73,53,5,157,11,3,27.3,8,72.7,89,494,310,10,5,2,3,9,103,16,Matches
14,Francesco Acerbi,it ITA,DF,Inter,it Serie A,37-265,1988,5.9,439,39,187,229,23,4,439,0,0,,0,,203,891,488,6,6,0,5,0,317,0,Matches
15,Ragnar Ache,de GER,FWDF,Köln,de Bundesliga,27-097,1998,2.5,87,10,13,41,34,7,87,3,0,0.0,2,66.7,29,109,43,1,3,0,11,3,61,5,Matches
16,Joshua Acheampong,eng ENG,DF,Chelsea,eng Premier League,19-181,2006,3.9,330,28,133,179,21,4,330,9,8,88.9,0,0.0,241,1151,622,4,5,0,0,3,255,0,Matches
17,Akor Adams,ng NGA,FW,Sevilla,es La Liga,25-277,2000,4.5,111,6,12,44,57,29,111,4,3,75.0,1,25.0,52,266,143,9,3,5,10,4,80,16,Matches
18,Che Adams,sct SCO,FWMF,Torino,it Serie A,29-112,1996,4.2,130,4,14,50,66,17,130,11,6,54.5,5,45.5,77,314,63,2,4,1,10,2,99,23,Matches
19,Tyler Adams,us USA,MF,Bournemouth,eng Premier League,26-261,1999,8.7,533,33,153,315,71,4,533,7,3,42.9,3,42.9,266,1183,567,4,8,0,7,5,291,6,Matches
20,Junior Adamu,at AUT,FW,Freiburg,de Bundesliga,24-149,2001,4.2,144,11,24,70,52,18,144,12,5,41.7,5,41.7,67,331,78,2,4,1,21,3,98,23,Matches
21,Tosin Adarabioyo,eng ENG,DF,Chelsea,eng Premier League,28-039,1997,4.2,405,55,201,197,7,2,405,0,0,,0,,208,899,549,2,1,0,1,0,281,0,Matches
22,Jayden Addai,nl NED,FW,Como,it Serie A,20-068,2005,2.9,104,1,15,45,49,14,104,11,3,27.3,7,63.6,75,641,374,13,7,5,6,13,76,26,Matches
23,Karim Adeyemi,de GER,MFFW,Dortmund,de Bundesliga,23-288,2002,5.3,230,1,18,76,140,35,230,29,13,44.8,15,51.7,155,979,472,17,11,12,23,10,174,53,Matches
24,Simon Adingra,ci CIV,FW,Sunderland,eng Premier League,23-305,2002,3.0,103,3,13,35,55,3,103,9,4,44.4,4,44.4,73,410,201,6,1,1,5,7,77,33,Matches
25,Amine Adli,ma MAR,FWMF,Bournemouth,eng Premier League,25-176,2000,2.1,121,2,27,43,54,6,121,8,3,37.5,5,62.5,64,375,230,5,4,0,4,2,65,19,Matches
26,Vasilije Adžić,me MNE,MF,Juventus,it Serie A,19-174,2006,1.3,85,4,15,39,34,3,85,6,1,16.7,5,83.3,40,173,79,1,1,1,0,2,50,7,Matches
27,Michel Aebischer,ch SUI,MF,Pisa,it Serie A,28-300,1997,7.5,436,23,105,286,48,2,436,4,3,75.0,1,25.0,231,1098,593,11,6,1,7,1,276,6,Matches
28,David Affengruber,at AUT,DF,Elche,es La Liga,24-228,2001,8.4,642,69,288,347,12,3,642,0,0,,0,,346,1801,1074,5,1,1,3,1,410,1,Matches
29,Oladapo Afolayan,eng ENG,MFFW,St. Pauli,de Bundesliga,27-263,1998,1.7,111,3,6,37,70,7,111,13,2,15.4,10,76.9,80,517,242,6,3,3,8,7,101,19,Matches
30,Emmanuel Agbadou,ci CIV,DF,Wolves,eng Premier League,28-138,1997,6.2,459,61,215,214,33,5,459,1,1,100.0,0,0.0,255,1266,582,3,7,0,7,2,303,5,Matches
31,Julen Agirrezabala,es ESP,GK,Valencia,es La Liga,24-311,2000,11.0,399,338,397,2,0,0,399,0,0,,0,,211,1094,632,0,0,0,0,0,160,0,Matches
32,Lucien Agoume,fr FRA,MF,Sevilla,es La Liga,23-266,2002,8.3,448,22,96,262,91,8,448,5,3,60.0,2,40.0,241,1104,584,13,9,0,5,2,289,12,Matches
33,Felix Agu,ng NGA,DF,Werder Bremen,de Bundesliga,26-036,1999,5.4,318,24,114,135,72,6,318,6,2,33.3,2,33.3,161,799,333,9,6,1,8,3,168,28,Matches
34,Marc Aguado,es ESP,MF,Elche,es La Liga,25-253,2000,6.0,403,30,112,259,32,2,403,0,0,,0,,204,729,323,2,2,0,1,2,296,5,Matches
35,Nayef Aguerd,ma MAR,DF,West Ham,eng Premier League,29-217,1996,2.0,143,14,62,72,9,2,143,1,1,100.0,0,0.0,71,405,222,2,2,0,1,0,93,0,Matches
36,Nayef Aguerd,ma MAR,DF,Marseille,fr Ligue 1,29-217,1996,7.0,742,55,246,475,24,3,742,0,0,,0,,555,2494,1312,7,6,0,5,1,578,1,Matches
37,Ruben Aguilar,fr FRA,DF,Lens,fr Ligue 1,32-190,1993,8.1,500,26,129,188,187,22,500,6,3,50.0,2,33.3,223,1008,584,20,10,3,9,1,304,65,Matches
38,Honest Ahanor,it ITA,DF,Atalanta,it Serie A,17-252,2008,4.2,256,26,121,115,21,7,256,4,1,25.0,2,50.0,131,507,273,4,1,0,3,2,168,4,Matches
39,Lucas Ahijado,es ESP,DF,Oviedo,es La Liga,30-276,1995,4.1,246,15,94,110,45,3,246,12,5,41.7,7,58.3,110,683,302,4,4,0,6,1,117,4,Matches
40,Joseph Aidoo,gh GHA,DF,Celta Vigo,es La Liga,30-034,1995,1.0,54,21,50,5,0,0,54,1,1,100.0,0,0.0,23,57,11,0,0,0,1,0,25,0,Matches
41,Ola Aina,ng NGA,DF,Nott'ham Forest,eng Premier League,29-025,1996,3.0,203,13,70,75,62,3,203,11,3,27.3,8,72.7,82,362,212,5,4,1,0,5,108,8,Matches
42,Abdelhamid Ait Boudlal,ma MAR,DFMF,Rennes,fr Ligue 1,19-200,2006,2.2,111,11,64,37,11,2,111,1,1,100.0,0,0.0,45,207,128,1,2,1,3,0,68,1,Matches
43,Rayan Aït-Nouri,dz ALG,DF,Manchester City,eng Premier League,24-149,2001,2.2,164,10,60,65,39,2,164,6,1,16.7,5,83.3,75,385,160,6,2,0,4,2,95,8,Matches
44,Tosin Aiyegun,bj BEN,MFFW,Lorient,fr Ligue 1,27-129,1998,5.6,147,2,16,69,64,21,146,15,6,40.0,8,53.3,102,664,307,9,8,2,3,8,118,26,Matches
45,Junior Ajayi,ci CIV,FW,Hellas Verona,it Serie A,21-022,2004,0.0,3,0,0,0,3,1,3,0,0,,0,,1,1,0,0,0,0,1,1,3,0,Matches
46,Kristoffer Ajer,no NOR,DF,Brentford,eng Premier League,27-199,1998,4.3,207,9,59,108,42,16,207,3,1,33.3,2,66.7,88,503,306,6,4,0,4,2,122,6,Matches
47,Ludovic Ajorque,fr FRA,FW,Brest,fr Ligue 1,31-250,1994,9.9,353,15,38,182,141,43,353,10,8,80.0,2,20.0,173,608,223,6,3,1,26,9,264,37,Matches
48,Manuel Akanji,ch SUI,DF,Inter,it Serie A,30-106,1995,7.0,582,28,180,332,74,9,582,1,0,0.0,1,100.0,368,1488,781,11,12,2,3,1,411,6,Matches
49,Nathan Aké,nl NED,DF,Manchester City,eng Premier League,30-257,1995,2.3,191,9,68,103,20,3,191,1,0,0.0,1,100.0,137,770,469,4,3,0,1,0,151,2,Matches
50,Ilias Akhomach,ma MAR,MFFW,Villarreal,es La Liga,21-200,2004,1.7,90,3,13,33,44,7,90,8,0,0.0,7,87.5,61,374,232,7,5,4,5,6,67,14,Matches
51,Ebenezer Akinsanmiro,ng NGA,MF,Pisa,it Serie A,20-342,2004,6.6,263,7,50,153,69,6,263,19,9,47.4,9,47.4,152,881,484,12,12,2,14,6,152,17,Matches
52,Maghnes Akliouche,fr FRA,MFFW,Monaco,fr Ligue 1,23-250,2002,8.8,512,9,48,230,243,35,512,16,2,12.5,13,81.3,296,1851,936,32,26,12,24,17,367,68,Matches
53,Clément Akpa,ci CIV,DF,Auxerre,fr Ligue 1,23-343,2001,9.0,589,56,275,278,42,2,589,7,5,71.4,0,0.0,368,1630,878,7,5,0,4,1,390,4,Matches
54,Jean-Daniel Akpa-Akpro,ci CIV,MF,Hellas Verona,it Serie A,33-022,1992,3.0,115,7,29,64,24,2,115,5,1,20.0,4,80.0,38,264,146,3,1,0,5,0,41,3,Matches
55,Kevin Akpoguma,ng NGA,DF,Hoffenheim,de Bundesliga,30-197,1995,0.3,14,3,12,2,0,0,14,0,0,,0,,4,24,4,0,0,0,0,0,5,0,Matches
56,David Alaba,at AUT,DF,Real Madrid,es La Liga,33-131,1992,0.6,58,6,27,30,1,0,58,0,0,,0,,23,155,108,1,0,0,0,0,43,0,Matches
57,Raúl Albiol,es ESP,DF,Pisa,it Serie A,40-059,1985,1.5,136,25,69,67,0,0,136,0,0,,0,,83,490,305,0,0,0,0,1,88,0,Matches
58,Carlos Alcaraz,ar ARG,FWMF,Everton,eng Premier League,22-337,2002,2.7,119,1,17,62,43,5,119,6,4,66.7,1,16.7,67,354,145,2,5,0,11,1,68,12,Matches
59,Omar Alderete,py PAR,DF,Sunderland,eng Premier League,28-311,1996,7.4,456,51,210,223,26,10,456,6,5,83.3,1,16.7,287,1687,1092,10,8,0,2,3,307,2,Matches
60,Alexandre Alemão,br BRA,FW,Rayo Vallecano,es La Liga,27-215,1998,5.6,144,7,13,65,67,18,144,3,2,66.7,1,33.3,62,207,45,0,1,0,24,3,98,24,Matches
61,Carles Aleñá,es ESP,MFFW,Alavés,es La Liga,27-301,1998,7.0,422,11,62,205,160,8,422,12,3,25.0,6,50.0,228,697,268,2,7,0,17,14,276,25,Matches
62,Trent Alexander-Arnold,eng ENG,DF,Real Madrid,es La Liga,27-026,1998,1.7,154,4,22,75,59,2,154,1,1,100.0,0,0.0,108,447,262,3,5,2,2,0,112,4,Matches
63,Alfon,es ESP,FWDF,Sevilla,es La Liga,26-182,1999,2.1,80,1,8,23,50,15,80,10,2,20.0,7,70.0,55,328,137,7,4,4,5,7,54,18,Matches
64,Mohamed Ali Cho,fr FRA,FW,Nice,fr Ligue 1,21-287,2004,2.5,80,1,11,29,42,12,80,7,0,0.0,6,85.7,54,496,259,10,6,5,10,4,54,20,Matches
65,Alisson,br BRA,GK,Liverpool,eng Premier League,33-031,1992,6.0,262,176,247,15,0,0,262,0,0,,0,,175,688,421,0,0,0,0,0,169,0,Matches
66,Jim Allevinah,ga GAB,FWDF,Angers,fr Ligue 1,30-248,1995,0.9,27,2,9,14,6,2,27,5,1,20.0,4,80.0,19,102,29,1,0,1,2,1,16,1,Matches
67,Thiago Almada,ar ARG,MFFW,Atlético Madrid,es La Liga,24-190,2001,3.0,194,5,32,87,77,9,194,9,7,77.8,2,22.2,115,675,342,9,6,2,9,1,136,10,Matches
68,Domingos André Ribeiro Almeida,pt POR,FWMF,Valencia,es La Liga,25-156,2000,1.8,120,3,18,62,42,1,120,6,3,50.0,2,33.3,91,614,298,7,5,0,1,3,99,7,Matches
69,Pontus Almqvist,se SWE,DFMF,Parma,it Serie A,26-115,1999,3.9,138,5,23,60,56,7,138,14,4,28.6,9,64.3,78,501,241,10,10,5,11,10,80,23,Matches
70,Marcos Alonso,es ESP,DF,Celta Vigo,es La Liga,34-309,1990,6.3,569,58,219,270,84,7,569,6,4,66.7,2,33.3,343,2169,1412,23,20,2,4,4,395,9,Matches
71,Adrià Altimira,es ESP,DF,Villarreal,es La Liga,24-219,2001,0.1,9,2,5,5,0,0,9,0,0,,0,,6,22,16,1,0,0,0,0,6,1,Matches
72,Sergi Altimira,es ESP,MF,Betis,es La Liga,24-069,2001,5.0,336,11,101,209,33,2,336,3,2,66.7,1,33.3,181,989,484,7,8,1,4,2,221,2,Matches
73,Carlos Álvarez,es ESP,MF,Levante,es La Liga,22-088,2003,6.5,302,1,30,166,109,13,302,20,6,30.0,13,65.0,185,991,502,15,7,1,19,12,202,22,Matches
74,Hugo Álvarez,es ESP,FWMF,Celta Vigo,es La Liga,22-123,2003,3.8,205,6,33,79,95,9,205,7,2,28.6,4,57.1,112,554,207,7,5,5,15,2,150,24,Matches
75,Julián Álvarez,ar ARG,FW,Atlético Madrid,es La Liga,25-275,2000,9.4,405,1,23,156,230,35,402,20,7,35.0,11,55.0,230,1426,595,21,13,4,21,20,286,55,Matches
76,Skelly Alvero,fr FRA,DF,Werder Bremen,de Bundesliga,23-182,2002,0.4,31,7,13,17,1,0,31,0,0,,0,,22,86,44,1,0,0,0,0,21,0,Matches
77,Giuseppe Ambrosino,it ITA,FW,Napoli,it Serie A,22-053,2003,0.4,7,1,1,3,3,1,7,1,1,100.0,0,0.0,4,26,16,1,0,0,1,1,6,1,Matches
78,Aurele Amenda,ch SUI,DF,Eint Frankfurt,de Bundesliga,22-094,2003,1.2,106,13,53,50,3,1,106,0,0,,0,,49,204,146,0,0,0,0,0,60,1,Matches
79,Kelvin Amian,fr FRA,DF,Nantes,fr Ligue 1,27-267,1998,10.0,568,52,236,252,84,6,568,3,1,33.3,1,33.3,275,1232,590,14,7,0,5,8,306,13,Matches
80,Mohamed Amine Sbai,fr FRA,FW,Angers,fr Ligue 1,24-362,2000,1.8,80,2,10,37,37,9,80,12,8,66.7,3,25.0,60,539,348,13,6,7,4,3,56,14,Matches
81,Michael Amir Murillo,pa PAN,DF,Marseille,fr Ligue 1,29-264,1996,7.7,472,18,89,227,156,22,472,12,6,50.0,6,50.0,282,1077,549,13,11,3,11,6,308,50,Matches
82,Nadiem Amiri,de GER,MF,Mainz 05,de Bundesliga,29-006,1996,8.5,637,16,100,316,237,21,634,20,10,50.0,9,45.0,366,1862,890,18,13,3,12,13,405,20,Matches
83,Samuel Amo-Ameyaw,eng ENG,DFFW,Strasbourg,fr Ligue 1,19-107,2006,2.8,142,1,16,56,72,11,142,15,9,60.0,6,40.0,103,648,355,16,10,5,7,7,107,24,Matches
84,Mathis Amougou,fr FRA,MF,Strasbourg,fr Ligue 1,19-288,2006,1.8,86,2,19,43,25,3,86,4,1,25.0,3,75.0,54,264,164,6,5,2,2,0,60,10,Matches
85,Mohamed Amoura,dz ALG,FW,Wolfsburg,de Bundesliga,25-177,2000,5.1,206,2,33,87,91,27,205,8,3,37.5,4,50.0,100,648,299,12,9,6,15,4,122,34,Matches
86,Ethan Ampadu,wls WAL,MF,Leeds United,eng Premier League,25-049,2000,7.7,564,25,151,353,66,5,564,4,3,75.0,1,25.0,276,1330,685,11,8,1,7,1,355,8,Matches
87,Sofyan Amrabat,ma MAR,MF,Betis,es La Liga,29-073,1996,4.2,297,15,70,178,52,1,297,1,0,0.0,0,0.0,190,861,390,4,2,0,3,2,205,1,Matches
88,Joachim Andersen,dk DEN,DF,Fulham,eng Premier League,29-155,1996,8.5,655,84,335,287,34,14,655,2,2,100.0,0,0.0,380,2060,1206,8,3,0,8,0,421,4,Matches
89,Elliot Anderson,eng ENG,MF,Nott'ham Forest,eng Premier League,22-361,2002,10.0,907,21,177,522,217,24,907,25,14,56.0,10,40.0,565,2975,1424,12,16,5,20,13,642,27,Matches
90,André,br BRA,MF,Wolves,eng Premier League,24-109,2001,6.8,390,26,116,252,32,1,390,8,3,37.5,3,37.5,218,1068,491,7,5,0,8,7,251,3,Matches
91,Benjamin André,fr FRA,MF,Lille,fr Ligue 1,35-091,1990,7.9,493,16,101,271,124,22,493,6,3,50.0,2,33.3,292,1190,521,10,7,2,5,12,349,27,Matches
92,Robert Andrich,de GER,MFDF,Leverkusen,de Bundesliga,31-041,1994,5.7,343,14,98,189,57,4,343,2,0,0.0,2,100.0,179,697,236,4,2,1,6,3,233,5,Matches
93,Miguel Ángel Rubio,es ESP,DF,Espanyol,es La Liga,27-236,1998,1.4,61,16,36,24,2,2,61,1,1,100.0,0,0.0,26,110,46,0,0,0,0,0,26,0,Matches
94,Angeliño,es ESP,DFMF,Roma,it Serie A,28-302,1997,4.3,283,4,62,129,92,9,283,3,0,0.0,3,100.0,139,491,255,6,7,1,3,2,171,31,Matches
95,Samuele Angori,it ITA,DF,Pisa,it Serie A,22-026,2003,4.8,190,20,64,75,53,4,190,1,0,0.0,1,100.0,88,330,128,1,1,0,4,4,91,16,Matches
96,Faustino Anjorin,eng ENG,MFFW,Torino,it Serie A,23-344,2001,0.3,15,1,3,8,4,1,15,1,1,100.0,0,0.0,7,22,7,0,0,0,2,0,8,1,Matches
97,Ilyas Ansah,de GER,MFFW,Union Berlin,de Bundesliga,20-359,2004,6.6,212,5,23,88,110,20,212,31,17,54.8,14,45.2,128,863,360,16,10,6,42,22,145,28,Matches
98,Aaron Anselmino,ar ARG,DF,Dortmund,de Bundesliga,20-187,2005,1.8,154,8,51,95,8,0,154,1,1,100.0,0,0.0,89,428,279,4,2,0,2,0,114,1,Matches
99,Jaidon Anthony,eng ENG,MFFW,Burnley,eng Premier League,25-336,1999,9.0,381,12,70,177,143,24,381,27,8,29.6,12,44.4,200,1286,630,19,7,5,35,17,230,38,Matches
100,Waldemar Anton,de GER,DF,Dortmund,de Bundesliga,29-105,1996,9.0,892,73,318,495,81,10,892,7,4,57.1,3,42.9,564,2817,1586,7,15,1,8,1,663,1,Matches
101,Antoniu,es ESP,FW,Espanyol,es La Liga,23-058,2002,0.4,30,0,2,13,15,1,30,4,2,50.0,2,50.0,20,161,90,4,3,0,0,0,18,5,Matches
102,Antony,br BRA,FW,Betis,es La Liga,25-251,2000,5.6,377,6,30,160,194,23,377,18,8,44.4,5,27.8,251,1605,998,34,21,7,3,8,279,66,Matches
103,Youssef El-Arabi,ma MAR,FW,Nantes,fr Ligue 1,38-272,1987,2.2,84,1,12,49,24,9,84,3,1,33.3,2,66.7,48,211,85,2,0,0,12,1,53,9,Matches
104,Mauro Arambarri,uy URU,MF,Getafe,es La Liga,30-033,1995,10.8,381,16,56,220,110,24,381,24,9,37.5,10,41.7,160,935,406,6,9,1,13,15,196,20,Matches
105,Jon Aramburu,ve VEN,DF,Real Sociedad,es La Liga,23-102,2002,9.0,620,30,173,341,115,8,620,4,1,25.0,3,75.0,284,1077,485,7,10,0,5,4,338,21,Matches
106,Ronald Araújo,uy URU,DF,Barcelona,es La Liga,26-240,1999,4.7,362,19,99,237,27,9,362,1,0,0.0,0,0.0,218,1327,861,10,5,2,2,0,247,4,Matches
107,Carlens Arcus,ht HAI,DF,Angers,fr Ligue 1,29-127,1996,9.7,578,32,264,244,75,4,578,2,0,0.0,2,100.0,262,1127,568,6,6,1,6,4,336,8,Matches
108,Alphonse Areola,fr FRA,GK,West Ham,eng Premier League,32-248,1993,5.0,184,145,179,5,0,0,184,0,0,,0,,101,485,303,0,0,0,0,0,81,0,Matches
109,Jesús Areso,es ESP,DF,Athletic Club,es La Liga,26-123,1999,8.2,497,23,121,209,172,12,497,20,11,55.0,6,30.0,200,1229,614,23,12,4,16,3,275,52,Matches
110,Jhon Arias,co COL,FW,Wolves,eng Premier League,28-042,1997,6.1,314,9,46,147,127,21,314,9,4,44.4,4,44.4,146,750,317,9,9,2,13,9,170,30,Matches
111,Harrison Armstrong,eng ENG,FW,Everton,eng Premier League,18-287,2007,0.0,0,0,0,0,0,0,0,0,0,,0,,0,0,0,0,0,0,0,0,0,0,Matches
112,Hákon Arnar Haraldsson,is ISL,MFFW,Lille,fr Ligue 1,22-206,2003,8.2,473,6,48,208,219,39,473,18,6,33.3,11,61.1,289,1626,788,23,17,9,14,6,323,53,Matches
113,Maximilian Arnold,de GER,MF,Wolfsburg,de Bundesliga,31-159,1994,7.0,438,43,162,208,70,0,438,1,1,100.0,0,0.0,244,907,395,0,1,0,4,2,293,5,Matches
114,Tolu Arokodare,ng NGA,FW,Wolves,eng Premier League,24-344,2000,2.3,67,7,9,24,34,12,67,4,2,50.0,2,50.0,32,164,45,2,2,1,15,6,50,9,Matches
115,Kervin Arriaga,hn HON,MF,Levante,es La Liga,27-301,1998,4.2,247,17,71,155,26,5,247,8,3,37.5,3,37.5,122,600,244,6,5,0,2,2,134,1,Matches
116,Arthur,br BRA,DF,Leverkusen,de Bundesliga,22-230,2003,4.0,226,10,53,81,95,10,226,12,6,50.0,5,41.7,99,630,318,4,3,2,10,6,135,39,Matches
117,Takuma Asano,jp JPN,FW,Mallorca,es La Liga,30-357,1994,2.8,67,1,9,19,39,8,67,4,0,0.0,4,100.0,40,252,101,4,3,0,5,1,51,11,Matches
118,Raúl Asencio,es ESP,DF,Real Madrid,es La Liga,22-262,2003,3.5,253,17,91,149,14,4,253,1,0,0.0,1,100.0,146,601,308,2,2,0,2,0,184,3,Matches
119,Fisnik Asllani,xk KVX,FWMF,Hoffenheim,de Bundesliga,23-086,2002,6.7,233,3,25,104,104,37,233,11,4,36.4,6,54.5,115,414,167,5,3,2,12,12,167,41,Matches
120,Kristjan Asllani,al ALB,MF,Torino,it Serie A,23-238,2002,6.3,376,8,94,219,64,2,376,2,1,50.0,0,0.0,210,736,224,1,5,1,4,2,240,3,Matches
121,Joel Asoro,se SWE,FW,Metz,fr Ligue 1,26-189,1999,0.1,3,0,0,3,0,0,3,1,1,100.0,0,0.0,1,14,4,0,0,0,0,0,2,0,Matches
122,Iago Aspas,es ESP,FWMF,Celta Vigo,es La Liga,38-093,1987,4.1,272,0,16,116,143,20,272,7,4,57.1,2,28.6,165,732,375,10,9,4,8,6,229,32,Matches
123,Yaser Asprilla,co COL,FWMF,Girona,es La Liga,21-348,2003,4.7,181,5,21,65,99,17,181,13,7,53.8,5,38.5,114,687,310,14,6,6,12,4,114,41,Matches
124,Lorenz Assignon,tg TOG,DF,Stuttgart,de Bundesliga,25-133,2000,3.5,224,9,42,93,89,11,224,6,4,66.7,2,33.3,103,461,250,8,7,5,7,5,134,26,Matches
125,Dehmaine Assoumani,fr FRA,MF,Nantes,fr Ligue 1,20-199,2005,4.4,204,13,51,98,58,5,204,9,7,77.8,2,22.2,103,550,286,7,6,1,9,3,125,15,Matches
126,Otavio Ataide,br BRA,DF,Paris FC,fr Ligue 1,23-195,2002,8.4,681,126,406,257,23,4,681,4,4,100.0,0,0.0,385,1855,1037,5,3,0,4,5,483,3,Matches
127,Zachary Athekame,ch SUI,DFFW,Milan,it Serie A,20-324,2004,1.2,67,1,9,30,28,3,67,3,0,0.0,1,33.3,39,195,82,3,5,0,1,1,49,16,Matches
128,Arthur Atta,fr FRA,MF,Udinese,it Serie A,22-292,2003,9.5,501,11,68,212,228,26,501,49,27,55.1,20,40.8,307,1975,941,29,23,8,31,19,354,60,Matches
129,Noah Atubolu,de GER,GK,Freiburg,de Bundesliga,23-161,2002,9.0,412,277,400,12,0,0,412,0,0,,0,,228,1380,720,0,0,0,0,0,220,0,Matches
130,Pierre-Emerick Aubameyang,ga GAB,FW,Marseille,fr Ligue 1,36-137,1989,6.0,170,4,12,79,82,23,170,4,2,50.0,2,50.0,103,569,327,10,7,5,15,4,127,33,Matches
131,Emil Audero,id IDN,GK,Cremonese,it Serie A,28-288,1997,6.0,281,252,281,0,0,0,281,0,0,,0,,166,833,462,0,0,0,0,0,138,0,Matches
132,Carlos Augusto,br BRA,DF,Inter,it Serie A,26-299,1999,3.2,191,13,57,90,45,13,191,4,2,50.0,2,50.0,93,441,267,5,5,1,3,1,127,14,Matches
133,Yann Aurel Bisseck,de GER,DF,Inter,it Serie A,24-338,2000,2.0,135,14,71,56,10,6,135,1,1,100.0,0,0.0,75,342,134,1,1,0,1,1,89,0,Matches
134,Leon Avdullahu,xk KVX,MF,Hoffenheim,de Bundesliga,21-252,2004,7.4,499,17,122,317,62,6,499,5,2,40.0,3,60.0,247,1174,458,7,4,1,6,4,353,10,Matches
135,Ezequiel Ávila,ar ARG,FWMF,Betis,es La Liga,31-269,1994,0.5,22,0,3,8,11,1,22,0,0,,0,,12,73,27,1,1,0,4,0,14,0,Matches
136,Arthur Avom,cm CMR,MF,Lorient,fr Ligue 1,20-322,2004,8.4,514,15,111,277,137,17,514,23,13,56.5,7,30.4,319,1545,683,20,12,3,19,12,331,23,Matches
137,Chidozie Awaziem,ng NGA,DF,Nantes,fr Ligue 1,28-305,1997,9.8,745,171,497,247,6,3,745,4,4,100.0,0,0.0,396,1749,977,2,1,0,4,1,449,0,Matches
138,Taiwo Awoniyi,ng NGA,FW,Nott'ham Forest,eng Premier League,28-082,1997,1.1,36,1,3,19,15,3,36,0,0,,0,,26,121,39,1,3,0,9,1,29,4,Matches
139,Yasin Ayari,se SWE,MF,Brighton,eng Premier League,22-027,2003,8.7,512,26,115,283,120,12,512,23,6,26.1,15,65.2,289,1336,555,8,6,2,10,6,354,14,Matches
140,Neil El Aynaoui,ma MAR,MF,Roma,it Serie A,24-123,2001,2.6,122,3,29,67,26,2,122,2,0,0.0,2,100.0,72,337,170,5,1,0,3,1,89,6,Matches
141,César Azpilicueta,es ESP,DF,Sevilla,es La Liga,36-066,1989,5.5,406,37,188,174,45,2,406,2,1,50.0,1,50.0,182,940,529,5,3,0,3,1,244,9,Matches
142,Oussama El Azzouzi,ma MAR,MFDF,Auxerre,fr Ligue 1,24-157,2001,2.2,123,6,37,72,14,3,123,3,2,66.7,1,33.3,79,348,182,2,0,0,0,2,85,2,Matches
143,Mio Backhaus,de GER,GK,Werder Bremen,de Bundesliga,21-200,2004,7.0,282,229,277,5,0,0,282,0,0,,0,,181,822,489,0,0,0,0,1,152,0,Matches
144,Loïc Bade,fr FRA,DF,Leverkusen,de Bundesliga,25-205,2000,6.9,590,80,301,277,14,3,590,1,0,0.0,1,100.0,360,1611,807,0,5,0,1,5,433,0,Matches
145,Benoît Badiashile,fr FRA,DF,Chelsea,eng Premier League,24-221,2001,0.7,64,12,34,26,4,0,64,0,0,,0,,40,174,85,0,0,0,1,0,43,0,Matches
146,Alex Baena,es ESP,MF,Atlético Madrid,es La Liga,24-105,2001,3.1,182,6,29,84,70,6,182,10,2,20.0,5,50.0,102,608,305,6,5,2,5,5,116,19,Matches
147,Samson Baidoo,at AUT,DF,Lens,fr Ligue 1,21-216,2004,8.5,450,77,256,177,21,10,450,4,4,100.0,0,0.0,204,978,456,1,1,0,1,1,258,1,Matches
148,Leon Bailey,jm JAM,MFFW,Roma,it Serie A,28-085,1997,1.2,49,0,4,18,29,2,49,6,1,16.7,4,66.7,30,144,79,1,3,0,6,1,34,8,Matches
149,Eric Bailly,ci CIV,DF,Oviedo,es La Liga,31-204,1994,3.0,174,40,97,74,3,2,174,1,0,0.0,0,0.0,103,618,362,0,1,0,2,0,111,0,Matches
150,Theo Bair,ca CAN,MFFW,Auxerre,fr Ligue 1,26-067,1999,0.1,7,1,1,2,4,0,7,0,0,,0,,3,10,1,0,0,0,2,2,6,2,Matches
151,Cédric Bakambu,cd COD,FW,Betis,es La Liga,34-205,1991,0.8,34,3,6,8,20,6,34,2,0,0.0,2,100.0,15,60,27,1,1,0,2,1,23,7,Matches
152,Johan Bakayoko,be BEL,FW,RB Leipzig,de Bundesliga,22-196,2003,5.9,246,4,32,105,109,29,246,23,9,39.1,12,52.2,158,1001,524,19,8,9,9,3,190,52,Matches
153,Darryl Bakola,fr FRA,MF,Marseille,fr Ligue 1,17-337,2007,0.3,25,2,7,13,6,0,25,0,0,,0,,21,96,39,1,2,0,0,0,23,2,Matches
154,Ridle Baku,de GER,DF,RB Leipzig,de Bundesliga,27-208,1998,8.9,726,38,273,323,139,20,726,14,7,50.0,6,42.9,400,1854,1141,22,12,2,12,2,460,35,Matches
155,Dilane Bakwa,fr FRA,FWMF,Nott'ham Forest,eng Premier League,23-068,2002,1.9,127,3,18,34,78,6,127,11,2,18.2,8,72.7,79,501,196,6,6,3,4,1,92,22,Matches
156,Dilane Bakwa,fr FRA,DFMF,Strasbourg,fr Ligue 1,23-068,2002,1.2,69,1,9,19,42,5,69,11,5,45.5,4,36.4,51,527,250,10,10,2,4,1,50,17,Matches
157,Tommaso Baldanzi,it ITA,MFFW,Roma,it Serie A,22-224,2003,1.5,69,0,6,34,29,6,69,2,0,0.0,2,100.0,47,257,101,2,2,1,3,2,47,6,Matches
158,Alejandro Balde,es ESP,DF,Barcelona,es La Liga,22-015,2003,4.8,327,11,77,115,136,13,327,9,4,44.4,3,33.3,184,872,426,9,8,5,3,3,229,41,Matches
159,Fabio Baldé,pt POR,FWMF,Hamburger SV,de Bundesliga,20-105,2005,0.8,38,1,8,8,24,4,38,4,2,50.0,2,50.0,16,200,85,2,3,2,4,2,18,5,Matches
160,Carlos Baleba,cm CMR,MF,Brighton,eng Premier League,21-303,2004,6.3,316,13,73,203,47,1,316,7,4,57.1,2,28.6,176,808,378,6,6,1,14,6,190,7,Matches
161,Leonardo Balerdi,ar ARG,DF,Marseille,fr Ligue 1,26-280,1999,6.7,591,49,243,317,34,9,591,4,3,75.0,1,25.0,392,1522,846,1,1,0,4,1,437,2,Matches
162,Daniel Ballard,nir NIR,DF,Sunderland,eng Premier League,26-041,1999,4.5,219,47,127,71,23,17,219,0,0,,0,,93,589,311,1,2,0,2,1,101,2,Matches
163,Iván Balliu,al ALB,DF,Rayo Vallecano,es La Liga,33-305,1992,1.5,114,3,28,65,22,1,114,3,2,66.7,1,33.3,64,261,164,4,1,1,2,0,77,5,Matches
164,Fodé Ballo-Touré,sn SEN,DF,Metz,fr Ligue 1,28-303,1997,2.5,183,9,71,87,25,3,183,9,3,33.3,4,44.4,112,572,347,7,2,0,6,2,129,12,Matches
165,Folarin Balogun,us USA,FW,Monaco,fr Ligue 1,24-122,2001,6.0,175,5,12,78,87,40,175,12,6,50.0,6,50.0,100,659,315,12,9,13,15,11,137,49,Matches
166,Abdoulaye Bamba,ci CIV,DF,Angers,fr Ligue 1,35-191,1990,0.1,9,1,1,5,3,0,9,0,0,,0,,4,7,3,0,0,0,0,0,5,2,Matches
167,Aladji Bamba,fr FRA,MF,Monaco,fr Ligue 1,19-111,2006,1.5,148,4,27,110,12,0,148,1,0,0.0,1,100.0,79,345,158,1,0,0,2,4,111,2,Matches
168,Mohamed Bamba,ci CIV,FW,Lorient,fr Ligue 1,23-327,2001,5.5,135,7,18,78,41,13,135,5,2,40.0,2,40.0,64,280,142,4,2,3,16,3,86,13,Matches
169,Lameck Banda,zm ZAM,FW,Lecce,it Serie A,24-277,2001,2.5,99,1,10,37,52,5,99,10,1,10.0,7,70.0,63,398,178,5,2,1,7,5,68,20,Matches
170,Noahkai Banks,us USA,DF,Augsburg,de Bundesliga,18-336,2006,4.2,262,21,85,155,22,3,262,2,0,0.0,1,50.0,121,621,271,3,2,0,1,0,170,4,Matches
171,Ezechiel Banzuzi,nl NED,MF,RB Leipzig,de Bundesliga,20-259,2005,3.0,165,25,58,74,34,6,165,2,2,100.0,0,0.0,64,313,117,2,2,1,2,1,93,7,Matches
172,Tommaso Barbieri,it ITA,FWDF,Cremonese,it Serie A,23-068,2002,3.5,175,13,58,62,59,7,175,6,1,16.7,3,50.0,77,503,308,8,7,0,7,2,86,14,Matches
173,Valentín Barco,ar ARG,MFDF,Strasbourg,fr Ligue 1,21-102,2004,9.0,653,23,174,331,158,11,653,26,10,38.5,14,53.8,426,1585,889,13,16,3,12,8,468,29,Matches
174,Bradley Barcola,fr FRA,FW,Paris S-G,fr Ligue 1,23-061,2002,7.0,385,3,23,104,267,48,385,36,13,36.1,23,63.9,274,1749,977,30,17,19,13,6,327,102,Matches
175,Melvin Bard,fr FRA,DFMF,Nice,fr Ligue 1,24-361,2000,10.5,604,47,207,279,128,6,604,11,8,72.7,2,18.2,355,1889,1165,23,18,1,13,11,365,38,Matches
176,Roony Bardghji,se SWE,FW,Barcelona,es La Liga,19-352,2005,1.9,128,0,1,44,84,12,128,22,12,54.5,10,45.5,90,524,287,7,2,4,4,1,104,25,Matches
177,Nicolò Barella,it ITA,MF,Inter,it Serie A,28-268,1997,7.9,638,8,101,310,232,25,638,14,6,42.9,7,50.0,374,1621,825,21,13,6,11,7,475,35,Matches
178,Kike Barja,es ESP,MFFW,Osasuna,es La Liga,28-215,1997,0.6,37,0,1,11,25,1,37,3,1,33.3,2,66.7,24,168,67,4,1,0,1,3,25,4,Matches
179,Ross Barkley,eng ENG,MF,Aston Villa,eng Premier League,31-332,1993,0.7,35,3,6,23,6,2,35,0,0,,0,,22,201,117,3,2,0,2,3,26,3,Matches
180,Ashley Barnes,eng ENG,FW,Burnley,eng Premier League,36-003,1989,0.1,8,0,0,6,2,0,8,1,1,100.0,0,0.0,3,4,3,0,1,0,2,0,7,1,Matches
181,Harvey Barnes,eng ENG,FW,Newcastle Utd,eng Premier League,27-328,1997,4.1,156,4,12,51,95,24,156,11,2,18.2,8,72.7,116,736,374,17,6,7,10,3,119,40,Matches
182,Ander Barrenetxea,es ESP,MFFW,Real Sociedad,es La Liga,23-310,2001,9.2,502,14,64,183,264,48,502,60,29,48.3,24,40.0,312,2122,1123,39,23,17,36,11,338,79,Matches
183,Pablo Barrios,es ESP,MF,Atlético Madrid,es La Liga,22-140,2003,8.8,630,11,99,358,185,16,630,30,17,56.7,9,30.0,407,2208,990,23,30,4,15,6,469,28,Matches
184,Thierno Barry,fr FRA,FW,Everton,eng Premier League,23-012,2002,2.8,84,6,10,35,39,7,84,5,1,20.0,4,80.0,39,202,71,2,3,1,8,2,62,15,Matches
185,Davide Bartesaghi,it ITA,DFFW,Milan,it Serie A,19-308,2005,4.2,217,7,50,81,86,4,217,5,2,40.0,2,40.0,108,387,191,8,2,3,6,1,145,36,Matches
186,Marc Bartra,es ESP,DF,Betis,es La Liga,34-291,1991,5.5,376,61,210,144,23,3,376,3,1,33.3,1,33.3,196,1073,666,3,8,0,6,1,222,0,Matches
187,Federico Baschirotto,it ITA,DF,Cremonese,it Serie A,29-043,1996,10.0,549,86,325,212,14,7,549,0,0,,0,,282,1105,426,5,2,1,6,0,327,2,Matches
188,Toma Bašić,hr CRO,MF,Lazio,it Serie A,28-342,1996,3.9,182,8,48,108,28,3,182,2,0,0.0,0,0.0,99,404,147,4,2,1,4,1,133,5,Matches
189,Calvin Bassey,ng NGA,DF,Fulham,eng Premier League,25-306,1999,9.1,636,69,335,279,26,3,636,7,4,57.1,1,14.3,426,2277,1221,11,2,0,5,8,451,2,Matches
190,Alessandro Bastoni,it ITA,DF,Inter,it Serie A,26-203,1999,7.6,701,43,183,361,161,13,701,3,1,33.3,2,66.7,407,1857,1193,15,11,1,9,1,499,27,Matches
191,Augusto Batalla,ar ARG,GK,Rayo Vallecano,es La Liga,29-186,1996,11.0,440,369,439,1,0,0,440,1,1,100.0,0,0.0,267,1353,900,0,0,0,1,0,252,0,Matches
192,Michy Batshuayi,be BEL,FW,Eint Frankfurt,de Bundesliga,32-031,1993,0.7,31,1,4,14,13,6,31,2,1,50.0,1,50.0,20,114,12,1,1,1,5,3,23,6,Matches
193,Martin Baturina,hr CRO,FWMF,Como,it Serie A,22-259,2003,1.1,63,0,4,33,27,5,63,3,0,0.0,2,66.7,39,201,117,3,0,2,2,3,45,6,Matches
194,Oliver Baumann,de GER,GK,Hoffenheim,de Bundesliga,35-153,1990,8.0,325,223,317,8,0,0,325,1,1,100.0,0,0.0,188,905,584,0,0,0,0,0,190,0,Matches
195,Christoph Baumgartner,at AUT,MF,RB Leipzig,de Bundesliga,26-093,1999,7.6,342,21,87,169,90,27,341,8,4,50.0,3,37.5,157,899,534,12,15,2,13,6,220,31,Matches
196,Altay Bayındır,tr TUR,GK,Manchester Utd,eng Premier League,27-202,1998,6.0,208,165,207,1,0,0,208,1,1,100.0,0,0.0,142,645,374,0,0,0,2,0,126,0,Matches
197,Vakoun Bayo,ci CIV,FW,Udinese,it Serie A,28-296,1997,2.8,108,4,9,48,52,13,108,2,0,0.0,2,100.0,51,217,83,3,2,1,6,1,75,15,Matches
198,Ihlas Bebou,tg TOG,FW,Hoffenheim,de Bundesliga,31-193,1994,0.6,12,1,1,6,5,1,12,0,0,,0,,10,29,8,0,0,0,1,0,11,3,Matches
199,Samu Becerra,es ESP,DFMF,Rayo Vallecano,es La Liga,19-305,2006,0.1,15,1,2,4,9,2,15,0,0,,0,,12,87,16,0,0,0,1,0,13,2,Matches
200,Adrian Beck,de GER,MFFW,Heidenheim,de Bundesliga,28-146,1997,3.4,168,2,22,83,65,6,168,10,5,50.0,5,50.0,97,546,269,8,5,3,11,4,115,21,Matches
201,Sheraldo Becker,sr SUR,MF,Osasuna,es La Liga,30-266,1995,1.0,43,2,8,12,23,7,43,2,0,0.0,1,50.0,29,118,50,2,1,1,1,1,27,12,Matches
202,Donny van de Beek,nl NED,MF,Girona,es La Liga,28-198,1997,0.5,20,3,5,9,6,2,20,0,0,,0,,6,24,3,0,0,0,1,0,10,2,Matches
203,Tjaš Begić,si SVN,DF,Parma,it Serie A,22-125,2003,0.0,1,0,0,0,1,0,1,0,0,,0,,1,1,1,0,0,0,0,0,1,0,Matches
204,Maximilian Beier,de GER,MFFW,Dortmund,de Bundesliga,23-016,2002,5.5,219,4,26,63,132,24,219,9,3,33.3,6,66.7,113,460,261,8,5,4,14,7,152,50,Matches
205,Ismael Bekhoucha,ma MAR,DF,Getafe,es La Liga,20-347,2004,1.2,41,1,13,17,12,0,41,4,2,50.0,1,25.0,15,77,32,1,0,0,2,3,16,2,Matches
206,Reda Belahyane,ma MAR,MF,Lazio,it Serie A,21-154,2004,1.7,81,4,14,44,25,1,81,4,2,50.0,2,50.0,44,213,104,1,5,0,1,3,55,5,Matches
207,Rafik Belghali,dz ALG,DFFW,Hellas Verona,it Serie A,23-148,2002,6.4,257,7,58,92,117,15,257,23,11,47.8,9,39.1,129,990,483,16,11,3,13,5,119,33,Matches
208,Haris Belkebla,dz ALG,MF,Angers,fr Ligue 1,31-278,1994,9.9,462,25,156,267,45,6,462,17,10,58.8,7,41.2,244,1005,379,3,5,2,24,6,298,5,Matches
209,Yassin Belkhdim,fr FRA,MFFW,Angers,fr Ligue 1,23-261,2002,9.4,404,16,125,208,77,12,404,4,1,25.0,3,75.0,196,783,313,6,4,2,9,7,275,24,Matches
210,Stefan Bell,de GER,DF,Mainz 05,de Bundesliga,34-070,1991,3.6,211,27,98,100,14,9,211,1,0,0.0,1,100.0,97,403,202,1,0,0,1,1,110,1,Matches
211,Armel Bella Kotchap,de GER,DF,Hellas Verona,it Serie A,23-326,2001,2.6,130,28,77,47,6,3,130,0,0,,0,,62,204,76,0,1,0,1,0,64,1,Matches
212,Raoul Bellanova,it ITA,DF,Atalanta,it Serie A,25-169,2000,6.3,347,13,87,126,137,14,347,4,2,50.0,1,25.0,196,1003,581,23,11,3,4,1,211,46,Matches
213,Jean-Ricner Bellegarde,ht HAI,MFFW,Wolves,eng Premier League,27-128,1998,4.5,233,3,25,117,94,9,233,14,8,57.1,4,28.6,135,939,554,19,11,4,8,9,151,14,Matches
214,Héctor Bellerín,es ESP,DF,Betis,es La Liga,30-228,1995,8.6,597,32,190,280,131,17,597,8,5,62.5,2,25.0,330,1321,775,13,10,3,8,4,402,46,Matches
215,Jobe Bellingham,eng ENG,MF,Dortmund,de Bundesliga,20-040,2005,2.7,198,9,39,98,63,4,198,4,1,25.0,3,75.0,111,541,277,4,7,0,4,10,149,16,Matches
216,Jude Bellingham,eng ENG,MF,Real Madrid,es La Liga,22-126,2003,4.2,309,3,30,163,118,25,309,15,6,40.0,7,46.7,153,887,454,9,2,3,9,10,247,31,Matches
217,Jeanuël Belocian,fr FRA,DF,Leverkusen,de Bundesliga,20-258,2005,1.1,72,8,23,38,11,0,72,1,1,100.0,0,0.0,26,174,80,1,0,0,0,2,49,3,Matches
218,Andrea Belotti,it ITA,FW,Cagliari,it Serie A,31-317,1993,2.1,51,1,4,28,22,8,50,2,1,50.0,1,50.0,32,181,66,3,2,1,6,3,37,10,Matches
219,Fran Beltrán,es ESP,MF,Celta Vigo,es La Liga,26-272,1999,2.5,141,5,30,82,30,2,141,3,2,66.7,0,0.0,67,243,95,2,1,0,3,2,95,6,Matches
220,Lucas Beltrán,ar ARG,FW,Valencia,es La Liga,24-218,2001,3.0,125,5,16,78,36,7,125,7,4,57.1,3,42.9,72,303,106,3,2,0,12,10,94,13,Matches
221,Eliesse Ben Seghir,ma MAR,MFFW,Monaco,fr Ligue 1,20-259,2005,0.5,32,0,4,20,8,1,32,2,1,50.0,0,0.0,21,103,49,2,0,0,1,1,25,4,Matches
222,Eliesse Ben Seghir,ma MAR,MF,Leverkusen,de Bundesliga,20-259,2005,1.7,104,1,7,43,55,8,104,7,5,71.4,1,14.3,77,560,264,9,9,4,6,4,87,20,Matches
223,Carlos Benavídez,uy URU,MF,Alavés,es La Liga,27-217,1998,0.3,21,0,3,12,6,1,21,1,0,0.0,1,100.0,12,42,25,1,0,0,1,1,13,2,Matches
224,Adrian Benedyczak,pl POL,MFFW,Parma,it Serie A,24-343,2000,1.3,45,1,7,18,21,10,45,1,0,0.0,1,100.0,14,72,21,0,0,1,2,0,29,4,Matches
225,Yassine Benhattab,fr FRA,MFFW,Nantes,fr Ligue 1,22-349,2002,4.1,176,6,33,71,74,12,176,7,4,57.1,3,42.9,113,925,402,13,10,6,20,1,123,30,Matches
226,Iker Benito,es ESP,DFFW,Osasuna,es La Liga,23-084,2002,1.7,115,5,29,46,41,5,115,4,1,25.0,2,50.0,62,424,198,8,6,3,5,1,72,11,Matches
227,Ramy Bensebaini,dz ALG,DF,Dortmund,de Bundesliga,30-200,1995,8.5,791,49,205,497,93,5,791,5,2,40.0,1,20.0,489,2428,1608,22,22,0,8,2,572,5,Matches
228,Nabil Bentaleb,dz ALG,MF,Lille,fr Ligue 1,30-343,1994,2.6,245,8,60,144,42,3,244,0,0,,0,,129,518,252,2,3,1,1,0,169,4,Matches
229,Rodrigo Bentancur,uy URU,MF,Tottenham,eng Premier League,28-130,1997,7.2,443,27,131,241,72,15,443,9,5,55.6,4,44.4,212,973,353,3,0,0,13,1,281,13,Matches
230,Lucas Beraldo,br BRA,DF,Paris S-G,fr Ligue 1,21-343,2003,6.4,723,94,316,368,40,7,723,0,0,,0,,444,1428,753,1,1,0,4,0,562,1,Matches
231,Domenico Berardi,it ITA,FW,Sassuolo,it Serie A,31-093,1994,6.5,272,6,42,129,105,13,271,14,4,28.6,8,57.1,141,637,260,9,2,3,13,6,186,31,Matches
232,Yuri Berchiche,es ESP,DF,Athletic Club,es La Liga,35-265,1990,10.5,768,37,222,412,138,12,768,6,3,50.0,2,33.3,304,1324,836,16,9,0,8,5,441,24,Matches
233,Álex Berenguer,es ESP,FWMF,Athletic Club,es La Liga,30-121,1995,7.4,361,7,30,149,192,17,361,20,9,45.0,7,35.0,173,1055,527,17,15,2,17,18,216,49,Matches
234,Sander Berge,no NOR,MF,Fulham,eng Premier League,27-261,1998,9.6,511,24,135,310,67,6,511,5,1,20.0,4,80.0,304,1548,766,12,10,2,3,6,345,5,Matches
235,Lucas Bergvall,se SWE,MFFW,Tottenham,eng Premier League,19-273,2006,4.6,210,7,31,97,85,14,210,13,9,69.2,3,23.1,108,811,408,9,9,2,8,4,113,24,Matches
236,Medon Berisha,al ALB,MF,Lecce,it Serie A,22-012,2003,5.5,328,7,48,189,93,7,328,3,1,33.3,1,33.3,181,997,485,7,5,1,7,8,191,11,Matches
237,Anthony Bermont,fr FRA,DFMF,Lens,fr Ligue 1,20-265,2005,0.5,40,0,6,13,23,6,40,2,2,100.0,0,0.0,26,249,180,6,5,3,1,1,35,5,Matches
238,Adrian Bernabe,es ESP,MFDF,Parma,it Serie A,24-160,2001,7.7,434,11,80,249,108,6,434,15,5,33.3,7,46.7,256,1283,729,15,20,0,5,7,297,14,Matches
239,Marc Bernal,es ESP,MF,Barcelona,es La Liga,18-160,2007,0.1,14,1,2,7,5,0,14,0,0,,0,,6,12,4,0,0,0,0,0,9,0,Matches
240,Federico Bernardeschi,it ITA,FWMF,Bologna,it Serie A,31-259,1994,3.6,193,5,14,85,97,12,193,12,7,58.3,4,33.3,135,766,205,7,4,5,6,5,156,31,Matches
241,Bernardo,br BRA,DF,Hoffenheim,de Bundesliga,30-172,1995,7.9,603,36,197,322,85,12,603,7,4,57.1,3,42.9,222,1013,579,13,9,0,7,1,315,10,Matches
242,Lorenzo Bernasconi,it ITA,DF,Atalanta,it Serie A,21-351,2003,2.8,215,10,50,94,72,3,215,1,0,0.0,1,100.0,78,505,286,8,8,0,5,1,114,14,Matches
243,Antoine Bernede,fr FRA,MF,Hellas Verona,it Serie A,26-160,1999,7.6,348,7,78,194,80,4,348,13,5,38.5,6,46.2,174,893,438,10,8,1,15,4,205,15,Matches
244,Nicolò Bertola,it ITA,DF,Udinese,it Serie A,22-224,2003,3.8,230,20,81,146,5,1,230,3,2,66.7,1,33.3,129,618,353,3,1,0,3,2,151,5,Matches
245,Jan-Niklas Beste,de GER,FW,Freiburg,de Bundesliga,26-302,1999,5.3,222,3,30,112,80,11,222,14,5,35.7,9,64.3,109,649,191,5,1,1,9,11,137,39,Matches
246,Beto,gw GNB,FW,Everton,eng Premier League,27-275,1998,6.3,161,11,16,64,82,33,161,11,2,18.2,8,72.7,79,297,68,2,2,2,27,8,117,25,Matches
247,Sam Beukema,nl NED,DF,Napoli,it Serie A,26-350,1998,4.0,337,26,124,202,11,4,337,1,1,100.0,0,0.0,215,958,517,3,2,0,1,1,253,3,Matches
248,Matteo Bianchetti,it ITA,DF,Cremonese,it Serie A,32-230,1993,8.7,546,60,298,230,22,4,546,1,0,0.0,1,100.0,285,1071,431,0,0,0,2,0,316,3,Matches
249,Mika Biereth,dk DEN,FWMF,Monaco,fr Ligue 1,22-267,2003,6.2,156,3,7,60,89,27,156,7,1,14.3,6,85.7,92,350,84,3,3,1,14,11,115,40,Matches
250,Pedro Bigas,es ESP,DF,Elche,es La Liga,35-048,1990,8.6,756,59,292,436,37,4,756,1,0,0.0,1,100.0,421,1854,898,7,8,0,8,3,532,5,Matches
251,Jaka Bijol,si SVN,DF,Leeds United,eng Premier League,26-270,1999,2.0,155,29,98,55,3,1,155,0,0,,0,,88,403,235,0,0,0,1,0,104,0,Matches
252,Cristiano Biraghi,it ITA,DFMF,Torino,it Serie A,33-062,1992,4.9,246,8,66,111,72,2,246,1,0,0.0,1,100.0,97,469,239,6,0,0,2,0,132,18,Matches
253,Tom Bischof,de GER,DFMF,Bayern Munich,de Bundesliga,20-127,2005,3.4,357,3,54,159,147,9,357,1,1,100.0,0,0.0,231,953,443,10,7,4,4,0,277,20,Matches
254,Leonardo Bittencourt,de GER,MF,Werder Bremen,de Bundesliga,31-318,1993,2.0,148,6,39,83,27,2,148,2,1,50.0,1,50.0,101,551,217,2,1,0,2,0,111,2,Matches
255,Emmanuel Biumla,fr FRA,DF,Angers,fr Ligue 1,20-178,2005,1.5,93,18,60,33,0,0,93,0,0,,0,,46,214,110,0,0,0,2,1,59,1,Matches
256,Marco Bizot,nl NED,GK,Aston Villa,eng Premier League,34-237,1991,2.0,73,54,71,2,0,0,73,0,0,,0,,40,171,66,0,0,0,0,0,29,0,Matches
257,Antonio Blanco,es ESP,MF,Alavés,es La Liga,25-102,2000,8.4,610,20,111,425,83,1,610,4,3,75.0,1,25.0,293,1014,421,4,13,0,9,9,399,9,Matches
258,Ludovic Blas,fr FRA,MFDF,Rennes,fr Ligue 1,27-306,1997,6.0,308,3,36,109,166,19,307,18,7,38.9,9,50.0,178,1006,476,20,13,4,9,9,223,55,Matches
259,Daley Blind,nl NED,DF,Girona,es La Liga,35-238,1990,9.6,718,123,383,303,38,1,718,6,5,83.3,1,16.7,456,2238,1079,6,4,1,7,4,479,0,Matches
260,Adam Boayar,ma MAR,MF,Elche,es La Liga,20-020,2005,0.1,12,0,1,7,4,0,12,1,1,100.0,0,0.0,7,38,16,1,0,0,1,2,11,1,Matches
261,Oscar Bobb,no NOR,MFFW,Manchester City,eng Premier League,22-113,2003,5.0,252,3,21,91,145,23,252,25,14,56.0,9,36.0,173,924,438,16,11,12,9,8,196,52,Matches
262,Ben Bobzien,de GER,FW,Mainz 05,de Bundesliga,22-187,2003,0.1,13,0,0,10,4,1,13,0,0,,0,,7,52,22,2,0,0,1,1,10,1,Matches
263,Arnaud Bodart,be BEL,GK,Lille,fr Ligue 1,27-236,1998,2.0,78,42,78,0,0,0,78,0,0,,0,,53,267,183,0,0,0,0,0,44,0,Matches
264,Sacha Boey,fr FRA,DF,Bayern Munich,de Bundesliga,25-050,2000,5.1,394,17,89,172,135,14,394,10,1,10.0,8,80.0,209,671,259,6,9,1,7,4,272,30,Matches
265,Jeremie Boga,ci CIV,FWMF,Nice,fr Ligue 1,28-303,1997,6.5,242,2,35,92,121,19,242,26,11,42.3,12,46.2,160,1404,773,25,25,4,9,5,178,32,Matches
266,Lamare Bogarde,nl NED,MF,Aston Villa,eng Premier League,21-301,2004,3.1,180,12,42,110,29,2,180,4,0,0.0,3,75.0,125,606,305,3,3,0,3,2,142,2,Matches
267,Jayden Bogle,eng ENG,DF,Leeds United,eng Premier League,25-098,2000,9.6,479,23,143,223,122,18,479,21,7,33.3,11,52.4,231,1577,825,22,18,6,14,11,259,43,Matches
268,Adama Boiro,es ESP,DF,Athletic Club,es La Liga,23-133,2002,0.5,50,0,5,28,17,0,50,0,0,,0,,20,83,48,0,1,0,1,1,36,5,Matches
269,Morgan Bokelé Mputu,cm CMR,FWDF,Metz,fr Ligue 1,21-234,2004,1.9,98,2,18,46,36,4,98,8,2,25.0,4,50.0,63,525,226,10,8,2,3,2,87,8,Matches
270,Daniel Boloca,ro ROU,MF,Sassuolo,it Serie A,26-315,1998,1.5,70,2,15,37,20,1,70,2,1,50.0,1,50.0,40,272,173,4,2,0,1,0,46,0,Matches
271,Moïse Bombito,ca CAN,DF,Nice,fr Ligue 1,25-217,2000,1.6,78,14,47,30,1,0,78,0,0,,0,,42,240,160,1,0,0,0,1,43,0,Matches
272,Federico Bonazzoli,it ITA,FW,Cremonese,it Serie A,28-165,1997,5.2,195,4,22,116,58,12,195,6,2,33.3,3,50.0,120,405,147,3,6,0,13,8,145,19,Matches
273,Warren Bondo,fr FRA,MF,Cremonese,it Serie A,22-048,2003,7.4,331,11,93,198,44,2,331,12,6,50.0,4,33.3,219,1230,576,5,8,0,11,7,240,4,Matches
274,Giovanni Bonfanti,it ITA,DF,Pisa,it Serie A,22-289,2003,3.6,177,20,79,63,36,6,177,10,5,50.0,5,50.0,81,349,139,2,1,0,3,3,81,9,Matches
275,Victor Boniface,ng NGA,FWMF,Werder Bremen,de Bundesliga,24-314,2000,2.9,127,5,10,66,55,10,127,9,2,22.2,7,77.8,60,472,260,7,6,0,16,3,89,16,Matches
276,Rahim Bonkano,ne NIG,DF,Oviedo,es La Liga,23-305,2002,8.4,511,37,188,194,131,3,511,10,5,50.0,5,50.0,253,1138,576,16,7,0,13,2,279,45,Matches
277,Ange-Yoan Bonny,fr FRA,FW,Inter,it Serie A,22-008,2003,3.1,102,1,12,42,50,17,102,5,1,20.0,2,40.0,68,334,148,7,4,2,8,8,85,29,Matches
278,Gennaro Borrelli,it ITA,FW,Cagliari,it Serie A,25-237,2000,4.5,129,9,18,59,52,12,129,5,2,40.0,3,60.0,65,296,70,3,1,1,11,6,95,13,Matches
279,Sven Botman,nl NED,DF,Newcastle Utd,eng Premier League,25-294,2000,5.4,365,69,212,140,15,12,365,1,1,100.0,0,0.0,205,912,358,0,1,1,5,1,217,0,Matches
280,Ayyoub Bouaddi,fr FRA,MF,Lille,fr Ligue 1,18-031,2007,8.0,382,18,78,201,107,23,382,20,13,65.0,7,35.0,221,1265,553,15,4,2,14,7,227,23,Matches
281,Badredine Bouanani,dz ALG,MF,Nice,fr Ligue 1,20-329,2004,1.0,62,0,7,25,31,8,62,4,1,25.0,3,75.0,47,212,91,3,1,1,2,0,53,12,Matches
282,Badredine Bouanani,dz ALG,FWMF,Stuttgart,de Bundesliga,20-329,2004,1.8,101,1,10,31,63,11,101,6,2,33.3,4,66.7,60,370,180,10,7,6,3,3,77,14,Matches
283,Hicham Boudaoui,dz ALG,MF,Nice,fr Ligue 1,26-040,1999,8.1,381,31,92,199,93,12,381,14,6,42.9,7,50.0,228,1198,609,12,7,3,17,12,254,25,Matches
284,Justin Bourgault,fr FRA,MFDF,Brest,fr Ligue 1,20-049,2005,0.2,10,1,3,5,2,0,10,1,1,100.0,0,0.0,4,5,0,0,0,0,0,0,5,2,Matches
285,Jarrod Bowen,eng ENG,FWMF,West Ham,eng Premier League,28-317,1996,9.0,322,10,37,115,175,33,322,29,9,31.0,16,55.2,187,1429,666,27,17,10,22,14,236,67,Matches
286,Lucas Boyé,ar ARG,FWMF,Alavés,es La Liga,29-247,1996,5.1,187,4,12,74,104,30,187,10,3,30.0,7,70.0,99,394,138,5,5,3,23,16,124,25,Matches
287,Enzo Boyomo,cm CMR,DF,Osasuna,es La Liga,24-026,2001,10.0,590,60,259,299,39,5,590,5,3,60.0,1,20.0,344,1505,830,9,6,0,10,5,367,6,Matches
288,Domagoj Bradarić,hr CRO,DFFW,Hellas Verona,it Serie A,25-327,1999,6.9,303,8,60,135,110,5,303,9,4,44.4,5,55.6,157,745,325,6,3,1,7,0,166,28,Matches
289,Conor Bradley,nir NIR,DF,Liverpool,eng Premier League,22-116,2003,5.0,359,14,100,160,102,10,359,16,2,12.5,11,68.8,201,1144,624,16,8,1,4,3,222,21,Matches
290,Bilal Brahimi,dz ALG,FW,Nice,fr Ligue 1,25-233,2000,0.0,5,0,0,0,5,1,5,0,0,,0,,5,27,13,1,0,1,0,0,5,2,Matches
291,Julian Brandt,de GER,FWMF,Dortmund,de Bundesliga,29-184,1996,4.0,223,4,16,96,112,20,223,9,3,33.3,6,66.7,110,494,207,6,4,3,8,4,170,38,Matches
292,Lilian Brassier,fr FRA,DF,Rennes,fr Ligue 1,26-000,1999,4.4,338,25,142,164,33,6,338,6,3,50.0,3,50.0,192,1047,623,7,8,1,6,3,256,5,Matches
293,Iker Bravo,es ESP,FW,Udinese,it Serie A,20-293,2005,1.8,55,1,7,16,32,4,55,1,0,0.0,1,100.0,33,197,122,4,3,0,6,3,35,10,Matches
294,Josip Brekalo,hr CRO,FW,Oviedo,es La Liga,27-132,1998,3.4,186,1,20,88,80,13,186,9,2,22.2,6,66.7,117,682,342,13,8,3,6,3,129,27,Matches
295,Gleison Bremer,br BRA,DF,Juventus,it Serie A,28-229,1997,3.8,244,28,131,95,18,6,244,1,0,0.0,1,100.0,139,643,208,0,1,0,3,0,159,2,Matches
296,Marco Brescianini,it ITA,MFDF,Atalanta,it Serie A,25-286,2000,1.8,112,6,21,60,32,6,112,3,1,33.3,2,66.7,70,504,227,6,2,1,8,3,79,12,Matches
297,Abel Bretones,es ESP,DFMF,Osasuna,es La Liga,25-073,2000,8.0,359,22,111,149,103,7,359,17,10,58.8,6,35.3,175,866,433,10,10,1,14,3,197,26,Matches
298,Sascha Britschgi,ch SUI,DF,Parma,it Serie A,19-067,2006,4.5,171,11,52,73,48,4,171,4,1,25.0,1,25.0,82,428,186,5,7,0,2,6,86,10,Matches
299,Brian Brobbey,nl NED,FW,Sunderland,eng Premier League,23-274,2002,0.8,25,1,6,11,9,2,25,0,0,,0,,16,69,42,2,0,1,5,1,17,2,Matches
300,Marius Broholm,no NOR,FW,Lille,fr Ligue 1,20-311,2004,1.3,79,1,3,33,45,7,79,5,3,60.0,2,40.0,50,356,187,9,7,1,4,2,54,14,Matches
301,Armando Broja,al ALB,FW,Burnley,eng Premier League,24-053,2001,0.7,10,0,3,3,4,1,10,0,0,,0,,3,9,0,0,0,0,1,1,6,2,Matches
302,David Brooks,wls WAL,FWMF,Bournemouth,eng Premier League,28-117,1997,5.3,280,1,42,96,149,24,280,20,9,45.0,9,45.0,163,1048,592,16,13,6,11,4,201,50,Matches
303,Nathaniel Brown,de GER,DFFW,Eint Frankfurt,de Bundesliga,22-139,2003,6.8,377,9,111,172,101,16,377,10,4,40.0,6,60.0,222,1300,675,24,15,8,9,5,244,44,Matches
304,Brugui,es ESP,MF,Levante,es La Liga,28-363,1996,7.1,242,5,26,119,99,29,242,15,7,46.7,8,53.3,140,661,267,7,6,5,13,11,166,39,Matches
305,Paris Brunner,de GER,FW,Monaco,fr Ligue 1,19-260,2006,0.9,30,0,1,17,12,5,30,3,1,33.3,2,66.7,17,147,107,5,2,0,5,1,24,10,Matches
306,Jacob Bruun Larsen,dk DEN,FWMF,Burnley,eng Premier League,27-044,1998,4.4,161,8,28,58,76,16,161,10,1,10.0,9,90.0,93,489,250,7,6,4,11,4,109,29,Matches
307,Tajon Buchanan,ca CAN,MF,Villarreal,es La Liga,26-267,1999,7.2,298,4,51,94,165,23,298,43,12,27.9,21,48.8,188,1512,748,26,17,8,11,7,203,49,Matches
308,Ante Budimir,hr CRO,FW,Osasuna,es La Liga,34-103,1991,9.1,260,11,30,112,123,47,257,9,1,11.1,8,88.9,118,434,164,6,4,4,33,8,178,30,Matches
309,Emi Buendía,ar ARG,FWMF,Aston Villa,eng Premier League,28-312,1996,4.0,207,10,33,95,82,18,207,10,3,30.0,7,70.0,103,591,387,12,8,4,4,11,126,13,Matches
310,Hugo Bueno,es ESP,DFMF,Wolves,eng Premier League,23-045,2002,7.8,492,11,122,194,183,23,492,27,11,40.7,15,55.6,238,1445,705,27,10,6,15,9,266,48,Matches
311,Manu Bueno,es ESP,MF,Sevilla,es La Liga,21-098,2004,0.1,8,1,1,3,4,1,8,0,0,,0,,4,43,38,1,1,0,0,0,5,0,Matches
312,Santiago Bueno,uy URU,DF,Wolves,eng Premier League,26-358,1998,6.4,390,32,141,220,32,9,390,0,0,,0,,207,1174,676,4,1,0,1,1,252,1,Matches
313,Louis Buffon,it ITA,FW,Pisa,it Serie A,17-309,2007,0.2,3,0,1,2,0,0,3,0,0,,0,,3,18,5,0,0,0,1,1,4,1,Matches
314,Adam Buksa,pl POL,FW,Udinese,it Serie A,29-113,1996,3.5,103,9,14,60,30,8,103,2,0,0.0,1,50.0,50,230,119,5,4,2,9,5,74,8,Matches
315,Andrija Bulatović,me MNE,MF,Lens,fr Ligue 1,18-310,2006,0.1,13,0,3,4,6,0,13,1,0,0.0,1,100.0,5,24,8,1,0,0,1,0,7,2,Matches
316,Marius Bülter,de GER,FWMF,Köln,de Bundesliga,32-218,1993,4.2,151,8,24,67,60,8,151,3,2,66.7,1,33.3,92,505,208,10,5,2,14,4,112,21,Matches
317,Facundo Buonanotte,ar ARG,MF,Chelsea,eng Premier League,20-314,2004,0.5,30,0,1,12,17,4,30,1,0,0.0,1,100.0,16,64,9,0,1,0,2,0,21,5,Matches
318,Alessandro Buongiorno,it ITA,DF,Napoli,it Serie A,26-149,1999,5.4,381,31,145,221,17,3,381,0,0,,0,,226,1233,670,7,7,0,3,1,251,1,Matches
319,Wouter Burger,nl NED,MF,Hoffenheim,de Bundesliga,24-259,2001,6.0,352,24,75,219,60,12,352,1,0,0.0,1,100.0,139,556,239,3,2,1,10,9,210,15,Matches
320,Jonathan Burkardt,de GER,FW,Eint Frankfurt,de Bundesliga,25-114,2000,5.7,146,2,10,66,70,30,145,3,1,33.3,2,66.7,80,266,96,2,3,0,11,6,107,19,Matches
321,Oliver Burke,sct SCO,MFFW,Union Berlin,de Bundesliga,28-209,1997,4.5,122,3,14,50,64,16,122,11,4,36.4,6,54.5,61,431,210,8,5,4,8,5,70,27,Matches
322,Vincent Burlet,be BEL,DF,Lille,fr Ligue 1,20-040,2005,0.2,18,0,6,5,7,0,18,1,0,0.0,1,100.0,13,68,43,0,1,0,0,0,15,2,Matches
323,Dan Burn,eng ENG,DF,Newcastle Utd,eng Premier League,33-177,1992,9.0,505,41,219,215,75,18,505,2,2,100.0,0,0.0,236,887,363,3,2,1,6,3,258,11,Matches
324,Marnon Busch,de GER,DFMF,Heidenheim,de Bundesliga,30-329,1994,4.7,236,25,87,104,45,3,236,5,1,20.0,4,80.0,97,408,221,3,4,1,4,0,126,10,Matches
325,Aurélio Buta,pt POR,DF,Eint Frankfurt,de Bundesliga,28-265,1997,1.5,95,4,45,38,12,0,95,2,1,50.0,1,50.0,41,224,136,5,3,0,1,0,63,2,Matches
326,Jean Butez,fr FRA,GK,Como,it Serie A,30-147,1995,10.0,432,340,424,8,0,0,432,0,0,,0,,262,1414,843,0,0,0,1,0,216,0,Matches
327,Sam Byram,eng ENG,DF,Leeds United,eng Premier League,32-047,1993,0.1,1,0,1,0,0,0,1,0,0,,0,,1,3,1,0,0,0,0,0,1,0,Matches
328,William Bøving,dk DEN,MFFW,Mainz 05,de Bundesliga,22-246,2003,0.8,38,0,1,11,26,3,38,0,0,,0,,19,97,52,3,1,1,5,1,23,10,Matches
329,Jorge Cabello,es ESP,DF,Levante,es La Liga,21-191,2004,2.7,78,20,47,28,3,0,78,1,1,100.0,0,0.0,35,167,89,0,0,0,1,0,37,0,Matches
330,Pape Cabral,fr FRA,MF,Monaco,fr Ligue 1,18-286,2007,0.5,45,5,11,22,12,2,45,1,0,0.0,1,100.0,20,91,11,0,2,1,0,1,25,0,Matches
331,Leandro Cabrera,uy URU,DF,Espanyol,es La Liga,34-138,1991,9.0,460,65,235,198,28,13,460,0,0,,0,,243,927,517,1,4,0,1,1,291,1,Matches
332,Anthony Caci,fr FRA,DFMF,Mainz 05,de Bundesliga,28-124,1997,3.4,276,12,35,131,111,10,276,7,5,71.4,2,28.6,127,496,241,8,7,1,3,1,171,30,Matches
333,Noah Cadiou,gp GLP,MF,Lorient,fr Ligue 1,27-007,1998,1.6,87,4,23,40,24,2,87,2,1,50.0,1,50.0,56,217,75,1,0,1,3,3,65,6,Matches
334,Mathieu Cafaro,fr FRA,FWMF,Paris FC,fr Ligue 1,28-222,1997,0.4,31,0,1,6,24,3,31,0,0,,0,,15,61,30,2,0,1,0,0,26,14,Matches
335,Moisés Caicedo,ec ECU,MF,Chelsea,eng Premier League,24-000,2001,9.5,687,31,161,432,101,4,687,14,4,28.6,7,50.0,393,1679,863,8,9,0,7,8,476,6,Matches
336,Tom Cairney,sct SCO,MF,Fulham,eng Premier League,34-286,1991,2.3,164,5,42,82,42,5,164,2,0,0.0,2,100.0,101,489,245,2,4,0,6,1,123,3,Matches
337,Arturo Calabresi,it ITA,DF,Pisa,it Serie A,29-230,1996,1.6,78,7,30,42,6,1,78,2,0,0.0,2,100.0,31,197,71,0,0,0,1,0,32,1,Matches
338,Riccardo Calafiori,it ITA,DF,Arsenal,eng Premier League,23-167,2002,8.5,529,21,116,253,162,28,529,9,3,33.3,3,33.3,255,1484,794,19,13,3,3,2,298,37,Matches
339,Calebe,br BRA,MFDF,Alavés,es La Liga,25-186,2000,1.9,115,0,17,53,46,8,115,14,4,28.6,7,50.0,78,425,264,8,4,3,4,2,81,14,Matches
340,Fernando Calero,es ESP,DF,Espanyol,es La Liga,30-049,1995,5.5,343,61,215,122,8,3,343,1,1,100.0,0,0.0,193,670,381,1,1,0,0,1,219,1,Matches
341,Duje Ćaleta-Car,hr CRO,DF,Real Sociedad,es La Liga,29-046,1996,7.7,518,59,232,274,14,9,518,0,0,,0,,301,1590,1056,9,5,0,1,0,349,1,Matches
342,Hakan Çalhanoğlu,tr TUR,MF,Inter,it Serie A,31-267,1994,5.8,508,13,97,281,132,4,506,3,2,66.7,1,33.3,308,1463,720,13,14,0,8,3,374,17,Matches
343,Dominic Calvert-Lewin,eng ENG,FW,Leeds United,eng Premier League,28-231,1997,6.6,179,4,8,79,93,23,179,10,2,20.0,8,80.0,92,441,138,6,2,5,24,8,143,29,Matches
344,Dani Calvo,es ESP,DF,Oviedo,es La Liga,31-215,1994,6.0,341,76,233,101,7,2,341,1,0,0.0,1,100.0,169,642,243,1,0,0,3,1,214,1,Matches
345,Adama Camara,fr FRA,MF,Paris FC,fr Ligue 1,29-015,1996,7.0,350,19,92,199,61,11,350,6,4,66.7,2,33.3,144,807,346,3,5,2,13,8,232,21,Matches
346,Amady Camara,ml MLI,FWMF,Nantes,fr Ligue 1,20-158,2005,1.5,63,0,11,29,26,5,63,3,1,33.3,2,66.7,47,335,189,7,4,2,6,5,47,14,Matches
347,Dawda Camara,mr MTN,FW,Girona,es La Liga,22-363,2002,0.8,22,0,0,10,12,6,22,0,0,,0,,9,12,0,0,0,0,2,0,8,1,Matches
348,Lamine Camara,sn SEN,MF,Monaco,fr Ligue 1,21-305,2004,3.7,281,2,45,166,75,2,281,13,6,46.2,6,46.2,132,622,288,4,3,0,12,1,192,6,Matches
349,Mahdi Camara,fr FRA,MFDF,Rennes,fr Ligue 1,27-125,1998,6.0,317,8,44,181,95,4,317,4,3,75.0,1,25.0,175,939,458,11,11,1,10,4,222,22,Matches
350,Ousmane Camara,ml MLI,DF,Angers,fr Ligue 1,22-241,2003,8.7,425,106,270,154,4,2,425,1,0,0.0,1,100.0,198,859,343,1,0,0,5,0,244,0,Matches
351,Francesco Camarda,it ITA,FW,Lecce,it Serie A,17-237,2008,3.6,70,1,6,31,34,8,69,6,3,50.0,3,50.0,37,114,49,1,0,0,8,5,49,8,Matches
352,Eduardo Camavinga,fr FRA,MF,Real Madrid,es La Liga,22-357,2002,3.0,230,5,37,142,52,5,230,7,5,71.4,2,28.6,115,580,258,5,4,1,4,1,174,11,Matches
353,Nicolò Cambiaghi,it ITA,FW,Bologna,it Serie A,24-309,2000,6.3,205,1,12,79,117,22,205,20,9,45.0,5,25.0,143,1015,540,27,12,7,12,3,168,41,Matches
354,Andrea Cambiaso,it ITA,DFFW,Juventus,it Serie A,25-255,2000,7.3,471,17,104,193,183,15,471,10,4,40.0,6,60.0,280,1730,935,25,20,3,8,2,335,49,Matches
355,Axel Camblan,fr FRA,FWMF,Brest,fr Ligue 1,22-064,2003,0.1,5,0,0,0,5,0,5,0,0,,0,,5,13,0,0,0,0,1,0,5,2,Matches
356,Sergio Camello,es ESP,FWMF,Rayo Vallecano,es La Liga,24-265,2001,1.7,57,0,4,24,30,7,57,3,1,33.3,1,33.3,41,134,30,0,1,0,6,4,45,7,Matches
357,Cole Campbell,us USA,FW,Dortmund,de Bundesliga,19-255,2006,0.2,9,0,0,1,8,2,9,0,0,,0,,7,41,27,1,0,1,1,0,8,2,Matches
358,Matteo Cancellieri,it ITA,FW,Lazio,it Serie A,23-263,2002,4.6,193,3,26,88,81,20,193,15,3,20.0,8,53.3,104,590,294,10,4,6,7,7,133,33,Matches
359,Fali Candé,gw GNB,DF,Sassuolo,it Serie A,27-282,1998,2.4,124,18,61,61,4,1,124,0,0,,0,,49,243,107,2,1,0,5,0,62,1,Matches
360,Simone Canestrelli,it ITA,DF,Pisa,it Serie A,25-052,2000,9.0,453,89,268,164,23,8,453,3,1,33.3,2,66.7,193,1073,576,6,1,0,6,3,231,3,Matches
361,Jaydee Canvot,fr FRA,DF,Crystal Palace,eng Premier League,19-096,2006,0.0,2,0,0,2,0,0,2,0,0,,0,,2,14,0,0,0,0,0,0,2,0,Matches
362,Jaydee Canvot,fr FRA,MFDF,Toulouse,fr Ligue 1,19-096,2006,2.0,129,10,47,68,14,1,129,3,2,66.7,1,33.3,80,325,185,1,1,1,0,0,94,2,Matches
363,Nicolás Capaldo,ar ARG,DFMF,Hamburger SV,de Bundesliga,28-049,1997,5.3,276,14,87,157,33,2,276,1,0,0.0,0,0.0,149,658,326,6,8,0,6,6,169,10,Matches
364,Pierrick Capelle,fr FRA,MF,Angers,fr Ligue 1,38-201,1987,0.6,28,2,12,10,6,0,28,0,0,,0,,11,111,73,2,1,0,0,1,17,2,Matches
365,Elia Caprile,it ITA,GK,Cagliari,it Serie A,24-069,2001,9.0,323,268,321,2,0,0,323,0,0,,0,,146,772,518,0,0,0,1,0,126,0,Matches
366,Maxence Caqueret,fr FRA,MFFW,Como,it Serie A,25-260,2000,4.5,285,4,43,165,80,9,285,12,8,66.7,3,25.0,164,834,439,8,8,2,9,7,205,12,Matches
367,Antonio Caracciolo,it ITA,DF,Pisa,it Serie A,35-125,1990,9.0,466,88,268,180,19,4,466,3,1,33.3,2,66.7,216,907,380,2,3,0,3,2,250,6,Matches
368,Valentin Carboni,ar ARG,MFFW,Genoa,it Serie A,20-242,2005,3.6,193,3,25,100,74,8,193,21,10,47.6,9,42.9,112,622,254,7,6,2,15,7,119,22,Matches
369,Sergi Cardona,es ESP,DF,Villarreal,es La Liga,26-117,1999,8.0,483,24,166,173,148,11,483,5,1,20.0,3,60.0,256,995,556,20,14,4,7,2,270,53,Matches
370,Fábio Cardoso,pt POR,DF,Sevilla,es La Liga,31-197,1994,1.4,44,10,38,6,0,0,44,0,0,,0,,20,60,19,0,0,0,0,0,22,0,Matches
371,Johnny Cardoso,us USA,MF,Atlético Madrid,es La Liga,24-043,2001,2.0,133,6,28,82,25,1,133,3,2,66.7,1,33.3,74,393,218,5,7,1,0,2,96,3,Matches
372,Igor Carioca,br BRA,DF,Lorient,fr Ligue 1,29-073,1996,4.5,286,15,90,123,73,3,286,3,1,33.3,2,66.7,163,676,357,8,9,2,4,0,173,11,Matches
373,Diego Carlos,br BRA,DF,Como,it Serie A,32-232,1993,6.4,427,69,233,187,7,4,427,0,0,,0,,248,925,412,0,0,0,2,0,289,0,Matches
374,Kevin Carlos,es ESP,FW,Nice,fr Ligue 1,24-206,2001,4.5,112,4,14,61,41,19,112,4,0,0.0,4,100.0,63,275,118,3,1,2,15,5,88,19,Matches
375,David Carmo,ao ANG,DF,Oviedo,es La Liga,26-106,1999,6.1,421,80,265,147,10,6,421,0,0,,0,,250,1123,605,3,1,0,2,1,282,1,Matches
376,Carmona,es ESP,DFMF,Sevilla,es La Liga,23-277,2002,9.2,589,37,222,271,104,14,589,20,10,50.0,5,25.0,294,1688,980,21,13,8,12,4,316,36,Matches
377,Marco Carnesecchi,it ITA,GK,Atalanta,it Serie A,25-124,2000,10.0,397,356,397,0,0,0,397,1,1,100.0,0,0.0,232,921,576,0,0,0,0,0,227,0,Matches
378,Sergio Carreira,es ESP,MFDF,Celta Vigo,es La Liga,25-020,2000,6.9,436,14,113,169,155,10,436,14,6,42.9,8,57.1,225,1221,633,15,9,3,3,3,294,72,Matches
379,Álvaro Carreras,es ESP,DF,Real Madrid,es La Liga,22-224,2003,10.9,987,37,214,497,281,15,987,23,7,30.4,12,52.2,550,2584,1507,25,19,2,7,8,682,63,Matches
380,Dani Carvajal,es ESP,DF,Real Madrid,es La Liga,33-295,1992,4.2,297,15,75,142,83,2,297,3,1,33.3,1,33.3,166,518,218,3,4,0,2,1,201,20,Matches
381,Fabio Carvalho,pt POR,FWMF,Brentford,eng Premier League,23-064,2002,1.1,42,1,3,22,18,2,42,3,1,33.3,2,66.7,16,96,32,2,1,0,1,1,20,6,Matches
382,Cesare Casadei,it ITA,MF,Torino,it Serie A,22-296,2003,8.2,371,18,74,228,76,20,371,11,6,54.5,4,36.4,187,934,313,7,10,2,19,9,243,13,Matches
383,Marc Casado,es ESP,MF,Barcelona,es La Liga,22-049,2003,3.4,355,7,52,221,85,2,355,2,1,50.0,1,50.0,230,1042,433,4,7,0,3,1,279,7,Matches
384,Nicolò Casale,it ITA,DF,Bologna,it Serie A,27-261,1998,0.6,28,4,11,17,0,0,28,0,0,,0,,11,72,16,0,1,0,1,1,13,0,Matches
385,Casemiro,br BRA,MF,Manchester Utd,eng Premier League,33-252,1992,6.0,396,12,85,243,71,12,396,3,2,66.7,1,33.3,168,616,242,1,7,0,7,2,250,9,Matches
386,Matty Cash,pl POL,DF,Aston Villa,eng Premier League,28-087,1997,9.7,639,43,195,268,182,5,639,7,1,14.3,4,57.1,353,1689,753,15,11,1,6,6,380,44,Matches
387,Josué Casimir,ht HAI,MFDF,Auxerre,fr Ligue 1,24-039,2001,8.7,391,9,81,152,168,15,390,7,2,28.6,4,57.1,202,1235,570,18,15,6,17,8,242,51,Matches
388,Cristian Cásseres Jr.,ve VEN,MF,Toulouse,fr Ligue 1,25-286,2000,8.0,415,6,89,244,87,7,414,7,2,28.6,4,57.1,215,1044,533,3,7,1,8,6,229,10,Matches
389,Timothy Castagne,be BEL,DFFW,Fulham,eng Premier League,29-332,1995,4.4,220,17,99,58,63,10,220,2,1,50.0,1,50.0,108,429,157,5,2,1,3,0,121,20,Matches
390,Valentín Castellanos,ar ARG,FW,Lazio,it Serie A,27-030,1998,4.8,138,6,14,60,64,22,138,11,4,36.4,7,63.6,75,306,115,5,3,3,8,7,108,32,Matches
391,Castrin,es ESP,DF,Sevilla,es La Liga,22-305,2003,3.7,299,33,164,126,9,4,299,3,2,66.7,1,33.3,170,812,497,2,0,0,0,1,202,1,Matches
392,Jonny Castro,es ESP,DF,Alavés,es La Liga,31-244,1994,9.9,741,30,216,397,133,7,741,9,6,66.7,1,11.1,369,1765,922,11,11,1,10,6,423,15,Matches
393,Santiago Castro,ar ARG,FW,Bologna,it Serie A,21-034,2004,5.8,130,8,13,53,65,14,130,5,1,20.0,1,20.0,79,316,134,3,4,1,14,13,100,25,Matches
394,Alessio Castro-Montes,be BEL,DFFW,Köln,de Bundesliga,28-169,1997,0.3,27,0,1,10,16,0,27,0,0,,0,,15,61,14,0,0,0,0,2,17,3,Matches
395,Danilo Cataldi,it ITA,MF,Lazio,it Serie A,31-088,1994,6.8,368,25,111,215,46,3,367,8,3,37.5,5,62.5,182,829,325,2,2,0,5,2,231,2,Matches
396,Catena,es ESP,DF,Osasuna,es La Liga,31-005,1994,10.0,598,104,331,249,22,16,598,2,1,50.0,1,50.0,311,1347,762,2,1,1,2,1,355,2,Matches
397,Nicolò Cavuoti,it ITA,DF,Cagliari,it Serie A,22-212,2003,0.1,5,0,3,2,0,0,5,1,0,0.0,1,100.0,1,1,0,0,0,0,0,2,2,0,Matches
398,Santi Cazorla,es ESP,MFFW,Oviedo,es La Liga,40-324,1984,2.2,146,5,25,85,36,2,146,1,1,100.0,0,0.0,74,305,111,1,3,1,3,1,99,6,Matches
399,Dani Ceballos,es ESP,MF,Real Madrid,es La Liga,29-087,1996,3.1,298,8,44,168,86,6,298,9,0,0.0,8,88.9,177,819,412,4,5,2,3,1,227,8,Matches
400,Federico Ceccherini,it ITA,DF,Cremonese,it Serie A,33-175,1992,1.2,68,9,31,36,4,0,68,0,0,,0,,28,73,37,0,2,0,1,0,26,1,Matches
401,Abdoulie Ceesay,gm GAM,FW,St. Pauli,de Bundesliga,21-301,2004,1.4,39,0,2,13,24,4,39,2,2,100.0,0,0.0,16,74,3,0,0,0,6,2,30,15,Matches
402,Zeki Çelik,tr TUR,DF,Roma,it Serie A,28-258,1997,6.2,404,14,108,192,108,10,404,13,4,30.8,9,69.2,224,1274,610,10,7,4,5,1,248,25,Matches
403,Fabien Centonze,fr FRA,DF,Nantes,fr Ligue 1,29-290,1996,0.2,21,0,3,12,6,0,21,4,2,50.0,2,50.0,7,43,16,1,0,0,0,0,9,0,Matches
404,Václav Černý,cz CZE,FW,Wolfsburg,de Bundesliga,28-016,1997,0.5,17,2,4,8,5,2,17,2,1,50.0,1,50.0,12,91,57,2,1,1,1,0,11,2,Matches
405,Julian Chabot,de GER,DF,Stuttgart,de Bundesliga,27-263,1998,7.1,681,75,276,386,23,6,681,4,4,100.0,0,0.0,407,1765,1011,8,8,0,9,0,475,2,Matches
406,El Chadaille Bitshiabu,fr FRA,DF,RB Leipzig,de Bundesliga,20-170,2005,0.2,21,1,5,15,1,1,21,0,0,,0,,13,40,17,0,0,0,1,0,13,0,Matches
407,Fares Chaïbi,dz ALG,MF,Eint Frankfurt,de Bundesliga,22-339,2002,6.6,399,10,63,201,142,16,399,8,4,50.0,3,37.5,220,1006,497,17,12,3,9,6,265,39,Matches
408,Ilyas Chaira,ma MAR,FWMF,Oviedo,es La Liga,24-273,2001,5.6,233,9,46,104,85,14,233,24,6,25.0,17,70.8,145,1086,527,24,10,6,14,10,170,40,Matches
409,Trevoh Chalobah,eng ENG,DF,Chelsea,eng Premier League,26-120,1999,8.3,730,76,290,401,42,6,730,7,4,57.1,1,14.3,484,1907,1058,9,4,0,3,1,537,0,Matches
410,Fallou Cham,gm GAM,DF,Hellas Verona,it Serie A,19-261,2006,2.4,121,6,32,48,43,6,121,2,1,50.0,1,50.0,45,166,96,2,2,0,5,0,54,11,Matches
411,Brendan Chardonnet,fr FRA,DF,Brest,fr Ligue 1,30-315,1994,7.8,493,75,305,175,14,9,493,1,0,0.0,1,100.0,280,1051,521,1,1,0,3,0,317,2,Matches
412,Pep Chavarría,es ESP,DF,Rayo Vallecano,es La Liga,27-206,1998,10.2,739,39,236,360,151,5,739,18,5,27.8,9,50.0,369,2309,1425,39,19,0,18,5,429,43,Matches
413,Arthur Chaves,br BRA,DF,Hoffenheim,de Bundesliga,24-277,2001,2.7,176,12,97,73,7,3,176,0,0,,0,,66,360,224,2,0,0,0,1,101,1,Matches
414,Walid Cheddira,ma MAR,FW,Sassuolo,it Serie A,27-284,1998,0.7,39,0,4,12,24,10,39,3,2,66.7,1,33.3,25,187,118,3,1,3,4,3,27,7,Matches
415,Chema,es ESP,MF,Stuttgart,de Bundesliga,20-191,2005,4.5,296,17,66,182,51,5,296,1,1,100.0,0,0.0,148,664,326,6,2,0,6,0,167,9,Matches
416,Samir Chergui,dz ALG,DF,Paris FC,fr Ligue 1,26-269,1999,9.2,555,43,212,257,88,21,555,4,2,50.0,2,50.0,229,750,381,2,3,2,9,1,384,25,Matches
417,Sidiki Cherif,fr FRA,FWMF,Angers,fr Ligue 1,18-322,2006,5.9,186,2,28,97,67,23,186,23,9,39.1,14,60.9,118,941,431,17,11,4,20,9,136,32,Matches
418,Rayan Cherki,fr FRA,MFFW,Manchester City,eng Premier League,22-077,2003,1.0,102,0,16,49,37,4,102,3,1,33.3,2,66.7,63,278,140,3,3,1,3,4,85,5,Matches
419,Lucas Chevalier,fr FRA,GK,Paris S-G,fr Ligue 1,23-361,2001,11.0,299,250,294,5,0,0,299,0,0,,0,,200,757,483,0,0,0,0,0,178,0,Matches
420,Fabio Chiarodia,it ITA,DF,Gladbach,de Bundesliga,20-150,2005,3.1,231,30,101,126,6,0,231,0,0,,0,,128,632,351,1,2,0,2,0,148,2,Matches
421,Federico Chiesa,it ITA,FWMF,Liverpool,eng Premier League,28-008,1997,1.3,77,2,10,29,38,9,77,4,1,25.0,3,75.0,39,201,124,3,1,0,6,2,49,11,Matches
422,Ben Chilwell,eng ENG,DFFW,Strasbourg,fr Ligue 1,28-316,1996,3.8,205,15,80,99,27,0,205,4,2,50.0,2,50.0,113,438,242,5,3,0,9,3,130,3,Matches
423,Joris Chotard,fr FRA,MF,Brest,fr Ligue 1,24-039,2001,8.2,399,31,118,238,45,2,399,2,2,100.0,0,0.0,197,844,429,3,3,1,8,1,231,6,Matches
424,Andreas Christensen,dk DEN,DF,Barcelona,es La Liga,29-206,1996,3.5,320,24,102,200,19,2,320,0,0,,0,,215,962,544,3,6,1,0,2,245,0,Matches
425,Ryan Christie,sct SCO,MF,Bournemouth,eng Premier League,30-253,1995,2.1,151,9,30,72,51,8,151,9,2,22.2,5,55.6,80,403,178,4,5,1,6,3,97,6,Matches
426,Carney Chukwuemeka,eng ENG,FWMF,Dortmund,de Bundesliga,22-013,2003,2.4,131,1,14,55,66,6,131,20,10,50.0,9,45.0,74,480,275,6,4,0,3,2,88,20,Matches
427,Samuel Chukwueze,ng NGA,FWMF,Fulham,eng Premier League,26-164,1999,0.5,43,0,2,14,27,7,43,9,4,44.4,3,33.3,31,282,114,4,0,2,1,1,32,8,Matches
428,Samuel Chukwueze,ng NGA,FW,Milan,it Serie A,26-164,1999,0.3,18,0,1,9,9,4,18,2,1,50.0,0,0.0,13,93,40,2,1,1,1,0,14,5,Matches
429,Víctor Chust,es ESP,DF,Elche,es La Liga,25-242,2000,5.7,406,27,182,197,28,3,406,1,0,0.0,1,100.0,199,1141,571,7,4,0,4,1,269,0,Matches
430,Alessandro Circati,au AUS,DF,Parma,it Serie A,22-023,2003,9.0,527,71,289,231,10,1,527,0,0,,0,,293,1444,817,0,0,0,8,0,300,1,Matches
431,Pathé Ciss,sn SEN,MFDF,Rayo Vallecano,es La Liga,31-231,1994,8.3,604,55,239,333,34,5,604,7,3,42.9,3,42.9,313,1395,752,11,3,1,4,7,402,5,Matches
432,Djaoui Cissé,fr FRA,MF,Rennes,fr Ligue 1,21-275,2004,3.8,242,4,39,125,82,9,242,8,4,50.0,4,50.0,124,798,437,11,3,3,10,3,168,18,Matches
433,Alexis Claude-Maurice,fr FRA,MFFW,Augsburg,de Bundesliga,27-149,1998,4.1,202,2,16,114,73,9,202,11,4,36.4,6,54.5,115,741,381,12,10,2,15,7,158,26,Matches
434,Jonathan Clauss,fr FRA,DFMF,Nice,fr Ligue 1,33-038,1992,6.8,478,23,106,182,196,12,478,10,7,70.0,3,30.0,256,1153,605,16,12,0,14,6,278,49,Matches
435,Nathaniel Clyne,eng ENG,DF,Crystal Palace,eng Premier League,34-211,1991,0.1,5,2,3,0,2,0,5,0,0,,0,,3,7,6,0,0,0,0,0,3,0,Matches
436,Saúl Coco,gq EQG,DF,Torino,it Serie A,26-266,1999,9.0,477,74,274,187,16,7,477,0,0,,0,,215,854,257,0,0,0,6,2,296,1,Matches
437,Séamus Coleman,ie IRL,FW,Everton,eng Premier League,37-022,1988,0.0,0,0,0,0,0,0,0,0,0,,0,,0,0,0,0,0,0,0,0,0,0,Matches
438,Maxime Colin,fr FRA,DF,Metz,fr Ligue 1,33-352,1991,2.9,196,8,87,87,23,3,196,4,4,100.0,0,0.0,112,448,162,1,2,1,3,3,121,5,Matches
439,Nathan Collins,ie IRL,DF,Brentford,eng Premier League,24-186,2001,10.0,571,114,351,193,29,19,571,1,0,0.0,0,0.0,260,1328,791,2,1,1,3,4,331,1,Matches
440,Nnamdi Collins,de GER,DF,Eint Frankfurt,de Bundesliga,21-296,2004,5.0,399,16,123,226,51,2,399,13,5,38.5,8,61.5,230,1241,750,15,5,2,7,1,264,8,Matches
441,Michele Collocolo,it ITA,MF,Cremonese,it Serie A,25-359,1999,3.2,134,5,31,79,24,3,134,2,1,50.0,0,0.0,81,373,102,3,4,1,9,4,98,10,Matches
442,Santiago Colombatto,ar ARG,MF,Oviedo,es La Liga,28-289,1997,4.1,235,14,73,120,43,5,235,0,0,,0,,144,506,231,1,0,0,4,3,146,12,Matches
443,Lorenzo Colombo,it ITA,FWMF,Genoa,it Serie A,23-239,2002,4.7,135,4,16,67,52,10,135,5,2,40.0,3,60.0,78,417,87,4,4,0,16,10,98,23,Matches
444,Eray Cömert,ch SUI,DF,Valencia,es La Liga,27-271,1998,0.5,35,9,22,9,4,0,35,0,0,,0,,13,61,30,1,0,0,0,0,17,1,Matches
445,Santi Comesaña,es ESP,MF,Villarreal,es La Liga,29-028,1996,7.0,418,27,113,197,112,25,418,3,1,33.3,0,0.0,246,1071,605,10,12,3,11,8,297,19,Matches
446,Pietro Comuzzo,it ITA,DF,Fiorentina,it Serie A,20-255,2005,3.3,170,19,89,73,11,3,170,0,0,,0,,85,317,124,0,2,0,0,1,96,0,Matches
447,Francisco Conceição,pt POR,MFFW,Juventus,it Serie A,22-323,2002,5.6,292,2,35,120,144,27,292,28,13,46.4,13,46.4,204,1713,932,31,18,9,13,11,221,28,Matches
448,Sirlord Conteh,de GER,FWMF,Heidenheim,de Bundesliga,29-116,1996,2.6,73,3,13,27,33,13,73,5,0,0.0,3,60.0,35,145,55,4,1,3,7,0,45,17,Matches
449,Lewis Cook,eng ENG,MF,Bournemouth,eng Premier League,28-272,1997,0.1,12,4,6,5,1,0,12,0,0,,0,,4,8,0,0,0,0,0,1,4,0,Matches
450,Copete,es ESP,DF,Valencia,es La Liga,26-023,1999,6.8,412,56,206,184,23,9,412,2,2,100.0,0,0.0,190,669,332,1,2,1,4,0,261,1,Matches
451,Diego Coppola,it ITA,DF,Brighton,eng Premier League,21-309,2003,0.2,9,3,4,5,0,0,9,0,0,,0,,5,16,2,0,0,0,0,0,4,0,Matches
452,Francis Coquelin,fr FRA,MF,Nantes,fr Ligue 1,34-173,1991,1.7,82,3,34,44,6,2,82,3,3,100.0,0,0.0,51,142,37,0,0,0,1,0,53,0,Matches
453,Derek Cornelius,ca CAN,DF,Marseille,fr Ligue 1,27-342,1997,0.6,22,7,13,9,0,0,22,0,0,,0,,9,27,9,0,0,0,0,0,11,0,Matches
454,Maxwel Cornet,ci CIV,FWDF,Genoa,it Serie A,29-036,1996,0.8,39,1,5,10,24,7,38,1,0,0.0,1,100.0,22,81,18,2,1,0,1,2,26,9,Matches
455,Félix Correia,pt POR,FW,Lille,fr Ligue 1,24-284,2001,7.8,411,6,41,174,196,23,411,14,4,28.6,8,57.1,258,1214,656,20,14,6,8,6,289,71,Matches
456,Thierry Correia,pt POR,DF,Valencia,es La Liga,26-238,1999,3.8,227,7,85,111,33,6,227,1,1,100.0,0,0.0,102,525,356,6,0,2,4,2,134,10,Matches
457,Coba da Costa,es ESP,MFFW,Getafe,es La Liga,23-099,2002,2.7,147,2,19,50,81,12,147,18,9,50.0,9,50.0,64,390,151,6,7,4,21,3,95,19,Matches
458,Danny da Costa,de GER,DF,Mainz 05,de Bundesliga,32-112,1993,8.2,508,30,189,261,64,5,508,6,4,66.7,2,33.3,267,1113,477,4,6,0,9,3,305,9,Matches
459,Samu Costa,pt POR,MF,Mallorca,es La Liga,24-340,2000,5.6,336,24,104,164,70,10,336,11,5,45.5,6,54.5,169,611,269,4,5,2,7,7,202,16,Matches
460,David Costas,es ESP,DF,Oviedo,es La Liga,30-221,1995,3.9,202,41,145,56,2,1,202,2,2,100.0,0,0.0,112,536,250,0,0,0,0,0,119,1,Matches
461,Grégoire Coudert,fr FRA,GK,Brest,fr Ligue 1,26-213,1999,2.4,89,78,89,0,0,0,89,0,0,,0,,56,384,222,0,0,0,0,0,42,0,Matches
462,Vladimír Coufal,cz CZE,DF,Hoffenheim,de Bundesliga,33-072,1992,7.9,480,31,151,208,128,12,480,10,7,70.0,3,30.0,192,1039,494,15,7,0,16,3,238,12,Matches
463,Abdoul Coulibaly,de GER,DF,Werder Bremen,de Bundesliga,18-163,2007,8.0,620,101,360,249,11,4,620,4,4,100.0,0,0.0,368,1850,977,6,4,0,4,2,431,0,Matches
464,Lassana Coulibaly,ml MLI,MF,Lecce,it Serie A,29-206,1996,7.3,231,10,36,120,75,15,231,10,3,30.0,5,50.0,121,520,231,5,5,1,7,6,159,19,Matches
465,Lasso Coulibaly,ci CIV,MFDF,Auxerre,fr Ligue 1,23-014,2002,2.3,111,3,18,48,49,6,111,14,10,71.4,4,28.6,71,618,289,7,3,5,9,2,60,13,Matches
466,Mamadou Coulibaly,fr FRA,MF,Monaco,fr Ligue 1,21-195,2004,4.8,313,9,56,189,71,6,313,10,5,50.0,5,50.0,177,934,391,8,5,3,14,2,226,18,Matches
467,Soumaïla Coulibaly,fr FRA,DF,Brest,fr Ligue 1,22-019,2003,3.0,198,30,105,88,5,2,198,1,0,0.0,0,0.0,118,576,364,3,1,0,1,0,128,0,Matches
468,Woyo Coulibaly,ml MLI,DF,Sassuolo,it Serie A,26-166,1999,2.6,122,4,37,58,28,2,122,2,0,0.0,0,0.0,67,462,244,8,4,1,1,5,74,6,Matches
469,Marius Courcoul,fr FRA,MF,Angers,fr Ligue 1,18-305,2007,1.2,62,2,18,37,7,1,62,3,1,33.3,2,66.7,21,138,47,0,0,0,2,2,35,3,Matches
470,Thibaut Courtois,be BEL,GK,Real Madrid,es La Liga,33-175,1992,11.0,353,257,346,7,0,0,353,0,0,,0,,203,1004,585,0,0,0,0,0,203,0,Matches
471,Yan Couto,br BRA,DFMF,Dortmund,de Bundesliga,23-152,2002,5.2,358,6,72,123,166,9,358,11,4,36.4,6,54.5,188,1011,601,20,19,2,7,5,236,52,Matches
472,Patrice Čović,hr CRO,MFFW,Werder Bremen,de Bundesliga,18-130,2007,2.3,143,5,28,83,33,4,143,2,0,0.0,2,100.0,88,379,212,6,4,1,1,0,104,15,Matches
473,Nicolas Cozza,fr FRA,DF,Nantes,fr Ligue 1,26-298,1999,5.4,255,28,126,94,41,2,255,9,5,55.6,3,33.3,119,724,413,7,4,0,4,0,125,9,Matches
474,Ben Cremaschi,us USA,MF,Parma,it Serie A,20-245,2005,0.2,4,1,3,1,0,0,4,0,0,,0,,0,0,0,0,0,0,1,0,1,0,Matches
475,Charlie Cresswell,eng ENG,DF,Toulouse,fr Ligue 1,23-077,2002,10.0,607,111,327,247,35,28,607,0,0,,0,,327,1587,766,3,3,0,2,2,375,3,Matches
476,Bryan Cristante,it ITA,MF,Roma,it Serie A,30-244,1995,8.3,571,19,102,371,99,20,571,5,4,80.0,1,20.0,308,1333,638,7,13,2,11,7,426,18,Matches
477,Juan Cruz Armada,es ESP,DF,Osasuna,es La Liga,33-097,1992,5.4,223,17,101,103,20,1,223,4,2,50.0,1,25.0,100,456,238,3,3,0,2,1,128,3,Matches
478,Juan Cuadrado,co COL,DFMF,Pisa,it Serie A,37-160,1988,3.0,185,9,43,101,44,4,184,21,5,23.8,14,66.7,101,582,319,8,4,1,5,7,106,11,Matches
479,Pau Cubarsí,es ESP,DF,Barcelona,es La Liga,18-284,2007,6.7,635,52,222,385,31,5,635,2,1,50.0,0,0.0,389,2481,1335,12,11,1,0,0,480,1,Matches
480,Cucho,co COL,FW,Betis,es La Liga,26-196,1999,9.4,348,10,28,157,170,48,348,23,10,43.5,10,43.5,218,944,383,13,10,4,39,22,268,57,Matches
481,Marc Cucurella,es ESP,DF,Chelsea,eng Premier League,27-103,1998,9.0,601,27,184,292,128,18,601,3,1,33.3,1,33.3,295,1130,641,15,9,2,4,1,375,31,Matches
482,Jorge Cuenca,es ESP,DF,Fulham,eng Premier League,25-350,1999,1.9,109,25,75,30,4,3,109,1,1,100.0,0,0.0,70,235,85,0,1,0,1,0,69,0,Matches
483,Josh Cullen,ie IRL,MF,Burnley,eng Premier League,29-209,1996,9.5,563,31,140,341,83,3,563,5,2,40.0,2,40.0,268,667,217,2,4,1,6,5,330,6,Matches
484,Pablo Cuñat,es ESP,GK,Levante,es La Liga,23-188,2002,2.0,76,66,75,1,0,0,76,0,0,,0,,35,239,174,0,0,0,0,0,15,0,Matches
485,Jair Cunha,br BRA,DF,Nott'ham Forest,eng Premier League,20-240,2005,1.0,60,8,40,18,2,0,60,1,1,100.0,0,0.0,34,102,59,0,0,0,0,0,34,0,Matches
486,Matheus Cunha,br BRA,MFFW,Manchester Utd,eng Premier League,26-159,1999,6.8,307,8,45,143,124,19,307,26,14,53.8,12,46.2,189,1308,719,19,14,7,22,15,220,30,Matches
487,Patrick Cutrone,it ITA,FW,Parma,it Serie A,27-303,1998,6.4,190,3,16,65,109,21,190,8,2,25.0,5,62.5,105,478,185,6,4,2,19,1,136,33,Matches
488,Lucas Da Cunha,fr FRA,MF,Como,it Serie A,24-146,2001,7.4,504,18,107,306,94,8,504,11,6,54.5,5,45.5,278,1182,543,9,9,1,4,7,377,12,Matches
489,Adam Daghim,dk DEN,FW,Wolfsburg,de Bundesliga,20-035,2005,4.0,195,8,43,67,87,20,195,10,2,20.0,8,80.0,102,518,312,13,7,6,11,4,120,33,Matches
490,Finn Dahmen,de GER,GK,Augsburg,de Bundesliga,27-220,1998,9.0,418,260,391,28,0,0,418,0,0,,0,,235,1307,737,0,0,0,1,0,227,0,Matches
491,Mahmoud Dahoud,de GER,MF,Eint Frankfurt,de Bundesliga,29-305,1996,0.1,4,0,1,3,0,0,4,0,0,,0,,3,11,10,0,0,0,1,0,3,0,Matches
492,Ameen Al-Dakhil,be BEL,DF,Stuttgart,de Bundesliga,23-241,2002,1.4,118,3,39,72,8,1,118,1,1,100.0,0,0.0,78,391,193,3,0,0,0,0,78,2,Matches
493,Thijs Dallinga,nl NED,FWMF,Bologna,it Serie A,25-091,2000,2.9,98,4,9,46,43,12,98,4,1,25.0,3,75.0,59,201,76,2,0,1,1,4,80,24,Matches
494,Diogo Dalot,pt POR,DF,Manchester Utd,eng Premier League,26-229,1999,6.5,347,28,88,140,120,10,347,9,4,44.4,4,44.4,166,869,451,16,6,5,14,2,196,40,Matches
495,Muhammed Damar,de GER,FWMF,Hoffenheim,de Bundesliga,21-207,2004,2.4,155,3,12,68,76,8,155,6,2,33.3,3,50.0,73,276,80,1,2,1,6,5,91,16,Matches
496,Mikkel Damsgaard,dk DEN,MF,Brentford,eng Premier League,25-122,2000,7.0,382,9,63,174,149,16,382,17,5,29.4,10,58.8,179,872,378,15,9,5,13,9,212,28,Matches
497,Arnaut Danjuma,nl NED,FWMF,Valencia,es La Liga,28-275,1997,8.9,272,4,31,118,129,28,271,29,9,31.0,15,51.7,168,1280,692,27,18,10,18,5,208,53,Matches
498,Kévin Danois,fr FRA,MF,Auxerre,fr Ligue 1,21-127,2004,8.8,516,6,103,288,135,6,516,18,10,55.6,6,33.3,298,1643,717,14,10,2,20,12,351,20,Matches
499,Kevin Danso,at AUT,DF,Tottenham,eng Premier League,27-044,1998,2.9,227,37,120,90,17,0,227,0,0,,0,,123,601,323,1,1,0,3,0,146,0,Matches
500,Dante,br BRA,DF,Nice,fr Ligue 1,42-015,1983,1.5,100,14,47,49,5,1,100,0,0,,0,,54,239,132,0,4,0,1,0,70,0,Matches
501,Bence Dárdai,hu HUN,MF,Wolfsburg,de Bundesliga,19-282,2006,0.4,14,3,6,7,1,0,14,0,0,,0,,3,17,16,1,0,0,1,0,2,0,Matches
502,Aiman Dardari,lu LUX,MF,Augsburg,de Bundesliga,20-226,2005,0.2,9,0,4,3,2,0,9,1,0,0.0,1,100.0,5,25,14,0,0,0,0,0,6,2,Matches
503,Sergi Darder,es ESP,MFFW,Mallorca,es La Liga,31-315,1993,8.7,429,5,42,239,151,8,429,25,11,44.0,13,52.0,261,1501,738,21,20,3,7,6,296,31,Matches
504,Karl Darlow,wls WAL,GK,Leeds United,eng Premier League,35-025,1990,5.0,213,168,211,3,0,0,213,0,0,,0,,143,656,425,0,0,0,0,0,113,0,Matches
505,Matteo Darmian,it ITA,DF,Inter,it Serie A,35-335,1989,0.2,5,0,2,0,3,0,5,1,0,0.0,1,100.0,2,8,0,0,0,0,0,0,3,1,Matches
506,Juan David Cabal,co COL,DF,Juventus,it Serie A,24-298,2001,0.4,19,1,4,10,5,1,19,0,0,,0,,8,34,23,0,0,0,0,0,11,0,Matches
507,Jonathan David,ca CAN,FW,Juventus,it Serie A,25-292,2000,4.6,151,0,10,77,69,21,151,4,3,75.0,1,25.0,89,416,224,5,6,1,21,4,115,26,Matches
508,Davinchi,es ESP,DF,Getafe,es La Liga,18-017,2007,4.8,287,9,91,120,78,6,287,13,8,61.5,5,38.5,79,363,155,3,3,1,10,3,112,12,Matches
509,Keinan Davis,eng ENG,FW,Udinese,it Serie A,27-262,1998,6.0,154,3,14,62,79,41,153,19,9,47.4,6,31.6,91,495,205,9,2,8,10,8,115,30,Matches
510,Kevin De Bruyne,be BEL,MF,Napoli,it Serie A,34-127,1991,6.3,456,2,44,259,157,13,453,7,4,57.1,3,42.9,289,1274,723,17,14,1,6,8,357,33,Matches
511,Mathys De Carvalho,fr FRA,MF,Lyon,fr Ligue 1,20-185,2005,1.1,82,5,28,51,5,1,82,1,1,100.0,0,0.0,46,119,57,0,0,0,1,1,55,1,Matches
512,Maxim De Cuyper,be BEL,DF,Brighton,eng Premier League,24-315,2000,4.5,267,14,86,119,64,7,267,4,1,25.0,3,75.0,137,475,205,4,3,1,1,4,165,13,Matches
513,Charles De Ketelaere,be BEL,MFFW,Atalanta,it Serie A,24-237,2001,5.8,297,1,27,116,162,32,297,25,12,48.0,8,32.0,215,1440,752,30,19,13,14,16,250,71,Matches
514,Jeffrey De Lange,nl NED,GK,Marseille,fr Ligue 1,27-215,1998,2.0,33,26,33,0,0,0,33,0,0,,0,,22,70,25,0,0,0,0,0,21,0,Matches
515,Manuel De Luca,it ITA,FW,Cremonese,it Serie A,27-108,1998,0.2,10,0,1,2,7,2,9,0,0,,0,,4,21,18,1,0,1,1,0,5,1,Matches
516,Théo De Percin,mq MTQ,GK,Auxerre,fr Ligue 1,24-273,2001,2.5,91,62,89,2,0,0,91,0,0,,0,,51,172,99,0,0,0,0,0,42,0,Matches
517,Lorenzo De Silvestri,it ITA,DF,Bologna,it Serie A,37-163,1988,1.6,75,6,27,35,14,2,75,0,0,,0,,26,171,18,1,1,0,1,0,33,3,Matches
518,Thibault De Smet,be BEL,DF,Paris FC,fr Ligue 1,27-150,1998,6.3,447,20,159,211,81,8,447,1,1,100.0,0,0.0,214,993,556,10,8,2,2,2,283,15,Matches
519,Koni De Winter,be BEL,DF,Milan,it Serie A,23-143,2002,1.9,133,9,54,68,12,1,133,0,0,,0,,84,492,282,7,3,0,0,0,104,3,Matches
520,Alessandro Deiola,it ITA,MFDF,Cagliari,it Serie A,30-093,1995,4.8,202,19,84,99,19,5,202,3,2,66.7,1,33.3,89,248,101,1,1,1,2,1,122,6,Matches
521,Romain Del Castillo,fr FRA,FWMF,Brest,fr Ligue 1,29-218,1996,8.3,438,1,41,212,189,16,434,26,10,38.5,16,61.5,247,1061,470,20,9,3,21,12,265,54,Matches
522,Enrico Del Prato,it ITA,DF,Parma,it Serie A,25-357,1999,9.0,419,29,154,203,65,11,419,2,1,50.0,1,50.0,193,854,427,6,2,1,2,2,215,10,Matches
523,Thomas Delaine,fr FRA,DFFW,Le Havre,fr Ligue 1,33-223,1992,2.1,173,2,45,87,42,3,173,2,2,100.0,0,0.0,110,518,308,10,6,1,1,0,117,12,Matches
524,Liam Delap,eng ENG,FW,Chelsea,eng Premier League,22-267,2003,1.0,25,1,1,10,14,5,25,0,0,,0,,15,99,42,2,1,0,2,2,20,4,Matches
525,Fisayo Dele-Bashiru,ng NGA,MF,Lazio,it Serie A,24-269,2001,2.3,104,6,18,58,28,3,104,4,1,25.0,3,75.0,36,215,123,4,4,2,4,3,74,10,Matches
526,Ali Dembélé,fr FRA,DF,Torino,it Serie A,21-301,2004,0.1,11,1,4,6,1,1,11,1,0,0.0,1,100.0,3,3,2,0,0,0,0,0,5,1,Matches
527,Ousmane Dembélé,fr FRA,FW,Paris S-G,fr Ligue 1,28-171,1997,3.1,300,2,5,93,202,19,297,11,5,45.5,5,45.5,188,1095,566,20,15,5,3,5,261,24,Matches
528,Jessy Deminguet,fr FRA,MF,Metz,fr Ligue 1,27-299,1998,5.6,261,8,70,154,40,4,261,4,3,75.0,1,25.0,161,948,399,11,8,0,2,9,188,8,Matches
529,Ermedin Demirović,ba BIH,FW,Stuttgart,de Bundesliga,27-222,1998,5.5,114,6,12,41,61,25,113,2,1,50.0,1,50.0,62,235,68,4,0,4,14,9,97,29,Matches
530,Rav van den Berg,nl NED,DF,Köln,de Bundesliga,21-118,2004,1.8,88,13,47,39,2,1,88,0,0,,0,,45,139,72,1,0,0,2,0,58,0,Matches
531,Sepp van den Berg,nl NED,DF,Brentford,eng Premier League,23-317,2001,10.0,522,111,295,206,22,10,522,0,0,,0,,218,1125,641,4,0,0,5,0,300,6,Matches
532,Leander Dendoncker,be BEL,MF,Oviedo,es La Liga,30-201,1995,8.6,392,44,136,204,53,9,392,5,2,40.0,3,60.0,191,947,479,8,8,1,8,2,226,11,Matches
533,Daniel Denoon,ch SUI,DF,Pisa,it Serie A,21-278,2004,1.4,52,4,29,21,4,0,52,0,0,,0,,27,76,20,0,0,0,3,1,28,0,Matches
534,Nelson Deossa,co COL,MF,Betis,es La Liga,25-269,2000,0.9,60,1,8,31,21,1,60,7,5,71.4,1,14.3,35,223,113,3,2,1,3,1,40,0,Matches
535,Rémy Descamps,fr FRA,GK,Lyon,fr Ligue 1,29-130,1996,4.0,134,115,134,0,0,0,134,0,0,,0,,92,446,264,0,0,0,0,0,73,0,Matches
536,Bahmed Deuff,mr MTN,MFFW,Nantes,fr Ligue 1,19-234,2006,0.9,41,2,7,18,16,5,41,2,0,0.0,2,100.0,21,192,101,3,1,1,4,1,25,2,Matches
537,Justin Devenny,nir NIR,MFFW,Crystal Palace,eng Premier League,22-022,2003,1.8,77,0,11,39,30,11,77,3,2,66.7,1,33.3,45,244,136,5,4,2,6,5,54,9,Matches
538,Kiernan Dewsbury-Hall,eng ENG,MF,Everton,eng Premier League,27-057,1998,7.9,351,7,38,147,169,18,351,13,8,61.5,4,30.8,203,917,441,12,14,1,10,10,227,28,Matches
539,Michele Di Gregorio,it ITA,GK,Juventus,it Serie A,28-098,1997,9.0,300,239,299,1,0,0,300,1,1,100.0,0,0.0,189,956,525,0,0,0,0,0,182,0,Matches
540,Giovanni Di Lorenzo,it ITA,DF,Napoli,it Serie A,32-090,1993,10.0,747,20,169,364,220,22,747,11,4,36.4,7,63.6,391,1421,718,13,14,1,7,2,493,65,Matches
541,Alessandro Di Pardo,it ITA,DF,Cagliari,it Serie A,26-107,1999,0.6,31,3,15,10,6,1,31,0,0,,0,,8,28,6,0,0,0,0,0,11,0,Matches
542,Boulaye Dia,sn SEN,FWMF,Lazio,it Serie A,28-351,1996,5.6,179,10,26,106,48,9,179,6,2,33.3,2,33.3,102,441,130,3,2,1,11,11,128,24,Matches
543,Bambo Diaby,sn SEN,DF,Elche,es La Liga,27-320,1997,0.5,35,2,20,14,1,0,35,0,0,,0,,14,64,20,0,1,0,1,0,22,0,Matches
544,Mouctar Diakhaby,gn GUI,DF,Valencia,es La Liga,28-318,1996,5.0,321,41,173,136,14,8,321,3,1,33.3,2,66.7,165,832,480,2,2,0,2,0,205,4,Matches
545,Bafodé Diakité,fr FRA,DF,Bournemouth,eng Premier League,24-300,2001,7.0,445,41,203,226,16,6,445,2,0,0.0,2,100.0,229,1047,636,1,2,0,4,0,273,2,Matches
546,Amad Diallo,ci CIV,DFMF,Manchester Utd,eng Premier League,23-114,2002,7.4,408,18,65,172,175,31,408,20,8,40.0,12,60.0,233,1453,866,40,20,16,13,6,274,61,Matches
547,Habib Diallo,sn SEN,FW,Metz,fr Ligue 1,30-137,1995,6.8,144,8,10,74,61,20,143,7,1,14.3,5,71.4,75,358,104,6,3,3,20,11,100,19,Matches
548,Grady Diangana,cd COD,MFFW,Elche,es La Liga,27-197,1998,1.6,77,6,22,34,21,2,77,8,2,25.0,4,50.0,43,243,106,1,5,0,7,2,49,5,Matches
549,Assane Diao,sn SEN,FW,Como,it Serie A,20-056,2005,2.1,92,1,7,46,42,7,92,9,3,33.3,6,66.7,70,655,303,14,12,3,4,6,75,16,Matches
550,Soriba Diaoune,fr FRA,FW,Lille,fr Ligue 1,18-080,2007,0.0,5,0,0,3,2,2,5,1,1,100.0,0,0.0,4,47,33,1,0,1,0,0,4,3,Matches
551,Habib Diarra,sn SEN,MF,Sunderland,eng Premier League,21-303,2004,3.8,144,3,17,75,57,10,144,5,1,20.0,4,80.0,107,523,248,10,8,3,1,3,118,17,Matches
552,Moussa Diarra,ml MLI,DF,Alavés,es La Liga,24-357,2000,2.4,122,7,37,53,34,2,122,4,1,25.0,3,75.0,47,189,96,3,6,0,4,2,59,5,Matches
553,Rúben Dias,pt POR,DF,Manchester City,eng Premier League,28-172,1997,8.1,664,60,250,387,27,3,664,3,1,33.3,1,33.3,465,2242,1290,9,7,0,1,1,511,0,Matches
554,Krépin Diatta,sn SEN,DFFW,Monaco,fr Ligue 1,26-250,1999,6.1,408,18,82,210,126,12,408,8,4,50.0,2,25.0,191,863,449,16,14,3,6,1,224,44,Matches
555,Mory Diaw,sn SEN,GK,Le Havre,fr Ligue 1,32-133,1993,10.0,411,333,409,1,1,1,411,0,0,,0,,245,1172,683,0,0,0,1,0,194,0,Matches
556,Brahim Díaz,ma MAR,FWMF,Real Madrid,es La Liga,26-091,1999,2.5,137,1,6,55,78,12,137,9,3,33.3,4,44.4,86,425,205,9,4,2,9,6,104,18,Matches
557,Junior Diaz,ci CIV,DF,Brest,fr Ligue 1,22-102,2003,6.2,288,48,155,123,13,8,288,1,1,100.0,0,0.0,153,686,379,2,2,0,4,0,170,1,Matches
558,Luis Díaz,co COL,FW,Bayern Munich,de Bundesliga,28-293,1997,7.9,483,3,33,177,280,52,483,37,15,40.5,18,48.6,342,1979,916,33,17,21,19,12,373,99,Matches
559,Pedro Díaz,es ESP,MFFW,Rayo Vallecano,es La Liga,27-150,1998,8.3,393,7,41,205,152,10,393,12,5,41.7,5,41.7,201,881,461,9,15,1,13,6,277,34,Matches
560,Tyler Dibling,eng ENG,FW,Everton,eng Premier League,19-235,2006,0.7,30,2,7,15,8,1,30,5,1,20.0,3,60.0,25,159,48,2,1,1,3,2,24,5,Matches
561,Nouha Dicko,ml MLI,FW,Paris FC,fr Ligue 1,33-172,1992,0.5,17,1,2,5,10,2,17,0,0,,0,,9,46,35,1,3,0,0,1,13,7,Matches
562,Bamba Dieng,sn SEN,MFFW,Lorient,fr Ligue 1,25-224,2000,0.3,8,0,1,1,6,4,8,0,0,,0,,3,1,0,0,0,0,0,1,6,0,Matches
563,Eric Dier,eng ENG,DF,Monaco,fr Ligue 1,31-291,1994,6.0,550,50,189,341,22,4,550,0,0,,0,,331,1559,945,2,5,0,2,0,429,5,Matches
564,Lucas Digne,fr FRA,DF,Aston Villa,eng Premier League,32-105,1993,8.1,437,16,134,140,164,14,437,4,1,25.0,3,75.0,217,884,404,10,8,0,9,2,252,56,Matches
565,Kevin Diks,id IDN,DF,Gladbach,de Bundesliga,29-027,1996,7.8,505,75,245,216,45,12,505,3,3,100.0,0,0.0,258,1414,751,9,4,1,3,1,346,7,Matches
566,Federico Dimarco,it ITA,DF,Inter,it Serie A,27-357,1997,7.3,458,17,81,133,245,31,458,2,1,50.0,1,50.0,226,809,441,12,6,2,6,2,294,68,Matches
567,Junior Dina Ebimbe,fr FRA,FWMF,Brest,fr Ligue 1,24-346,2000,3.5,87,2,14,38,36,15,87,1,0,0.0,0,0.0,39,187,87,4,2,3,6,4,49,10,Matches
568,Eren Dinkçi,de GER,FWMF,Freiburg,de Bundesliga,23-324,2001,2.5,124,4,37,50,39,3,124,5,2,40.0,3,60.0,59,353,154,4,2,1,7,5,68,11,Matches
569,Sinaly Diomande,ci CIV,DF,Auxerre,fr Ligue 1,24-207,2001,1.7,114,10,57,50,9,1,114,2,2,100.0,0,0.0,66,315,193,2,2,0,2,0,78,0,Matches
570,Yan Diomandé,ci CIV,FW,RB Leipzig,de Bundesliga,18-353,2006,5.2,268,7,51,106,120,46,268,37,25,67.6,12,32.4,164,1543,958,39,23,23,16,15,175,31,Matches
571,Issa Diop,fr FRA,DF,Fulham,eng Premier League,28-297,1997,2.5,137,16,78,54,5,2,137,0,0,,0,,82,387,220,1,1,0,5,0,90,0,Matches
572,Sérigné Diop,sn SEN,FW,Brest,fr Ligue 1,20-174,2005,0.1,5,0,0,3,2,1,5,1,1,100.0,0,0.0,2,4,3,0,0,0,0,1,2,0,Matches
573,Sofiane Diop,fr FRA,MFFW,Nice,fr Ligue 1,25-146,2000,7.0,347,6,49,187,118,23,345,21,9,42.9,10,47.6,239,1333,643,16,8,3,16,12,253,33,Matches
574,Andy Diouf,fr FRA,MF,Inter,it Serie A,22-169,2003,0.3,22,0,2,17,3,0,22,1,0,0.0,1,100.0,15,72,33,0,0,0,0,2,17,2,Matches
575,Andy Diouf,fr FRA,MF,Lens,fr Ligue 1,22-169,2003,1.0,53,0,6,25,23,5,53,5,3,60.0,2,40.0,36,202,105,3,3,1,3,2,36,4,Matches
576,El Hadji Malick Diouf,sn SEN,DF,West Ham,eng Premier League,20-309,2004,8.5,486,31,148,197,142,7,486,15,5,33.3,10,66.7,216,1066,559,12,13,1,13,6,273,38,Matches
577,Yehvann Diouf,sn SEN,GK,Nice,fr Ligue 1,25-351,1999,11.0,395,346,393,2,0,0,395,0,0,,0,,252,1085,625,0,0,0,0,0,190,0,Matches
578,Assane Dioussé,sn SEN,MF,Auxerre,fr Ligue 1,28-043,1997,1.5,99,4,18,62,21,1,99,1,0,0.0,1,100.0,62,340,147,1,1,0,2,2,66,0,Matches
579,Matías Dituro,ar ARG,GK,Elche,es La Liga,38-178,1987,5.0,323,136,306,17,0,0,323,0,0,,0,,207,849,555,0,0,0,0,0,207,0,Matches
580,Djené,tg TOG,DF,Getafe,es La Liga,33-306,1991,8.4,321,41,158,156,11,3,321,3,3,100.0,0,0.0,105,579,248,3,2,0,5,2,132,0,Matches
581,Harouna Djibrin,cm CMR,FW,Angers,fr Ligue 1,18-362,2006,0.4,17,1,1,7,10,4,17,2,0,0.0,2,100.0,12,135,69,4,1,2,1,0,12,6,Matches
582,Berat Djimsiti,al ALB,DF,Atalanta,it Serie A,32-256,1993,8.2,592,52,282,259,56,10,592,1,1,100.0,0,0.0,340,1328,772,5,5,0,2,0,400,11,Matches
583,Marko Dmitrović,rs SRB,GK,Espanyol,es La Liga,33-282,1992,10.0,338,284,334,4,0,0,338,1,0,0.0,0,0.0,180,824,522,0,0,0,0,0,140,0,Matches
584,Ritsu Doan,jp JPN,FWMF,Eint Frankfurt,de Bundesliga,27-139,1998,8.0,411,3,39,143,231,32,411,25,11,44.0,13,52.0,230,989,441,12,12,7,26,17,291,69,Matches
585,Dodô,br BRA,DF,Fiorentina,it Serie A,26-350,1998,8.9,426,19,111,182,144,23,426,31,12,38.7,12,38.7,230,1776,1082,31,16,9,8,6,248,33,Matches
586,Danilho Doekhi,nl NED,DF,Union Berlin,de Bundesliga,27-125,1998,9.0,406,46,197,165,46,29,406,1,0,0.0,1,100.0,206,767,380,1,0,0,10,1,230,4,Matches
587,Matt Doherty,ie IRL,DF,Wolves,eng Premier League,33-290,1992,3.2,187,23,74,83,30,1,187,0,0,,0,,81,256,109,1,1,0,1,1,108,3,Matches
588,Josh Doig,sct SCO,DF,Sassuolo,it Serie A,23-168,2002,7.4,382,27,134,151,98,6,382,12,2,16.7,9,75.0,139,685,332,7,6,1,11,3,166,14,Matches
589,Jeremy Doku,be BEL,MFFW,Manchester City,eng Premier League,23-159,2002,5.3,275,2,24,92,162,41,275,47,22,46.8,19,40.4,218,2078,1364,61,19,25,20,15,230,70,Matches
590,Tyrhys Dolan,eng ENG,FWMF,Espanyol,es La Liga,23-309,2001,7.4,287,4,39,111,147,22,287,25,6,24.0,17,68.0,172,1310,650,31,12,7,20,12,199,49,Matches
591,Marc Domenech,es ESP,FWMF,Mallorca,es La Liga,19-305,2006,2.4,74,4,21,20,34,7,74,4,1,25.0,3,75.0,44,231,57,1,3,0,7,2,46,17,Matches
592,Benjamín Domínguez,ar ARG,FWMF,Bologna,it Serie A,22-044,2003,1.2,68,0,5,23,43,5,68,6,2,33.3,4,66.7,39,277,62,3,3,0,12,6,45,12,Matches
593,Carlos Dominguez,es ESP,DF,Celta Vigo,es La Liga,24-264,2001,4.5,352,42,179,168,6,1,352,1,0,0.0,1,100.0,183,823,475,1,1,0,2,1,253,0,Matches
594,Nicolás Domínguez,ar ARG,MFFW,Nott'ham Forest,eng Premier League,27-127,1998,0.6,52,1,10,36,6,0,52,0,0,,0,,28,167,87,0,1,0,1,0,39,1,Matches
595,Jean-Luc Dompé,fr FRA,FW,Hamburger SV,de Bundesliga,30-082,1995,5.1,205,0,12,64,132,18,205,18,11,61.1,7,38.9,139,943,587,27,10,9,12,4,154,62,Matches
596,John Donald,es ESP,MFDF,Elche,es La Liga,25-064,2000,1.8,135,5,24,79,32,4,135,3,0,0.0,3,100.0,63,222,91,1,1,0,7,3,87,3,Matches
597,Gianluigi Donnarumma,it ITA,GK,Manchester City,eng Premier League,26-250,1999,6.0,175,138,175,0,0,0,175,0,0,,0,,116,491,254,0,0,0,0,0,102,0,Matches
598,Patrick Dorgu,dk DEN,DF,Manchester Utd,eng Premier League,21-007,2004,6.1,332,12,79,120,135,24,332,18,3,16.7,13,72.2,165,840,428,17,9,4,17,8,202,45,Matches
599,Niklas Dorsch,de GER,MF,Heidenheim,de Bundesliga,27-291,1998,5.7,257,10,61,144,56,2,257,8,6,75.0,2,25.0,137,809,420,5,7,0,8,5,153,8,Matches
600,Lohann Doucet,fr FRA,MF,Paris FC,fr Ligue 1,23-049,2002,0.9,47,1,13,24,10,1,47,2,1,50.0,1,50.0,24,130,75,1,1,1,0,2,41,0,Matches
601,Fodé Doucouré,ml MLI,MFFW,Le Havre,fr Ligue 1,24-272,2001,5.7,300,6,51,112,138,19,300,8,3,37.5,5,62.5,134,620,287,8,10,1,12,5,171,43,Matches
602,Désiré Doué,fr FRA,FWMF,Paris S-G,fr Ligue 1,20-152,2005,3.5,282,2,19,89,178,28,282,27,6,22.2,20,74.1,182,1225,467,19,10,13,7,13,228,43,Matches
603,Guela Doué,ci CIV,DF,Strasbourg,fr Ligue 1,23-016,2002,5.3,377,24,121,218,42,6,377,7,2,28.6,4,57.1,245,858,450,11,4,0,9,8,247,9,Matches
604,Ismaël Doukouré,fr FRA,DFMF,Strasbourg,fr Ligue 1,22-101,2003,7.2,486,41,220,249,22,3,486,5,4,80.0,1,20.0,309,1335,652,6,2,0,6,4,357,3,Matches
605,Kamory Doumbia,ml MLI,MF,Brest,fr Ligue 1,22-257,2003,6.9,324,4,45,163,123,21,324,19,6,31.6,12,63.2,192,852,374,10,15,6,25,9,196,21,Matches
606,Anastasios Douvikas,gr GRE,FW,Como,it Serie A,26-092,1999,4.8,146,3,10,71,65,18,146,13,5,38.5,6,46.2,90,370,133,5,5,3,17,10,119,27,Matches
607,Artem Dovbyk,ua UKR,FW,Roma,it Serie A,28-134,1997,3.0,106,3,8,43,55,22,106,2,1,50.0,1,50.0,48,145,45,2,1,0,13,8,89,14,Matches
608,Max Dowman,eng ENG,FW,Arsenal,eng Premier League,15-306,2009,0.3,19,0,1,4,14,8,19,7,1,14.3,5,71.4,13,169,71,4,1,3,1,2,12,6,Matches
609,Domingos Duarte,pt POR,DF,Getafe,es La Liga,30-237,1995,8.5,315,46,169,137,9,5,315,0,0,,0,,93,460,193,0,0,0,1,2,115,0,Matches
610,Martin Dúbravka,sk SVK,GK,Burnley,eng Premier League,36-291,1989,10.0,394,331,391,3,0,0,394,0,0,,0,,192,1027,630,0,0,0,0,0,138,0,Matches
611,Denzel Dumfries,nl NED,DF,Inter,it Serie A,29-198,1996,7.0,304,9,48,120,138,31,304,10,3,30.0,6,60.0,156,620,300,11,6,4,9,1,189,59,Matches
612,Lewis Dunk,eng ENG,DF,Brighton,eng Premier League,33-346,1991,10.0,812,144,445,356,17,12,812,3,2,66.7,0,0.0,440,2028,932,5,2,0,2,1,530,1,Matches
613,Pablo Durán,es ESP,FWMF,Celta Vigo,es La Liga,24-161,2001,4.7,160,3,21,63,78,21,160,8,2,25.0,5,62.5,82,339,144,4,2,4,14,4,113,32,Matches
614,Hugo Duro,es ESP,FW,Valencia,es La Liga,25-357,1999,6.6,194,7,22,110,66,16,194,5,1,20.0,4,80.0,84,283,152,3,5,1,17,1,130,33,Matches
615,Paulo Dybala,ar ARG,FWMF,Roma,it Serie A,31-352,1993,4.1,252,0,8,104,142,25,252,19,4,21.1,12,63.2,140,659,283,11,5,7,9,6,180,31,Matches
616,Edin Džeko,ba BIH,FW,Fiorentina,it Serie A,39-230,1986,1.6,72,4,7,38,27,7,72,3,1,33.3,2,66.7,35,115,48,2,1,1,3,0,56,11,Matches
617,Adam Dźwigała,pl POL,DF,St. Pauli,de Bundesliga,30-038,1995,4.5,290,41,134,140,16,2,290,1,1,100.0,0,0.0,115,471,289,2,6,0,0,0,179,3,Matches
618,Aron Dønnum,no NOR,MFFW,Toulouse,fr Ligue 1,27-196,1998,10.0,515,8,69,248,208,24,512,25,10,40.0,14,56.0,293,1793,938,30,16,13,18,14,313,55,Matches
619,Simon Ebonog,cm CMR,MF,Le Havre,fr Ligue 1,21-078,2004,3.7,143,10,39,74,32,5,143,8,3,37.5,5,62.5,70,434,194,6,6,1,7,6,75,8,Matches
620,Enzo Ebosse,cm CMR,DF,Hellas Verona,it Serie A,26-236,1999,0.6,33,1,9,24,0,0,33,0,0,,0,,19,54,20,0,0,0,1,0,22,0,Matches
621,Claudio Echeverri,ar ARG,MFFW,Leverkusen,de Bundesliga,19-304,2006,1.2,71,1,16,38,20,2,71,5,1,20.0,4,80.0,40,239,113,2,1,1,2,4,53,4,Matches
622,Éderson,br BRA,MF,Atalanta,it Serie A,26-118,1999,5.0,363,11,89,200,77,7,363,2,1,50.0,0,0.0,228,975,493,7,13,1,10,4,277,13,Matches
623,Noah Edjouma,fr FRA,FWMF,Toulouse,fr Ligue 1,20-029,2005,2.1,87,5,14,31,44,8,87,12,4,33.3,8,66.7,51,419,256,12,5,1,6,6,53,19,Matches
624,Odsonne Édouard,fr FRA,FW,Crystal Palace,eng Premier League,27-290,1998,0.0,4,0,1,0,3,0,4,0,0,,0,,2,5,4,0,0,0,0,0,2,0,Matches
625,Odsonne Édouard,fr FRA,FW,Lens,fr Ligue 1,27-290,1998,4.1,107,8,16,57,35,17,106,6,1,16.7,3,50.0,52,335,138,6,2,2,7,10,77,17,Matches
626,Marcus Edwards,eng ENG,MFFW,Burnley,eng Premier League,26-334,1998,0.2,9,0,1,0,8,2,9,0,0,,0,,7,34,9,1,0,1,2,1,8,2,Matches
627,CJ Egan-Riley,eng ENG,DF,Marseille,fr Ligue 1,22-304,2003,4.3,408,24,161,233,15,2,408,3,1,33.3,2,66.7,301,1446,813,3,2,0,3,1,324,2,Matches
628,Maximilian Eggestein,de GER,MF,Freiburg,de Bundesliga,28-329,1996,9.0,482,20,107,290,87,11,482,5,3,60.0,1,20.0,203,1101,454,4,6,1,6,4,277,5,Matches
629,Kingsley Ehizibue,nl NED,DF,Udinese,it Serie A,30-161,1995,5.2,234,17,69,94,72,5,234,6,2,33.3,4,66.7,106,491,212,7,8,3,5,4,122,19,Matches
630,Ovie Ejaria,eng ENG,MF,Oviedo,es La Liga,27-349,1997,1.7,86,3,9,55,23,4,86,3,0,0.0,2,66.7,61,317,130,4,2,0,4,4,66,5,Matches
631,Chidera Ejuke,ng NGA,FWMF,Sevilla,es La Liga,27-304,1998,2.6,148,1,19,67,66,9,148,21,10,47.6,10,47.6,91,608,229,7,4,2,10,5,110,28,Matches
632,Hjalmar Ekdal,se SWE,DF,Burnley,eng Premier League,27-012,1998,5.9,237,54,133,88,16,13,237,0,0,,0,,110,537,275,1,0,0,1,0,128,0,Matches
633,Jeff Ekhator,it ITA,FW,Genoa,it Serie A,18-356,2006,3.1,96,0,5,42,49,18,96,8,3,37.5,4,50.0,56,279,93,3,0,2,9,6,77,28,Matches
634,Hugo Ekitike,fr FRA,FW,Liverpool,eng Premier League,23-135,2002,6.4,194,13,20,77,97,23,194,20,11,55.0,8,40.0,110,581,259,10,8,5,11,10,133,32,Matches
635,Jurgen Ekkelenkamp,nl NED,MF,Udinese,it Serie A,25-211,2000,3.4,125,1,22,60,45,10,125,4,2,50.0,2,50.0,60,262,143,6,2,1,4,3,68,11,Matches
636,Jacques Ekomie,ga GAB,DF,Angers,fr Ligue 1,22-075,2003,6.3,318,14,123,130,69,8,318,10,4,40.0,6,60.0,131,826,493,19,4,3,14,4,150,23,Matches
637,Caleb Ekuban,gh GHA,FW,Genoa,it Serie A,31-224,1994,2.8,96,4,7,40,50,14,96,9,4,44.4,5,55.6,53,258,92,5,2,3,13,5,71,17,Matches
638,Anthony Elanga,se SWE,FWMF,Newcastle Utd,eng Premier League,23-189,2002,4.3,203,4,17,63,124,21,203,13,2,15.4,9,69.2,139,729,348,17,6,6,11,6,155,56,Matches
639,Daniel Elfadli,ly LBY,DF,Hamburger SV,de Bundesliga,28-210,1997,7.3,448,34,166,268,19,3,448,3,2,66.7,1,33.3,290,1544,807,6,5,1,6,2,316,3,Matches
640,Unai Elgezabal,es ESP,DF,Levante,es La Liga,32-191,1993,7.0,350,74,212,129,10,6,350,0,0,,0,,171,613,335,0,0,0,1,0,212,1,Matches
641,Mikael Ellertsson,is ISL,FWDF,Genoa,it Serie A,23-236,2002,7.8,276,7,80,122,78,17,276,10,4,40.0,6,60.0,127,619,380,15,4,5,16,2,145,28,Matches
642,Harvey Elliott,eng ENG,MFFW,Liverpool,eng Premier League,22-212,2003,0.0,9,0,0,5,4,0,9,1,0,0.0,1,100.0,5,21,4,0,0,0,0,0,8,1,Matches
643,Harvey Elliott,eng ENG,MFFW,Aston Villa,eng Premier League,22-212,2003,1.1,74,1,6,29,40,5,74,2,0,0.0,0,0.0,52,273,121,3,5,0,2,0,58,11,Matches
644,Elif Elmas,mk MKD,MFFW,Napoli,it Serie A,26-039,1999,2.8,134,4,12,66,58,12,134,3,2,66.7,1,33.3,79,389,243,7,9,0,3,4,95,19,Matches
645,Aritz Elustondo,es ESP,DF,Real Sociedad,es La Liga,31-219,1994,1.1,67,9,29,27,11,0,67,1,0,0.0,1,100.0,22,119,83,2,2,0,1,0,26,1,Matches
646,Nico Elvedi,ch SUI,DF,Gladbach,de Bundesliga,29-033,1996,9.0,633,113,295,317,25,4,633,0,0,,0,,357,2247,1488,11,7,0,5,1,422,2,Matches
647,Breel Embolo,ch SUI,FW,Rennes,fr Ligue 1,28-261,1997,5.2,125,2,10,46,73,22,125,13,4,30.8,9,69.2,77,349,122,4,4,2,9,7,98,27,Matches
648,Emanuel Emegha,nl NED,FW,Strasbourg,fr Ligue 1,22-272,2003,2.5,39,4,5,15,19,12,39,1,0,0.0,1,100.0,20,142,112,3,1,3,2,1,25,5,Matches
649,Emersonn,br BRA,FW,Toulouse,fr Ligue 1,21-109,2004,3.3,88,1,3,27,60,25,88,12,5,41.7,7,58.3,44,211,73,4,4,1,14,1,64,21,Matches
650,Julio Enciso,py PAR,MFFW,Strasbourg,fr Ligue 1,21-283,2004,1.8,90,2,13,48,30,6,90,6,2,33.3,4,66.7,66,355,189,7,4,3,5,4,69,8,Matches
651,Wataru Endo,jp JPN,MFDF,Liverpool,eng Premier League,32-266,1993,0.4,32,2,6,23,3,0,32,0,0,,0,,10,38,21,2,0,0,2,1,17,0,Matches
652,Endrick,br BRA,FW,Real Madrid,es La Liga,19-104,2006,0.1,3,0,0,0,3,2,3,1,1,100.0,0,0.0,1,29,19,1,1,0,1,0,1,0,Matches
653,Yannik Engelhardt,de GER,MF,Gladbach,de Bundesliga,24-268,2001,6.0,325,24,95,192,39,11,325,2,0,0.0,1,50.0,162,850,322,5,3,1,6,5,206,4,Matches
654,Christian Eriksen,dk DEN,MF,Wolfsburg,de Bundesliga,33-261,1992,2.7,145,5,32,73,40,6,145,2,1,50.0,1,50.0,71,275,112,3,3,0,2,7,87,11,Matches
655,Aarón Escandell,es ESP,GK,Oviedo,es La Liga,30-036,1995,10.0,407,347,402,5,0,0,407,0,0,,0,,226,1125,668,0,0,0,0,0,203,0,Matches
656,Carlos Espí,es ESP,FW,Levante,es La Liga,20-101,2005,0.4,14,0,2,5,7,2,14,3,1,33.3,2,66.7,11,39,12,0,1,0,0,4,10,3,Matches
657,Alfonso Espino,uy URU,DFFW,Rayo Vallecano,es La Liga,33-301,1992,1.4,126,3,28,55,44,2,126,5,1,20.0,3,60.0,60,290,160,3,6,0,2,1,71,10,Matches
658,Francesco Esposito,it ITA,FW,Inter,it Serie A,20-127,2005,3.2,119,2,7,51,61,24,119,4,1,25.0,2,50.0,79,257,72,2,0,2,11,8,106,26,Matches
659,Sebastiano Esposito,it ITA,FWMF,Cagliari,it Serie A,23-123,2002,6.5,260,7,34,127,103,17,260,11,5,45.5,5,45.5,123,432,185,4,4,3,15,8,166,25,Matches
660,Romain Esse,eng ENG,FW,Crystal Palace,eng Premier League,20-173,2005,0.3,12,0,1,7,5,1,12,2,1,50.0,0,0.0,9,26,12,0,0,0,2,1,10,3,Matches
661,Samuel Essende,cd COD,FW,Augsburg,de Bundesliga,27-283,1998,1.8,55,3,5,25,26,11,55,2,2,100.0,0,0.0,31,195,107,4,2,1,9,3,39,11,Matches
662,Marco Esteban,es ESP,DF,Oviedo,es La Liga,19-305,2006,0.5,18,4,10,8,0,0,18,0,0,,0,,10,30,8,0,0,0,1,0,13,0,Matches
663,Maxime Estève,fr FRA,DF,Burnley,eng Premier League,23-160,2002,9.9,455,89,256,187,12,7,455,0,0,,0,,229,762,431,3,1,0,3,1,260,1,Matches
664,Nahuel Estévez,ar ARG,MF,Parma,it Serie A,29-353,1995,3.2,155,15,46,86,24,3,155,0,0,,0,,41,182,65,3,0,2,3,2,63,2,Matches
665,Pervis Estupiñán,ec ECU,DF,Milan,it Serie A,27-285,1998,4.1,245,12,72,105,70,7,245,5,2,40.0,2,40.0,119,522,284,5,5,2,7,2,149,19,Matches
666,Karl Etta Eyong,cm CMR,FW,Villarreal,es La Liga,22-019,2003,2.8,61,2,5,26,31,13,61,4,0,0.0,3,75.0,42,192,84,3,1,0,9,2,42,10,Matches
667,Karl Etta Eyong,cm CMR,FW,Levante,es La Liga,22-019,2003,6.0,183,10,18,84,82,23,183,8,1,12.5,7,87.5,95,341,117,3,2,2,24,9,117,31,Matches
668,Evanilson,br BRA,FW,Bournemouth,eng Premier League,26-027,1999,6.8,167,5,15,74,79,32,167,10,3,30.0,1,10.0,91,397,155,4,4,3,15,5,111,21,Matches
669,Edu Expósito,es ESP,MF,Espanyol,es La Liga,29-093,1996,7.2,411,15,52,214,148,6,411,13,10,76.9,3,23.1,217,1299,797,22,10,1,4,12,243,28,Matches
670,Eberechi Eze,eng ENG,MFFW,Arsenal,eng Premier League,27-126,1998,5.9,266,4,18,130,121,21,266,15,9,60.0,6,40.0,165,969,517,14,11,2,9,7,200,33,Matches
671,Eberechi Eze,eng ENG,MF,Crystal Palace,eng Premier League,27-126,1998,0.9,37,0,2,24,11,1,37,4,2,50.0,1,25.0,18,116,60,0,0,0,1,2,22,2,Matches
672,Abde Ezzalzouli,ma MAR,FW,Betis,es La Liga,23-320,2001,4.6,256,5,28,100,134,30,256,26,10,38.5,10,38.5,156,1081,594,26,13,12,14,10,188,50,Matches
673,Giovanni Fabbian,it ITA,MF,Bologna,it Serie A,22-292,2003,3.7,113,1,8,70,38,15,113,5,1,20.0,2,40.0,71,384,202,4,3,0,5,4,82,11,Matches
674,Alieu Fadera,gm GAM,FWMF,Sassuolo,it Serie A,23-364,2001,2.8,121,2,16,62,48,13,121,12,4,33.3,4,33.3,77,625,329,13,9,7,18,3,82,26,Matches
675,Nicolò Fagioli,it ITA,MF,Fiorentina,it Serie A,24-263,2001,4.4,280,5,63,173,46,0,280,4,2,50.0,2,50.0,161,794,372,5,7,0,5,7,203,5,Matches
676,Omar Falah,es ESP,DFMF,Oviedo,es La Liga,22-054,2003,0.2,14,2,6,6,2,0,14,1,0,0.0,1,100.0,5,31,12,0,0,0,0,0,6,3,Matches
677,Wladimiro Falcone,it ITA,GK,Lecce,it Serie A,30-204,1995,9.0,293,218,292,1,0,0,293,0,0,,0,,155,953,647,0,0,0,1,0,123,0,Matches
678,Ansu Fati,es ESP,MFFW,Monaco,fr Ligue 1,23-002,2002,3.7,166,0,15,88,64,19,163,10,3,30.0,7,70.0,95,447,197,5,6,0,9,1,113,20,Matches
679,Abdoulaye Faye,sn SEN,DF,Lorient,fr Ligue 1,21-041,2004,6.4,438,73,249,167,23,10,438,3,2,66.7,1,33.3,260,1274,661,1,2,0,0,3,294,1,Matches
680,Jacopo Fazzini,it ITA,MFFW,Fiorentina,it Serie A,22-231,2003,4.0,175,2,20,92,67,4,175,13,4,30.8,7,53.8,95,578,316,8,7,0,13,9,111,13,Matches
681,Aleix Febas,es ESP,MF,Elche,es La Liga,29-273,1996,10.0,724,15,113,433,187,14,724,30,16,53.3,10,33.3,440,2863,1743,43,31,5,17,18,594,32,Matches
682,Mattia Felici,it ITA,DFFW,Cagliari,it Serie A,24-199,2001,2.5,99,1,15,38,48,7,99,11,2,18.2,9,81.8,65,472,200,8,10,6,6,3,69,23,Matches
683,Luiz Felipe,it ITA,DF,Rayo Vallecano,es La Liga,28-225,1997,2.4,142,24,91,48,3,2,142,0,0,,0,,75,303,131,2,0,0,4,0,92,0,Matches
684,Robin Fellhauer,de GER,MFDF,Augsburg,de Bundesliga,27-285,1998,7.5,355,19,95,154,108,16,355,5,1,20.0,4,80.0,139,513,254,5,4,2,8,4,189,28,Matches
685,Kiko Femenía,es ESP,DFFW,Getafe,es La Liga,34-273,1991,6.5,316,11,94,139,87,2,316,6,2,33.3,3,50.0,113,635,305,10,8,0,7,3,139,23,Matches
686,Evan Ferguson,ie IRL,FW,Roma,it Serie A,21-014,2004,3.4,109,1,1,45,65,14,109,5,2,40.0,3,60.0,69,434,164,7,6,2,7,7,90,28,Matches
687,Lewis Ferguson,sct SCO,MF,Bologna,it Serie A,26-070,1999,4.9,383,14,91,252,43,3,383,1,0,0.0,1,100.0,231,1055,411,4,3,1,3,1,286,7,Matches
688,Bruno Fernandes,pt POR,MF,Manchester Utd,eng Premier League,31-055,1994,9.9,731,28,123,422,197,22,728,15,7,46.7,6,40.0,357,1600,849,15,9,3,16,7,486,29,Matches
689,Mateus Fernandes,pt POR,MFFW,West Ham,eng Premier League,21-115,2004,5.2,260,11,49,153,59,5,260,6,1,16.7,4,66.7,129,750,308,7,5,1,6,5,173,7,Matches
690,Enzo Fernández,ar ARG,MF,Chelsea,eng Premier League,24-289,2001,8.9,610,6,93,359,167,27,609,14,3,21.4,9,64.3,374,1600,760,12,7,2,16,15,478,40,Matches
691,Ezequiél Fernández,ar ARG,MF,Leverkusen,de Bundesliga,23-100,2002,3.3,302,11,72,184,48,3,302,7,3,42.9,4,57.1,176,676,323,3,4,0,2,3,238,9,Matches
692,Manu Fernández,es ESP,DF,Celta Vigo,es La Liga,24-193,2001,4.3,327,19,119,198,13,0,327,2,1,50.0,1,50.0,206,1030,707,4,4,0,2,2,257,0,Matches
693,Pedro Fernandez,es ESP,MF,Barcelona,es La Liga,17-294,2008,0.5,28,0,0,14,14,1,28,4,4,100.0,0,0.0,16,32,10,0,1,0,1,1,23,3,Matches
694,Pelayo Fernandez,es ESP,DF,Rayo Vallecano,es La Liga,22-187,2003,0.5,40,2,14,26,1,1,40,0,0,,0,,22,73,32,0,0,0,0,0,26,0,Matches
695,Roberto Férnandez,es ESP,FW,Espanyol,es La Liga,23-122,2002,7.9,208,10,16,95,97,34,208,6,1,16.7,4,66.7,99,386,120,4,5,4,19,10,151,32,Matches
696,Toni Fernández,es ESP,FW,Barcelona,es La Liga,17-110,2008,0.5,11,0,0,4,8,2,11,0,0,,0,,6,17,4,0,1,0,1,0,10,2,Matches
697,Matias Fernandez-Pardo,be BEL,FW,Lille,fr Ligue 1,20-272,2005,8.3,358,0,14,85,265,65,358,24,10,41.7,12,50.0,245,2085,1283,57,27,33,12,8,283,107,Matches
698,Junior Firpo,do DOM,DF,Betis,es La Liga,29-072,1996,4.8,344,6,97,150,98,13,344,6,3,50.0,2,33.3,185,671,314,6,9,2,6,3,215,26,Matches
699,Jonathan Fischer,dk DEN,GK,Metz,fr Ligue 1,23-358,2001,9.2,413,349,412,1,0,0,413,0,0,,0,,290,1214,678,0,0,0,0,0,270,0,Matches
700,Kilian Fischer,de GER,DF,Wolfsburg,de Bundesliga,25-021,2000,6.7,430,31,200,147,84,5,430,4,1,25.0,3,75.0,204,990,504,9,3,1,6,3,253,16,Matches
701,Mark Flekken,nl NED,GK,Leverkusen,de Bundesliga,32-142,1993,9.0,363,293,362,1,0,0,363,1,1,100.0,0,0.0,248,1266,644,0,0,0,0,0,218,0,Matches
702,Zian Flemming,nl NED,FWMF,Burnley,eng Premier League,27-093,1998,3.1,105,6,15,47,44,11,105,4,2,50.0,2,50.0,52,168,52,1,3,0,11,4,70,13,Matches
703,Romano Floriani,it ITA,DFFW,Cremonese,it Serie A,22-279,2003,4.5,165,18,47,69,50,6,165,6,0,0.0,6,100.0,79,432,93,4,2,1,9,5,93,20,Matches
704,Phil Foden,eng ENG,MF,Manchester City,eng Premier League,25-158,2000,5.9,411,8,70,159,184,17,411,10,6,60.0,3,30.0,254,950,435,11,10,2,4,5,301,33,Matches
705,Malick Fofana,be BEL,FW,Lyon,fr Ligue 1,20-216,2005,8.0,322,3,38,116,172,46,322,25,7,28.0,13,52.0,223,1556,935,35,22,18,18,3,253,95,Matches
706,Rayan Fofana,fr FRA,FW,Lens,fr Ligue 1,19-263,2006,4.3,150,4,12,73,68,29,150,12,5,41.7,6,50.0,80,470,214,7,3,8,14,8,104,29,Matches
707,Seko Fofana,ci CIV,MF,Rennes,fr Ligue 1,30-179,1995,7.0,409,8,53,224,139,11,409,20,11,55.0,8,40.0,248,1767,781,22,21,3,8,5,341,37,Matches
708,Wesley Fofana,fr FRA,DF,Chelsea,eng Premier League,24-320,2000,2.4,172,14,60,106,6,0,172,5,3,60.0,1,20.0,103,462,230,3,2,0,3,1,115,1,Matches
709,Youssouf Fofana,fr FRA,MF,Milan,it Serie A,26-296,1999,8.0,372,7,58,190,129,20,372,12,4,33.3,6,50.0,198,875,436,11,5,2,11,6,267,25,Matches
710,Jonas Föhrenbach,de GER,DF,Heidenheim,de Bundesliga,29-280,1996,8.6,413,35,152,130,134,4,413,1,0,0.0,1,100.0,162,703,365,7,7,1,7,1,203,23,Matches
711,Francesco Folino,it ITA,DF,Cremonese,it Serie A,23-283,2002,0.2,12,2,7,4,1,0,12,0,0,,0,,1,4,0,0,0,0,0,0,1,0,Matches
712,Michael Folorunsho,it ITA,MFFW,Cagliari,it Serie A,27-268,1998,8.1,323,9,62,156,108,13,323,22,7,31.8,13,59.1,167,810,306,10,6,3,31,15,208,39,Matches
713,Álex Forés,es ESP,FW,Oviedo,es La Liga,24-204,2001,1.2,40,0,3,16,21,10,40,2,2,100.0,0,0.0,22,92,55,4,0,3,6,0,22,7,Matches
714,Pablo Fornals,es ESP,MF,Betis,es La Liga,29-253,1996,9.3,662,12,94,364,207,13,662,14,6,42.9,8,57.1,389,1806,906,13,10,1,10,8,476,40,Matches
715,Héctor Fort,es ESP,DF,Elche,es La Liga,19-092,2006,1.0,63,1,13,25,25,3,63,8,4,50.0,4,50.0,37,267,180,6,2,2,1,2,42,2,Matches
716,Niccolò Fortini,it ITA,DFMF,Fiorentina,it Serie A,19-262,2006,1.4,76,2,21,31,26,2,76,10,4,40.0,4,40.0,43,254,116,1,3,1,5,0,45,8,Matches
717,Lyle Foster,za RSA,FW,Burnley,eng Premier League,25-060,2000,6.4,168,10,23,66,82,18,168,7,6,85.7,1,14.3,95,480,201,7,6,4,22,9,114,32,Matches
718,Dimitri Foulquier,fr FRA,DF,Valencia,es La Liga,32-224,1993,7.0,429,23,163,208,65,2,429,8,4,50.0,4,50.0,230,1155,569,6,4,0,7,1,250,14,Matches
719,Juan Foyth,ar ARG,DF,Villarreal,es La Liga,27-294,1998,6.0,391,79,206,176,14,1,391,2,2,100.0,0,0.0,226,1004,605,2,5,0,1,0,263,0,Matches
720,Alejandro Francés,es ESP,DF,Girona,es La Liga,23-093,2002,2.9,188,17,94,84,11,0,188,1,1,100.0,0,0.0,123,723,446,6,0,0,0,0,130,1,Matches
721,Przemysław Frankowski,pl POL,DF,Rennes,fr Ligue 1,30-204,1995,4.8,308,18,73,114,123,4,308,2,1,50.0,1,50.0,136,566,291,6,9,0,7,2,190,40,Matches
722,Davide Frattesi,it ITA,MFFW,Inter,it Serie A,26-011,1999,2.1,64,1,13,28,23,14,64,2,1,50.0,1,50.0,32,142,49,2,1,0,3,4,41,11,Matches
723,Oscar Fraulo,dk DEN,MFDF,Gladbach,de Bundesliga,21-331,2003,0.5,24,1,4,14,6,1,24,0,0,,0,,10,29,8,0,0,0,1,1,12,0,Matches
724,Morten Frendrup,dk DEN,MF,Genoa,it Serie A,24-209,2001,7.7,338,24,86,195,59,6,338,3,1,33.3,2,66.7,148,608,213,6,5,0,13,5,159,7,Matches
725,Martin Frese,dk DEN,DF,Hellas Verona,it Serie A,27-302,1998,7.2,397,26,133,198,68,4,397,3,0,0.0,3,100.0,148,540,291,2,2,0,0,0,182,6,Matches
726,Remo Freuler,ch SUI,MF,Bologna,it Serie A,33-201,1992,7.0,445,10,96,289,63,4,445,6,2,33.3,4,66.7,214,1043,427,4,5,0,8,4,294,9,Matches
727,Marco Friedl,at AUT,DF,Werder Bremen,de Bundesliga,27-231,1998,7.9,551,82,283,238,32,1,551,2,1,50.0,1,50.0,291,1255,584,6,4,0,3,1,341,3,Matches
728,Marvin Friedrich,de GER,DF,Gladbach,de Bundesliga,29-324,1995,1.0,95,20,51,43,1,0,95,0,0,,0,,66,323,162,1,0,0,0,0,69,0,Matches
729,Jeremie Frimpong,nl NED,DFMF,Liverpool,eng Premier League,24-327,2000,1.0,67,2,16,24,27,5,67,4,2,50.0,1,25.0,37,133,80,4,2,2,4,3,39,10,Matches
730,Jorge de Frutos,es ESP,FWMF,Rayo Vallecano,es La Liga,28-255,1997,8.6,256,11,32,83,144,42,256,21,10,47.6,9,42.9,157,989,544,29,11,13,19,6,182,60,Matches
731,Chris Führich,de GER,FWMF,Stuttgart,de Bundesliga,27-297,1998,3.3,193,1,11,79,105,13,193,5,2,40.0,3,60.0,124,830,393,10,9,3,5,1,159,31,Matches
732,Joel Fujita,jp JPN,MF,St. Pauli,de Bundesliga,23-259,2002,8.8,556,10,93,328,147,9,556,15,7,46.7,7,46.7,247,1043,480,11,12,0,18,9,370,23,Matches
733,Niclas Füllkrug,de GER,FW,West Ham,eng Premier League,32-266,1993,4.2,121,5,15,57,50,21,121,0,0,,0,,48,140,41,1,2,0,7,6,89,15,Matches
734,Matteo Gabbia,it ITA,DF,Milan,it Serie A,26-012,1999,9.0,535,71,260,263,13,8,535,0,0,,0,,333,1518,758,5,3,0,0,0,384,2,Matches
735,Tiago Gabriel,pt POR,DF,Lecce,it Serie A,20-311,2004,8.1,474,79,227,235,12,7,474,0,0,,0,,216,1011,531,3,0,0,1,2,258,0,Matches
736,Gianluca Gaetano,it ITA,MFFW,Cagliari,it Serie A,25-181,2000,3.0,184,1,16,107,65,6,184,5,1,20.0,3,60.0,99,375,155,5,3,3,4,9,126,23,Matches
737,Roberto Gagliardini,it ITA,MF,Hellas Verona,it Serie A,31-209,1994,4.4,275,23,72,161,44,6,275,1,0,0.0,1,100.0,143,618,272,4,6,1,10,1,145,6,Matches
738,Cody Gakpo,nl NED,FWMF,Liverpool,eng Premier League,26-179,1999,8.8,422,6,36,138,252,56,422,29,12,41.4,10,34.5,254,1712,995,37,14,20,35,9,299,94,Matches
739,Javi Galán,es ESP,DF,Atlético Madrid,es La Liga,30-348,1994,1.5,89,3,28,36,27,6,89,6,2,33.3,2,33.3,51,386,212,5,0,2,2,2,57,9,Matches
740,Iñigo Ruiz de Galarreta,es ESP,MF,Athletic Club,es La Liga,32-088,1993,7.2,409,12,71,252,89,3,409,17,12,70.6,2,11.8,191,944,434,4,9,0,13,5,262,9,Matches
741,Conor Gallagher,eng ENG,MF,Atlético Madrid,es La Liga,25-269,2000,3.8,243,5,35,136,76,14,243,12,2,16.7,9,75.0,153,699,312,12,3,4,9,4,179,12,Matches
742,Antonino Gallo,it ITA,DF,Lecce,it Serie A,25-301,2000,8.3,466,22,134,215,122,5,466,10,4,40.0,5,50.0,214,1038,638,14,5,2,9,2,244,24,Matches
743,Idrissa Gana Gueye,sn SEN,MF,Everton,eng Premier League,36-037,1989,8.5,460,17,93,257,111,11,460,5,1,20.0,4,80.0,287,1018,435,3,11,0,9,4,296,12,Matches
744,Ismaëlo Ganiou,bf BFA,DF,Lens,fr Ligue 1,20-233,2005,0.8,60,6,31,28,1,0,60,1,0,0.0,1,100.0,37,170,56,1,0,0,4,0,38,0,Matches
745,Ben Gannon-Doak,sct SCO,FW,Bournemouth,eng Premier League,19-356,2005,0.5,24,2,5,3,16,3,24,3,0,0.0,3,100.0,15,131,56,2,3,3,2,0,19,5,Matches
746,Facundo Garcés,my MAS,DF,Alavés,es La Liga,26-058,1999,6.0,291,43,158,123,10,5,291,0,0,,0,,132,503,185,0,0,0,4,0,152,1,Matches
747,Aleix García,es ESP,MF,Leverkusen,de Bundesliga,28-127,1997,8.0,873,32,182,543,151,5,873,4,1,25.0,2,50.0,519,2170,999,9,12,0,4,1,698,19,Matches
748,Álvaro García,es ESP,MFFW,Rayo Vallecano,es La Liga,33-006,1992,7.8,306,13,44,107,158,33,306,6,2,33.3,4,66.7,145,614,278,12,4,3,12,0,198,72,Matches
749,Eric García,es ESP,DF,Barcelona,es La Liga,24-297,2001,8.4,788,42,244,417,131,18,788,3,1,33.3,1,33.3,452,1887,979,11,11,0,4,0,598,24,Matches
750,Fran Garcia,es ESP,DFMF,Real Madrid,es La Liga,26-080,1999,1.3,90,0,21,38,31,4,90,0,0,,0,,48,252,130,4,1,2,1,1,63,16,Matches
751,Gonzalo García,es ESP,FWMF,Real Madrid,es La Liga,21-223,2004,1.1,47,1,6,20,21,4,47,0,0,,0,,26,90,15,0,0,0,6,0,34,5,Matches
752,Joan García,es ESP,GK,Barcelona,es La Liga,24-182,2001,6.0,194,150,193,1,0,0,194,1,1,100.0,0,0.0,119,541,288,0,0,0,0,0,98,0,Matches
753,Pablo Garcia,es ESP,FW,Betis,es La Liga,19-142,2006,2.0,97,0,17,38,44,8,97,10,4,40.0,4,40.0,66,601,278,9,8,1,11,3,66,17,Matches
754,Rubén García,es ESP,FWMF,Osasuna,es La Liga,32-111,1993,4.1,220,2,34,109,79,11,220,7,4,57.1,2,28.6,135,705,251,6,5,3,3,4,154,21,Matches
755,Ulisses Garcia,ch SUI,DF,Marseille,fr Ligue 1,29-295,1996,2.3,120,6,25,68,29,2,120,3,1,33.3,2,66.7,68,336,133,5,2,1,2,0,79,7,Matches
756,Víctor García,es ESP,MFDF,Levante,es La Liga,28-047,1997,1.8,86,4,22,40,25,2,86,10,5,50.0,5,50.0,47,325,146,4,4,1,6,2,44,6,Matches
757,Alejandro Garnacho,ar ARG,FW,Chelsea,eng Premier League,21-124,2004,2.8,122,0,13,30,81,23,122,9,4,44.4,3,33.3,96,865,497,24,9,11,11,4,101,39,Matches
758,James Garner,eng ENG,MFDF,Everton,eng Premier League,24-234,2001,9.0,599,27,158,272,174,7,599,8,3,37.5,3,37.5,328,1446,548,9,10,0,10,1,338,14,Matches
759,Federico Gatti,it ITA,DF,Juventus,it Serie A,27-131,1998,8.1,536,41,213,286,39,12,536,1,1,100.0,0,0.0,317,1959,997,10,5,1,5,1,376,1,Matches
760,Gavi,es ESP,MFDF,Barcelona,es La Liga,21-089,2004,0.7,74,0,7,47,20,1,74,1,0,0.0,1,100.0,51,208,112,1,4,0,1,0,57,3,Matches
761,Jusuf Gazibegović,ba BIH,DF,Köln,de Bundesliga,25-236,2000,0.3,14,2,9,3,2,0,14,0,0,,0,,4,41,12,1,0,0,1,0,5,0,Matches
762,Paulo Gazzaniga,ar ARG,GK,Girona,es La Liga,33-304,1992,9.5,366,329,363,3,0,0,366,1,0,0.0,1,100.0,234,984,574,0,0,0,1,0,197,0,Matches
763,Jean-Philippe Gbamin,ci CIV,DF,Metz,fr Ligue 1,30-038,1995,9.2,739,147,473,255,15,7,739,6,5,83.3,1,16.7,480,2609,1315,5,5,0,9,4,527,0,Matches
764,Yann Gboho,fr FRA,FWMF,Toulouse,fr Ligue 1,24-292,2001,9.1,326,0,28,141,169,51,326,52,29,55.8,21,40.4,239,1771,1065,36,24,19,22,25,261,58,Matches
765,David de Gea,es ESP,GK,Fiorentina,it Serie A,34-360,1990,9.0,308,252,306,2,0,0,308,0,0,,0,,189,768,470,0,0,0,0,0,175,0,Matches
766,Lutsharel Geertruida,nl NED,DFMF,Sunderland,eng Premier League,25-107,2000,1.9,80,13,46,26,8,2,80,3,3,100.0,0,0.0,41,241,137,3,1,2,1,1,43,0,Matches
767,Tyrique George,eng ENG,FW,Chelsea,eng Premier League,19-271,2006,1.6,39,0,3,17,19,4,39,3,1,33.3,2,66.7,21,111,56,1,1,1,5,4,29,10,Matches
768,Yannick Gerhardt,de GER,DF,Wolfsburg,de Bundesliga,31-234,1994,0.0,1,0,1,0,0,0,1,0,0,,0,,0,0,0,0,0,0,0,0,0,0,Matches
769,Willem Geubbels,fr FRA,FW,Paris FC,fr Ligue 1,24-078,2001,5.2,159,5,11,88,60,21,159,3,0,0.0,3,100.0,62,336,171,8,3,5,12,5,107,32,Matches
770,Ismaël Gharbi,tn TUN,MF,Augsburg,de Bundesliga,21-206,2004,0.5,38,0,3,13,22,1,38,4,1,25.0,3,75.0,15,68,40,2,0,0,1,1,27,3,Matches
771,Mourad El Ghezouani,ma MAR,FW,Elche,es La Liga,27-159,1998,0.6,23,0,5,15,3,1,23,0,0,,0,,8,10,0,0,0,0,2,0,17,4,Matches
772,Rachid Ghezzal,dz ALG,FWMF,Lyon,fr Ligue 1,33-177,1992,0.7,56,1,11,21,27,6,56,2,1,50.0,1,50.0,35,188,57,2,2,1,3,0,39,8,Matches
773,Daniele Ghilardi,it ITA,DF,Roma,it Serie A,22-300,2003,0.1,5,1,2,3,0,0,5,0,0,,0,,1,1,0,0,0,0,0,0,1,0,Matches
774,Andrea Ghion,it ITA,FWMF,Sassuolo,it Serie A,25-252,2000,0.1,3,0,1,1,1,0,3,0,0,,0,,1,16,15,0,0,0,0,0,1,0,Matches
775,Dimitris Giannoulis,gr GRE,DFMF,Augsburg,de Bundesliga,30-016,1995,5.0,309,16,82,125,106,4,309,7,3,42.9,4,57.1,119,700,394,15,7,0,12,1,150,29,Matches
776,Morgan Gibbs-White,eng ENG,MFFW,Nott'ham Forest,eng Premier League,25-279,2000,9.1,532,14,62,259,218,34,532,13,6,46.2,6,46.2,314,1393,776,21,25,2,29,5,416,74,Matches
777,Bryan Gil,es ESP,FWMF,Girona,es La Liga,24-264,2001,3.4,161,4,41,62,59,11,161,17,7,41.2,10,58.8,101,673,230,9,2,5,8,13,113,26,Matches
778,Mario Gila,es ESP,DF,Lazio,it Serie A,25-065,2000,8.6,590,73,288,287,21,8,590,5,2,40.0,1,20.0,371,1921,1030,6,3,2,3,2,419,4,Matches
779,Billy Gilmour,sct SCO,MF,Napoli,it Serie A,24-144,2001,4.6,392,10,70,243,82,7,392,7,6,85.7,1,14.3,255,1133,536,7,8,2,4,1,301,8,Matches
780,Benedikt Gimber,de GER,DFMF,Heidenheim,de Bundesliga,28-256,1997,3.8,196,17,97,99,2,0,196,2,2,100.0,0,0.0,108,530,315,2,1,0,4,0,124,2,Matches
781,Santiago Giménez,mx MEX,FW,Milan,it Serie A,24-198,2001,6.9,159,2,19,69,73,37,159,16,3,18.8,11,68.8,91,496,205,6,4,3,16,6,114,29,Matches
782,Gvidas Gineitis,lt LTU,MFFW,Torino,it Serie A,21-201,2004,2.3,95,6,32,42,22,7,95,5,4,80.0,1,20.0,37,159,56,2,1,1,8,0,50,9,Matches
783,Matthias Ginter,de GER,DF,Freiburg,de Bundesliga,31-287,1994,9.0,573,51,262,268,45,22,573,1,0,0.0,1,100.0,331,1604,899,5,2,0,3,1,384,7,Matches
784,Giovane,br BRA,FW,Hellas Verona,it Serie A,21-343,2003,8.0,314,4,17,122,182,39,314,25,12,48.0,11,44.0,185,1248,579,25,13,10,33,17,222,55,Matches
785,Olivier Giroud,fr FRA,FW,Lille,fr Ligue 1,39-033,1986,6.6,198,10,20,91,87,40,197,3,2,66.7,0,0.0,103,299,109,4,1,2,14,4,155,23,Matches
786,Jamie Gittens,eng ENG,FW,Chelsea,eng Premier League,21-086,2004,2.7,106,3,15,32,60,12,106,10,4,40.0,5,50.0,65,524,275,13,7,7,8,2,72,23,Matches
787,Robert Glatzel,de GER,FW,Hamburger SV,de Bundesliga,31-298,1994,0.7,36,2,3,16,17,4,36,2,1,50.0,1,50.0,22,82,19,0,0,0,5,3,31,2,Matches
788,Serge Gnabry,de GER,MFFW,Bayern Munich,de Bundesliga,30-111,1995,5.0,313,3,20,138,158,21,313,11,6,54.5,5,45.5,215,1040,522,12,11,5,4,6,264,37,Matches
789,Wilfried Gnonto,it ITA,FW,Leeds United,eng Premier League,21-362,2003,2.1,102,1,13,43,48,4,102,10,1,10.0,5,50.0,58,353,183,4,3,1,1,1,67,14,Matches
790,Giorgi Gocholeishvili,ge GEO,MF,Hamburger SV,de Bundesliga,24-261,2001,4.6,210,10,66,74,74,12,210,15,7,46.7,8,53.3,105,607,353,13,8,0,10,3,105,17,Matches
791,Martial Godo,eng ENG,MFFW,Strasbourg,fr Ligue 1,22-233,2003,2.8,116,1,11,44,62,16,116,7,3,42.9,3,42.9,82,396,218,9,2,6,7,5,84,34,Matches
792,Maxima Goffi,fr FRA,DF,Lille,fr Ligue 1,17-283,2008,0.4,31,1,13,16,2,0,31,1,1,100.0,0,0.0,10,22,4,0,0,0,0,0,13,1,Matches
793,Saba Goglichidze,ge GEO,DF,Udinese,it Serie A,21-130,2004,4.7,237,15,94,132,13,6,237,0,0,,0,,115,464,206,5,0,1,4,1,135,2,Matches
794,Edoardo Goldaniga,it ITA,DF,Como,it Serie A,32-000,1993,0.0,1,0,0,1,0,0,1,0,0,,0,,0,0,0,0,0,0,0,0,0,0,Matches
795,Aleksandr Golovin,ru RUS,MFFW,Monaco,fr Ligue 1,29-156,1996,4.5,237,2,42,112,86,12,237,9,6,66.7,3,33.3,120,574,214,4,6,1,9,5,163,20,Matches
796,André Gomes,pt POR,MF,Lille,fr Ligue 1,32-095,1993,0.0,2,0,2,0,0,0,2,0,0,,0,,1,1,0,0,0,0,0,0,1,0,Matches
797,Angel Gomes,eng ENG,MF,Marseille,fr Ligue 1,25-063,2000,7.7,546,4,36,337,174,9,546,6,5,83.3,1,16.7,373,1334,518,10,10,1,5,2,468,26,Matches
798,João Gomes,br BRA,MF,Wolves,eng Premier League,24-263,2001,8.3,520,25,115,306,108,12,520,14,6,42.9,7,50.0,258,1445,551,9,12,1,20,9,319,13,Matches
799,Rodrigo Gomes,pt POR,FWDF,Wolves,eng Premier League,22-118,2003,3.7,187,6,34,52,103,20,187,8,2,25.0,5,62.5,91,623,328,13,9,3,11,3,108,37,Matches
800,Toti Gomes,pt POR,DF,Wolves,eng Premier League,26-290,1999,4.8,360,27,168,169,24,3,360,6,4,66.7,2,33.3,222,1055,543,5,3,0,3,2,258,1,Matches
801,Diego Gómez,py PAR,MFFW,Brighton,eng Premier League,22-220,2003,5.1,238,9,48,127,71,15,238,9,3,33.3,5,55.6,115,547,244,5,5,2,15,5,129,23,Matches
802,Joe Gomez,eng ENG,DF,Liverpool,eng Premier League,28-163,1997,0.4,34,4,12,14,8,2,34,0,0,,0,,9,29,13,0,0,0,0,0,13,1,Matches
803,Moi Gómez,es ESP,MF,Osasuna,es La Liga,31-132,1994,5.8,456,1,52,289,120,5,456,11,3,27.3,5,45.5,297,1694,546,6,16,1,2,4,343,15,Matches
804,Sergio Gómez,es ESP,DF,Real Sociedad,es La Liga,25-059,2000,8.3,678,17,159,358,169,11,678,7,3,42.9,4,57.1,351,1366,745,12,15,2,12,2,390,39,Matches
805,Unai Gómez,es ESP,MFFW,Athletic Club,es La Liga,22-161,2003,1.3,72,0,9,32,32,2,72,4,1,25.0,3,75.0,38,161,65,2,2,0,0,4,55,11,Matches
806,Valentín Gómez,ar ARG,DF,Betis,es La Liga,22-129,2003,4.5,304,28,163,127,15,9,304,1,1,100.0,0,0.0,187,829,443,2,0,1,4,0,193,2,Matches
807,Tidiam Gomis,fr FRA,FW,RB Leipzig,de Bundesliga,19-086,2006,0.3,11,0,0,3,8,2,11,2,0,0.0,2,100.0,6,55,21,1,0,0,1,0,9,3,Matches
808,Rafael Gonçalves,pt POR,MF,Strasbourg,fr Ligue 1,20-257,2005,2.7,206,7,53,130,23,2,206,4,1,25.0,3,75.0,134,547,264,4,3,0,5,1,155,1,Matches
809,Nicolás González,es ESP,MF,Manchester City,eng Premier League,23-303,2002,5.2,458,13,75,295,90,7,458,9,6,66.7,1,11.1,269,1255,657,7,8,1,5,4,335,6,Matches
810,Nicolás González,ar ARG,MFDF,Juventus,it Serie A,27-210,1998,0.2,16,1,5,4,7,2,16,0,0,,0,,5,24,9,0,0,0,0,0,7,1,Matches
811,Nicolás González,ar ARG,MFFW,Atlético Madrid,es La Liga,27-210,1998,6.2,325,13,50,132,147,25,325,18,6,33.3,10,55.6,180,798,453,12,9,3,12,11,228,50,Matches
812,Urko González,es ESP,MF,Espanyol,es La Liga,24-227,2001,3.9,183,16,54,103,30,4,183,4,2,50.0,1,25.0,87,414,185,1,0,1,11,7,110,4,Matches
813,Urko González,es ESP,MF,Real Sociedad,es La Liga,24-227,2001,0.1,6,2,2,4,0,0,6,0,0,,0,,2,7,6,0,0,0,0,0,3,0,Matches
814,Anthony Gordon,eng ENG,FW,Newcastle Utd,eng Premier League,24-251,2001,4.6,202,2,14,83,107,23,202,30,10,33.3,13,43.3,131,926,411,17,11,8,14,5,128,33,Matches
815,Leon Goretzka,de GER,MF,Bayern Munich,de Bundesliga,30-269,1995,5.7,495,11,86,261,152,6,495,5,4,80.0,0,0.0,337,1516,874,14,20,1,7,3,374,13,Matches
816,Andoni Gorosabel,es ESP,DF,Athletic Club,es La Liga,29-090,1996,1.7,129,2,42,56,31,3,129,3,1,33.3,2,66.7,47,160,89,1,2,0,5,1,65,14,Matches
817,Jon Gorrotxategi,es ESP,MF,Real Sociedad,es La Liga,23-273,2002,8.7,488,21,110,309,76,2,488,4,0,0.0,2,50.0,252,1270,638,6,13,0,9,5,301,9,Matches
818,Alimami Gory,ml MLI,FWMF,Paris FC,fr Ligue 1,29-064,1996,1.9,63,2,10,21,33,7,63,3,0,0.0,2,66.7,35,265,90,3,3,2,6,3,45,14,Matches
819,Robin Gosens,de GER,DF,Fiorentina,it Serie A,31-120,1994,8.0,390,25,107,171,112,21,390,3,0,0.0,2,66.7,157,558,195,6,4,1,4,3,208,47,Matches
820,Mikel Goti,es ESP,MF,Real Sociedad,es La Liga,23-163,2002,0.7,39,0,6,15,18,2,39,3,2,66.7,1,33.3,20,74,11,1,0,0,2,1,26,6,Matches
821,Mario Götze,de GER,MF,Eint Frankfurt,de Bundesliga,33-152,1992,1.9,127,2,25,55,47,7,127,3,2,66.7,1,33.3,60,160,67,0,2,0,5,1,82,12,Matches
822,Amine Gouiri,dz ALG,FWMF,Marseille,fr Ligue 1,25-259,2000,4.2,152,1,8,61,88,15,152,11,4,36.4,7,63.6,90,481,209,7,8,4,11,2,108,18,Matches
823,Tiago Gouveia,pt POR,DFMF,Nice,fr Ligue 1,24-137,2001,3.2,156,15,57,56,44,10,156,15,5,33.3,10,66.7,91,415,189,6,1,3,10,2,88,17,Matches
824,Jeffrey Gouweleeuw,nl NED,DF,Augsburg,de Bundesliga,34-115,1991,3.7,243,36,127,110,8,2,243,0,0,,0,,132,609,353,1,0,0,3,3,140,2,Matches
825,Kamil Grabara,pl POL,GK,Wolfsburg,de Bundesliga,26-298,1999,8.0,355,308,352,2,1,1,355,0,0,,0,,191,881,556,0,0,0,0,0,180,0,Matches
826,Jonathan Gradit,fr FRA,DF,Lens,fr Ligue 1,32-343,1992,7.0,408,63,185,203,22,2,408,5,2,40.0,2,40.0,224,1054,632,5,1,1,2,1,266,2,Matches
827,Alberto Grassi,it ITA,MF,Cremonese,it Serie A,30-240,1995,4.1,222,16,76,132,17,0,222,5,3,60.0,1,20.0,115,546,265,3,2,0,1,3,132,1,Matches
828,Ryan Gravenberch,nl NED,MF,Liverpool,eng Premier League,23-170,2002,7.7,570,16,151,313,109,4,570,14,7,50.0,5,35.7,395,2348,1249,21,11,0,14,4,440,20,Matches
829,Archie Gray,eng ENG,MF,Tottenham,eng Premier League,19-235,2006,0.8,48,1,7,36,5,1,48,0,0,,0,,32,159,79,2,0,0,1,0,35,0,Matches
830,Jack Grealish,eng ENG,FW,Everton,eng Premier League,30-053,1995,7.2,385,9,50,129,214,56,385,51,13,25.5,16,31.4,273,1994,1169,55,17,31,12,18,279,71,Matches
831,Mason Greenwood,eng ENG,FWMF,Marseille,fr Ligue 1,24-032,2001,8.7,582,1,17,236,330,42,578,30,11,36.7,16,53.3,441,2296,1029,33,20,15,17,7,494,98,Matches
832,Dominik Greif,sk SVK,GK,Lyon,fr Ligue 1,28-210,1997,6.0,246,196,244,2,0,0,246,0,0,,0,,152,604,361,0,0,0,0,0,164,0,Matches
833,Antoine Griezmann,fr FRA,FWMF,Atlético Madrid,es La Liga,34-226,1991,4.6,302,5,25,133,149,19,302,4,2,50.0,1,25.0,172,750,347,7,10,4,9,1,234,34,Matches
834,Vincenzo Grifo,it ITA,FW,Freiburg,de Bundesliga,32-209,1993,5.6,279,4,39,141,100,15,277,7,6,85.7,1,14.3,136,689,333,10,8,5,3,3,174,28,Matches
835,Álex Grimaldo,es ESP,DF,Leverkusen,de Bundesliga,30-043,1995,7.5,614,16,126,288,206,9,613,26,10,38.5,14,53.8,348,1646,857,23,22,0,11,3,408,40,Matches
836,Pascal Groß,de GER,MF,Dortmund,de Bundesliga,34-140,1991,4.7,375,7,40,215,124,13,375,4,3,75.0,1,25.0,231,966,581,9,9,0,10,5,292,36,Matches
837,Brajan Gruda,de GER,MFFW,Brighton,eng Premier League,21-155,2004,2.5,107,4,16,32,63,10,107,16,6,37.5,9,56.3,69,514,272,8,6,5,8,8,71,26,Matches
838,Ilia Gruev,bg BUL,MF,Leeds United,eng Premier League,25-180,2000,2.4,120,5,36,76,8,1,120,0,0,,0,,67,247,58,0,2,0,1,0,77,0,Matches
839,Marco Grüll,at AUT,FW,Werder Bremen,de Bundesliga,27-119,1998,7.0,273,7,47,114,117,21,273,10,5,50.0,5,50.0,150,855,450,19,9,6,19,8,180,45,Matches
840,Albert Grønbaek,dk DEN,FW,Genoa,it Serie A,24-163,2001,0.7,25,0,2,11,12,0,25,4,2,50.0,1,25.0,17,112,52,1,1,0,5,1,21,4,Matches
841,Nemanja Gudelj,rs SRB,MF,Sevilla,es La Liga,33-351,1991,6.4,341,21,94,201,47,6,341,8,4,50.0,4,50.0,178,749,345,4,3,1,5,6,211,2,Matches
842,Gabriel Gudmundsson,se SWE,DF,Leeds United,eng Premier League,26-187,1999,9.2,555,25,176,245,140,16,555,27,12,44.4,12,44.4,278,1639,1005,27,16,6,12,12,332,33,Matches
843,Gonçalo Guedes,pt POR,MFFW,Real Sociedad,es La Liga,28-338,1996,4.7,208,2,10,80,119,17,208,12,6,50.0,5,41.7,113,581,269,11,4,5,6,5,141,47,Matches
844,Marc Guéhi,eng ENG,DF,Crystal Palace,eng Premier League,25-112,2000,10.0,621,71,303,272,48,17,621,1,0,0.0,1,100.0,355,1802,1104,9,5,0,4,5,400,4,Matches
845,Mattéo Guendouzi,fr FRA,MF,Lazio,it Serie A,26-202,1999,6.9,374,5,56,231,89,10,374,3,1,33.3,2,66.7,217,974,412,5,5,1,10,5,291,23,Matches
846,Javier Guerra,es ESP,MF,Valencia,es La Liga,22-305,2003,6.8,385,18,105,203,81,15,385,13,5,38.5,7,53.8,207,1185,610,15,12,5,16,8,250,12,Matches
847,Raphaël Guerreiro,pt POR,MFDF,Bayern Munich,de Bundesliga,31-315,1993,2.2,155,2,19,44,95,12,155,2,1,50.0,1,50.0,108,351,160,3,5,2,3,3,134,20,Matches
848,Daniel Guerrero,es ESP,MF,Betis,es La Liga,20-099,2005,0.0,3,0,0,2,1,0,3,2,1,50.0,1,50.0,3,9,8,0,1,0,0,0,2,1,Matches
849,Ismaël Guerti,fr FRA,MF,Metz,fr Ligue 1,21-095,2004,0.3,30,3,9,18,4,1,30,2,1,50.0,1,50.0,20,151,77,4,1,1,2,2,19,1,Matches
850,Evann Guessand,ci CIV,FW,Aston Villa,eng Premier League,24-124,2001,4.6,156,7,31,59,70,13,156,22,6,27.3,15,68.2,89,585,293,11,3,5,7,14,93,26,Matches
851,Ander Guevara,es ESP,MF,Alavés,es La Liga,28-118,1997,2.3,161,12,46,96,20,2,161,7,4,57.1,2,28.6,71,385,125,1,2,0,1,4,99,4,Matches
852,Idrissa Guèye,sn SEN,FW,Udinese,it Serie A,19-047,2006,0.2,2,0,0,1,1,0,2,0,0,,0,,1,22,22,0,0,0,0,0,1,1,Matches
853,Idrissa Guèye,sn SEN,FW,Metz,fr Ligue 1,19-047,2006,1.5,34,5,8,15,11,4,34,1,0,0.0,1,100.0,12,60,23,1,0,1,5,1,15,5,Matches
854,Pape Gueye,sn SEN,MF,Villarreal,es La Liga,26-282,1999,7.4,458,10,104,230,129,13,458,11,3,27.3,4,36.4,294,1163,674,11,14,2,9,5,344,16,Matches
855,Morgan Guilavogui,gn GUI,MFFW,Lens,fr Ligue 1,27-237,1998,4.2,200,3,36,89,83,23,200,13,5,38.5,6,46.2,95,423,198,4,6,0,10,0,131,27,Matches
856,Luis Guilherme,br BRA,FWMF,West Ham,eng Premier League,19-266,2006,0.6,17,3,7,4,6,2,17,2,0,0.0,2,100.0,12,67,20,0,0,0,1,1,10,3,Matches
857,Bruno Guimarães,br BRA,MF,Newcastle Utd,eng Premier League,27-351,1997,7.9,447,15,69,233,151,14,447,19,5,26.3,12,63.2,305,1334,586,7,6,2,21,13,334,20,Matches
858,Daouda Guindo,ml MLI,DFFW,Brest,fr Ligue 1,23-019,2002,1.2,82,9,26,30,26,1,82,0,0,,0,,45,220,107,2,3,0,1,0,55,11,Matches
859,Bahereba Guirassy,fr FRA,FWMF,Nantes,fr Ligue 1,19-065,2006,5.0,190,8,50,75,66,25,190,20,5,25.0,15,75.0,95,622,288,12,6,9,9,7,113,34,Matches
860,Serhou Guirassy,gn GUI,FW,Dortmund,de Bundesliga,29-235,1996,7.8,260,10,26,119,118,45,259,8,2,25.0,5,62.5,139,674,243,11,7,5,28,7,205,49,Matches
861,Marc Guiu,es ESP,FW,Sunderland,eng Premier League,19-302,2006,0.2,8,0,2,2,4,2,8,0,0,,0,,2,2,1,0,0,0,0,0,4,1,Matches
862,Marc Guiu,es ESP,FW,Chelsea,eng Premier League,19-302,2006,1.5,24,1,1,11,13,6,24,3,0,0.0,2,66.7,13,77,29,1,1,0,5,1,19,6,Matches
863,Péter Gulácsi,hu HUN,GK,RB Leipzig,de Bundesliga,35-180,1990,9.0,379,315,374,5,0,0,379,0,0,,0,,239,991,522,0,0,0,0,0,226,0,Matches
864,Arda Güler,tr TUR,MF,Real Madrid,es La Liga,20-250,2005,7.7,567,7,45,242,287,25,567,14,7,50.0,5,35.7,335,1557,727,15,16,3,12,4,420,43,Matches
865,Gerard Gumbau,es ESP,MFFW,Rayo Vallecano,es La Liga,30-319,1994,0.8,37,2,7,22,8,0,37,1,0,0.0,1,100.0,16,65,8,0,0,0,1,2,26,1,Matches
866,Christian Günter,de GER,DF,Freiburg,de Bundesliga,32-247,1993,3.2,137,6,38,51,48,3,137,1,0,0.0,1,100.0,62,220,80,2,3,0,4,1,71,11,Matches
867,Jon Guridi,es ESP,MFFW,Alavés,es La Liga,30-247,1995,3.5,162,1,14,90,59,12,162,9,4,44.4,4,44.4,97,544,244,7,5,4,8,1,120,14,Matches
868,Gorka Guruzeta,es ESP,FW,Athletic Club,es La Liga,29-051,1996,5.6,201,6,19,93,89,33,201,7,1,14.3,6,85.7,75,256,84,1,1,1,23,2,151,33,Matches
869,Malo Gusto,fr FRA,DFMF,Chelsea,eng Premier League,22-167,2003,5.3,352,12,77,176,104,9,352,2,1,50.0,1,50.0,203,1008,484,11,5,0,15,4,228,27,Matches
870,Miguel Gutiérrez,es ESP,DF,Napoli,it Serie A,24-098,2001,1.7,129,3,21,59,52,2,129,4,1,25.0,2,50.0,59,352,188,4,2,0,1,0,83,13,Matches
871,Albert Guðmundsson,is ISL,MFFW,Fiorentina,it Serie A,28-140,1997,4.9,152,7,22,88,43,8,151,6,2,33.3,4,66.7,85,481,164,4,5,3,9,10,110,12,Matches
872,Joško Gvardiol,hr CRO,DF,Manchester City,eng Premier League,23-283,2002,4.8,400,41,124,230,49,4,400,4,1,25.0,3,75.0,263,1312,781,7,13,0,4,1,279,0,Matches
873,Viktor Gyökeres,se SWE,FW,Arsenal,eng Premier League,27-151,1998,8.9,211,7,11,69,133,57,210,16,4,25.0,10,62.5,107,568,213,8,5,5,33,9,145,51,Matches
874,Erling Haaland,no NOR,FW,Manchester City,eng Premier League,25-104,2000,8.6,194,20,31,72,93,58,194,10,4,40.0,4,40.0,95,429,259,16,5,11,13,5,133,30,Matches
875,Janik Haberer,de GER,MFDF,Union Berlin,de Bundesliga,31-214,1994,5.6,269,10,75,136,60,1,269,7,2,28.6,3,42.9,104,405,160,3,5,0,4,1,107,6,Matches
876,Robin Hack,de GER,FWMF,Gladbach,de Bundesliga,27-067,1998,2.7,146,2,12,70,65,14,146,5,2,40.0,3,60.0,82,501,270,8,4,1,10,4,105,22,Matches
877,Albian Hajdari,xk KVX,DF,Hoffenheim,de Bundesliga,22-168,2003,5.0,405,44,197,197,13,6,405,1,1,100.0,0,0.0,218,1039,486,2,0,0,1,2,261,0,Matches
878,Achraf Hakimi,ma MAR,DF,Paris S-G,fr Ligue 1,26-363,1998,7.3,772,7,96,316,362,20,772,24,4,16.7,19,79.2,460,1747,898,18,18,6,11,8,635,110,Matches
879,Lewis Hall,eng ENG,DF,Newcastle Utd,eng Premier League,21-055,2004,1.5,100,5,26,48,27,2,100,7,2,28.6,2,28.6,53,201,72,0,0,0,3,4,60,7,Matches
880,Pierre-Yves Hamel,fr FRA,FW,Paris FC,fr Ligue 1,31-272,1994,0.9,12,0,2,4,6,2,12,0,0,,0,,1,3,1,0,0,0,0,0,4,2,Matches
881,Andreas Hanche-Olsen,no NOR,DF,Mainz 05,de Bundesliga,28-289,1997,6.3,352,40,180,149,25,11,352,2,0,0.0,2,100.0,160,659,277,0,2,0,2,0,181,1,Matches
882,Dávid Hancko,sk SVK,DF,Atlético Madrid,es La Liga,27-324,1997,9.8,600,50,217,278,106,16,600,5,2,40.0,3,60.0,341,1884,1240,24,17,1,5,1,419,27,Matches
883,Florent Hanin,dz ALG,DF,Angers,fr Ligue 1,35-271,1990,4.1,210,15,78,89,43,2,210,3,1,33.3,2,66.7,98,417,223,8,4,1,3,2,124,8,Matches
884,Isak Hansen-Aarøen,no NOR,FW,Werder Bremen,de Bundesliga,21-072,2004,0.0,7,0,2,3,2,1,7,1,0,0.0,1,100.0,5,33,14,1,0,0,0,0,5,1,Matches
885,Conrad Harder,dk DEN,FW,RB Leipzig,de Bundesliga,20-209,2005,0.9,49,1,6,19,24,6,49,4,1,25.0,3,75.0,26,258,130,7,5,3,7,3,39,6,Matches
886,Jack Harrison,eng ENG,FW,Leeds United,eng Premier League,28-347,1996,2.9,158,4,35,57,72,7,158,8,3,37.5,3,37.5,90,564,267,8,7,3,9,0,107,17,Matches
887,Abdou Harroui,nl NED,MFFW,Hellas Verona,it Serie A,27-293,1998,0.9,42,0,8,23,12,1,42,2,1,50.0,0,0.0,15,97,32,2,1,0,1,1,19,1,Matches
888,Quilindschy Hartman,nl NED,DF,Burnley,eng Premier League,23-353,2001,10.0,484,41,171,200,118,8,484,3,0,0.0,3,100.0,201,651,353,3,7,0,7,3,236,26,Matches
889,Haissem Hassan,fr FRA,FWMF,Oviedo,es La Liga,23-267,2002,6.7,257,10,38,117,111,21,257,51,26,51.0,20,39.2,189,2644,1380,48,26,15,14,5,184,33,Matches
890,Hans Hateboer,nl NED,DF,Rennes,fr Ligue 1,31-297,1994,0.2,12,1,2,4,6,0,12,0,0,,0,,4,30,15,1,1,0,1,0,9,1,Matches
891,Hans Hateboer,nl NED,DF,Lyon,fr Ligue 1,31-297,1994,0.2,18,2,5,9,4,0,18,0,0,,0,,8,26,4,0,0,0,1,0,11,2,Matches
892,Jorrel Hato,nl NED,DF,Chelsea,eng Premier League,19-240,2006,1.9,124,17,62,47,15,3,124,2,2,100.0,0,0.0,80,219,70,0,1,0,2,3,91,1,Matches
893,Kai Havertz,de GER,FW,Arsenal,eng Premier League,26-144,1999,0.3,16,0,2,5,10,1,16,4,1,25.0,1,25.0,11,75,21,1,1,1,1,1,12,2,Matches
894,Ayden Heaven,eng ENG,DF,Manchester Utd,eng Premier League,19-041,2006,0.3,19,7,12,7,0,0,19,0,0,,0,,8,45,24,0,0,0,0,0,7,0,Matches
895,Jan Paul van Hecke,nl NED,DF,Brighton,eng Premier League,25-147,2000,10.0,819,83,367,416,41,8,819,3,1,33.3,0,0.0,543,3618,2424,21,8,1,4,0,593,3,Matches
896,Hwang Hee-chan,kr KOR,FW,Wolves,eng Premier League,29-280,1996,3.3,120,4,17,55,50,6,120,12,4,33.3,7,58.3,62,435,172,6,1,1,6,0,75,17,Matches
897,Torbjørn Heggem,no NOR,DF,Bologna,it Serie A,26-294,1999,6.9,415,33,201,203,11,5,415,5,4,80.0,0,0.0,258,1338,688,4,2,0,1,1,293,0,Matches
898,Gauthier Hein,fr FRA,MF,Metz,fr Ligue 1,29-087,1996,8.1,550,6,74,293,185,20,548,8,3,37.5,5,62.5,356,2215,1214,32,27,6,17,14,417,43,Matches
899,Dominique Heintz,de GER,DF,Köln,de Bundesliga,32-079,1993,1.8,100,12,52,43,5,0,100,0,0,,0,,45,173,96,0,0,0,1,0,61,1,Matches
900,Dean Henderson,eng ENG,GK,Crystal Palace,eng Premier League,28-235,1997,10.0,372,297,363,9,0,0,372,0,0,,0,,204,981,545,0,0,0,0,0,160,0,Matches
901,Jordan Henderson,eng ENG,MF,Brentford,eng Premier League,35-138,1990,8.2,476,32,145,277,61,3,476,2,1,50.0,1,50.0,239,1082,469,5,7,1,7,2,325,4,Matches
902,Ramon Hendriks,nl NED,DF,Stuttgart,de Bundesliga,24-107,2001,4.0,314,29,102,173,40,9,314,1,1,100.0,0,0.0,160,833,401,9,5,1,7,1,211,10,Matches
903,Luis Henrique,br BRA,DF,Inter,it Serie A,23-323,2001,1.8,111,4,17,58,39,4,111,4,1,25.0,2,50.0,65,322,130,3,2,1,0,0,76,10,Matches
904,Rico Henry,eng ENG,DF,Brentford,eng Premier League,28-117,1997,1.9,94,6,36,33,31,4,94,9,7,77.8,2,22.2,49,458,272,12,7,2,5,1,58,11,Matches
905,Mads Hermansen,dk DEN,GK,West Ham,eng Premier League,25-114,2000,4.0,163,122,162,1,0,0,163,0,0,,0,,110,565,258,0,0,0,0,0,99,0,Matches
906,Mario Hermoso,es ESP,DF,Roma,it Serie A,30-137,1995,5.4,366,23,139,196,32,5,366,3,1,33.3,1,33.3,183,636,313,3,6,0,1,1,246,3,Matches
907,Lucas Hernández,fr FRA,DF,Paris S-G,fr Ligue 1,29-261,1996,5.4,518,20,131,324,65,5,518,2,1,50.0,1,50.0,337,1385,589,6,9,0,1,2,388,3,Matches
908,Hernani,br BRA,DF,Parma,it Serie A,31-220,1994,0.2,11,1,2,4,5,1,11,0,0,,0,,7,23,16,0,0,0,1,0,6,1,Matches
909,Jorge Herrando,es ESP,DF,Osasuna,es La Liga,24-247,2001,3.0,140,13,87,53,1,1,140,0,0,,0,,68,264,68,0,1,0,4,0,84,0,Matches
910,Sergio Herrera,es ESP,GK,Osasuna,es La Liga,32-150,1993,10.0,364,287,353,11,1,1,364,0,0,,0,,176,1042,608,0,0,0,2,0,137,0,Matches
911,Yangel Herrera,ve VEN,MF,Girona,es La Liga,27-292,1998,1.2,61,6,18,29,14,0,61,2,1,50.0,1,50.0,41,160,75,2,3,0,2,0,41,3,Matches
912,Yangel Herrera,ve VEN,MF,Real Sociedad,es La Liga,27-292,1998,1.0,38,4,7,26,6,2,38,1,0,0.0,0,0.0,18,115,47,3,0,0,0,0,23,2,Matches
913,Charles Herrmann,de GER,MF,Gladbach,de Bundesliga,19-285,2006,0.1,7,0,0,1,6,0,7,1,0,0.0,1,100.0,5,57,4,0,1,0,1,0,4,2,Matches
914,Daniel Heuer Fernandes,pt POR,GK,Hamburger SV,de Bundesliga,32-354,1992,8.0,418,241,403,15,0,0,418,0,0,,0,,284,1346,747,0,0,0,0,0,260,0,Matches
915,Aaron Hickey,sct SCO,DF,Brentford,eng Premier League,23-145,2002,2.1,111,4,46,51,14,0,111,2,0,0.0,1,50.0,49,251,102,0,0,0,5,2,62,5,Matches
916,Santiago Hidalgo,ar ARG,FWMF,Toulouse,fr Ligue 1,20-258,2005,1.7,86,3,11,36,39,9,86,10,2,20.0,8,80.0,50,266,75,3,2,3,8,3,50,18,Matches
917,Isak Hien,se SWE,DF,Atalanta,it Serie A,26-293,1999,8.3,528,65,284,236,10,5,528,6,3,50.0,2,33.3,300,1188,428,1,0,0,9,4,340,2,Matches
918,Omar El Hilali,ma MAR,DF,Espanyol,es La Liga,22-051,2003,7.8,504,35,187,251,72,1,504,1,0,0.0,1,100.0,260,1037,560,6,6,0,6,2,280,15,Matches
919,James Hill,eng ENG,DF,Bournemouth,eng Premier League,23-296,2002,3.1,181,10,60,97,26,4,181,0,0,,0,,70,259,136,3,1,0,2,0,87,8,Matches
920,Piero Hincapié,ec ECU,DF,Arsenal,eng Premier League,23-297,2002,0.3,14,0,5,8,1,0,14,0,0,,0,,7,60,48,2,0,0,0,0,7,0,Matches
921,Piero Hincapié,ec ECU,DF,Leverkusen,de Bundesliga,23-297,2002,1.0,100,0,18,74,9,2,100,0,0,,0,,77,349,209,2,1,0,0,0,78,1,Matches
922,Jack Hinshelwood,eng ENG,MF,Brighton,eng Premier League,20-205,2005,1.2,60,2,20,35,6,0,60,0,0,,0,,42,279,146,2,0,0,1,0,48,1,Matches
923,Ki-Jana Hoever,nl NED,DFMF,Wolves,eng Premier League,23-288,2002,2.8,157,16,25,77,56,3,157,5,2,40.0,3,60.0,81,325,181,6,8,1,3,3,90,15,Matches
924,Nicolas Höfler,de GER,MF,Freiburg,de Bundesliga,35-238,1990,0.3,33,2,3,23,7,1,33,1,1,100.0,0,0.0,17,55,21,0,0,0,0,0,22,1,Matches
925,Jonas Hofmann,de GER,MF,Leverkusen,de Bundesliga,33-111,1992,2.2,130,3,23,65,42,9,130,2,1,50.0,1,50.0,77,341,160,4,2,0,5,2,103,12,Matches
926,Malthe Hojholt,dk DEN,MF,Pisa,it Serie A,24-200,2001,0.5,16,1,7,8,1,0,16,0,0,,0,,3,20,0,0,0,0,0,2,3,0,Matches
927,Lucas Höler,de GER,MFFW,Freiburg,de Bundesliga,31-115,1994,7.0,260,11,37,135,91,32,260,6,3,50.0,3,50.0,120,490,195,3,5,2,11,8,165,32,Matches
928,Benedict Hollerbach,de GER,FWMF,Mainz 05,de Bundesliga,24-169,2001,3.3,105,3,10,38,59,18,105,8,2,25.0,5,62.5,65,474,216,7,7,5,11,9,76,33,Matches
929,Emil Holm,se SWE,DF,Bologna,it Serie A,25-173,2000,2.8,171,5,54,85,35,7,171,4,2,50.0,1,25.0,74,343,199,5,0,1,6,1,82,6,Matches
930,Franck Honorat,fr FRA,MFFW,Gladbach,de Bundesliga,29-083,1996,4.8,222,5,26,63,137,14,222,8,1,12.5,7,87.5,108,509,227,12,5,5,3,3,151,64,Matches
931,Mathias Honsak,at AUT,FWMF,Heidenheim,de Bundesliga,28-317,1996,3.2,112,5,36,38,40,9,112,9,5,55.6,3,33.3,49,248,113,4,3,1,10,2,53,11,Matches
932,Ali Houary,ma MAR,MF,Elche,es La Liga,20-089,2005,1.4,71,1,6,47,18,0,71,4,1,25.0,2,50.0,45,270,133,2,1,0,5,4,50,0,Matches
933,Andreas Hountondji,bj BEN,FWMF,St. Pauli,de Bundesliga,23-114,2002,4.9,144,3,12,50,85,25,143,16,5,31.3,11,68.8,70,488,197,14,8,4,15,5,99,43,Matches
934,Lukáš Hrádecký,fi FIN,GK,Monaco,fr Ligue 1,35-343,1989,2.9,111,99,111,0,0,0,111,0,0,,0,,62,245,129,0,0,0,0,0,69,0,Matches
935,Robin Hranáč,cz CZE,DF,Hoffenheim,de Bundesliga,25-277,2000,7.6,449,71,250,186,16,5,449,0,0,,0,,200,783,329,2,2,0,2,0,258,0,Matches
936,Timo Hübers,de GER,DF,Köln,de Bundesliga,29-105,1996,7.5,486,73,243,231,16,7,486,1,1,100.0,0,0.0,246,1039,574,5,2,0,7,3,286,2,Matches
937,Callum Hudson-Odoi,eng ENG,FW,Nott'ham Forest,eng Premier League,24-360,2000,6.3,294,2,17,67,213,19,294,24,9,37.5,12,50.0,204,1621,957,35,20,10,8,7,242,79,Matches
938,Will Hughes,eng ENG,MF,Crystal Palace,eng Premier League,30-199,1995,4.9,214,8,51,109,55,8,214,4,2,50.0,2,50.0,84,320,181,2,3,0,2,4,111,3,Matches
939,Dean Huijsen,es ESP,DF,Real Madrid,es La Liga,20-202,2005,8.1,691,45,189,436,66,13,691,0,0,,0,,440,2243,1351,10,7,2,2,0,509,5,Matches
940,Trai Hume,nir NIR,DF,Sunderland,eng Premier League,23-229,2002,8.9,484,28,136,235,115,7,484,6,2,33.3,4,66.7,212,851,501,9,7,0,4,3,249,19,Matches
941,Bashir Humphreys,eng ENG,DF,Burnley,eng Premier League,22-232,2003,0.0,2,0,2,0,0,0,2,0,0,,0,,2,12,2,0,0,0,0,0,2,0,Matches
942,Denis Huseinbasic,ba BIH,MF,Köln,de Bundesliga,24-122,2001,2.4,123,1,23,74,27,3,123,2,0,0.0,1,50.0,79,491,232,3,4,0,0,2,85,1,Matches
943,Omari Hutchinson,eng ENG,FWMF,Nott'ham Forest,eng Premier League,22-003,2003,1.1,77,1,5,21,51,8,77,5,1,20.0,4,80.0,53,385,147,6,6,0,3,2,58,22,Matches
944,Kwon Hyeokkyu,kr KOR,MF,Nantes,fr Ligue 1,24-234,2001,4.9,181,26,81,85,15,0,181,0,0,,0,,87,418,117,0,1,0,4,2,106,2,Matches
945,Elseid Hysaj,al ALB,DF,Lazio,it Serie A,31-255,1994,1.7,101,3,34,55,12,1,101,1,0,0.0,1,100.0,47,158,70,1,0,1,0,0,53,4,Matches
946,Hong Hyunseok,kr KOR,MF,Nantes,fr Ligue 1,26-139,1999,3.2,118,5,31,48,39,6,118,2,2,100.0,0,0.0,53,242,120,1,1,0,4,3,55,8,Matches
947,Lucas Høgsberg,dk DEN,DF,Strasbourg,fr Ligue 1,19-132,2006,6.8,492,78,257,231,6,1,492,1,1,100.0,0,0.0,335,941,456,0,0,0,3,0,353,0,Matches
948,Pierre Højbjerg,dk DEN,MF,Marseille,fr Ligue 1,30-089,1995,9.5,814,14,109,555,155,18,814,12,9,75.0,3,25.0,568,2188,1031,17,11,2,8,5,670,15,Matches
949,Oscar Højlund,dk DEN,MF,Eint Frankfurt,de Bundesliga,20-302,2005,1.8,103,3,23,63,17,1,103,2,0,0.0,2,100.0,48,146,54,1,0,0,2,4,62,1,Matches
950,Rasmus Højlund,dk DEN,FW,Napoli,it Serie A,22-271,2003,4.6,107,3,8,46,56,17,107,3,2,66.7,1,33.3,58,296,168,5,4,3,14,11,89,24,Matches
951,Edoardo Iannoni,it ITA,MF,Sassuolo,it Serie A,24-205,2001,0.8,43,1,9,19,15,3,43,2,0,0.0,2,100.0,18,101,55,1,0,0,2,0,28,0,Matches
952,Pablo Ibáñez,es ESP,MF,Alavés,es La Liga,27-043,1998,7.1,440,13,66,251,129,13,440,29,13,44.8,15,51.7,257,1349,519,15,10,2,14,15,296,27,Matches
953,Arijon Ibrahimović,de GER,MFFW,Heidenheim,de Bundesliga,19-326,2005,8.1,415,5,78,169,176,23,415,18,6,33.3,10,55.6,189,1254,597,23,15,7,21,6,240,42,Matches
954,Riyad Idrissi,it ITA,DF,Cagliari,it Serie A,20-142,2005,2.4,148,5,44,69,36,2,148,4,1,25.0,2,50.0,53,241,125,6,5,0,8,1,67,14,Matches
955,Stanis Idumbo,be BEL,MF,Sevilla,es La Liga,20-126,2005,0.5,18,1,7,3,8,2,18,1,0,0.0,1,100.0,9,93,63,4,2,1,1,0,11,2,Matches
956,Stanis Idumbo,be BEL,MFDF,Monaco,fr Ligue 1,20-126,2005,1.4,61,2,6,31,24,3,61,1,0,0.0,1,100.0,31,153,81,2,1,1,2,2,38,6,Matches
957,Jay Idzes,id IDN,DF,Sassuolo,it Serie A,25-153,2000,8.0,443,61,245,186,14,2,443,1,1,100.0,0,0.0,248,1011,460,3,1,0,4,1,280,0,Matches
958,Hamza Igamane,ma MAR,FWMF,Lille,fr Ligue 1,23-000,2002,3.0,131,1,4,52,80,20,131,11,7,63.6,4,36.4,77,447,256,10,8,3,8,6,96,15,Matches
959,Iglesias,es ESP,DF,Getafe,es La Liga,27-122,1998,9.3,458,34,175,208,82,5,458,16,6,37.5,9,56.3,148,678,265,4,3,2,17,5,178,13,Matches
960,Borja Iglesias,es ESP,FW,Celta Vigo,es La Liga,32-289,1993,6.3,180,5,15,101,66,23,179,6,4,66.7,2,33.3,87,311,124,6,1,2,18,6,137,31,Matches
961,Igor,br BRA,DF,West Ham,eng Premier League,27-268,1998,0.0,0,0,0,0,0,0,0,0,0,,0,,0,0,0,0,0,0,0,0,0,0,Matches
962,Jonathan Ikone,fr FRA,FWMF,Paris FC,fr Ligue 1,27-184,1998,1.3,49,1,6,29,16,1,49,5,3,60.0,2,40.0,33,231,118,3,2,1,1,2,40,10,Matches
963,George Ilenikhena,ng NGA,FWMF,Monaco,fr Ligue 1,19-078,2006,2.1,60,2,5,10,46,15,60,5,1,20.0,4,80.0,34,180,102,5,2,2,8,4,46,18,Matches
964,Andrej Ilic,rs SRB,FW,Union Berlin,de Bundesliga,25-213,2000,8.3,215,13,26,91,100,36,214,3,1,33.3,2,66.7,95,374,121,5,1,1,25,11,144,34,Matches
965,Ivan Ilić,rs SRB,MF,Torino,it Serie A,24-230,2001,2.5,92,5,23,56,17,4,92,2,1,50.0,1,50.0,57,271,97,2,1,0,5,4,58,6,Matches
966,Luka Ilić,rs SRB,MFFW,Oviedo,es La Liga,26-123,1999,5.6,198,12,45,107,47,6,198,7,0,0.0,6,85.7,97,399,155,3,3,2,8,7,117,12,Matches
967,Emirhan İlkhan,tr TUR,MF,Torino,it Serie A,21-154,2004,0.6,34,1,13,20,1,1,34,0,0,,0,,19,111,33,1,0,1,0,1,26,0,Matches
968,Ciro Immobile,it ITA,FW,Bologna,it Serie A,35-255,1990,0.3,11,0,2,9,1,0,11,0,0,,0,,3,5,0,0,1,0,1,1,6,0,Matches
969,Cyriaque Irié,bf BFA,FW,Freiburg,de Bundesliga,20-135,2005,0.3,21,0,5,6,10,1,21,3,1,33.3,2,66.7,10,79,17,0,0,0,1,2,14,6,Matches
970,Tim Iroegbunam,eng ENG,MF,Everton,eng Premier League,22-125,2003,3.0,121,10,32,70,21,0,121,5,2,40.0,3,60.0,58,244,114,1,1,0,5,3,64,6,Matches
971,Jackson Irvine,au AUS,MF,St. Pauli,de Bundesliga,32-240,1993,0.1,8,0,0,5,3,0,8,0,0,,0,,3,8,2,0,0,0,0,1,7,2,Matches
972,Andy Irving,sct SCO,MF,West Ham,eng Premier League,25-173,2000,1.7,126,2,20,73,35,1,126,1,0,0.0,1,100.0,55,305,98,2,3,0,2,2,65,2,Matches
973,Alexander Isak,se SWE,FW,Liverpool,eng Premier League,26-042,1999,2.8,77,0,5,36,36,11,77,3,0,0.0,3,100.0,38,121,50,1,0,0,8,1,51,11,Matches
974,Gustav Isaksen,dk DEN,FW,Lazio,it Serie A,24-197,2001,3.0,125,2,26,51,51,15,125,11,4,36.4,6,54.5,94,697,320,13,6,9,5,5,98,23,Matches
975,Wilson Isidor,fr FRA,FW,Sunderland,eng Premier League,25-067,2000,5.9,100,7,19,31,52,25,100,11,3,27.3,8,72.7,57,294,87,3,3,5,10,8,68,21,Matches
976,Ardian Ismajli,al ALB,DF,Torino,it Serie A,29-033,1996,3.6,173,25,83,81,13,3,173,0,0,,0,,62,223,98,1,1,0,1,0,81,4,Matches
977,Franco Israel,uy URU,GK,Torino,it Serie A,25-194,2000,7.0,278,214,275,3,0,0,278,0,0,,0,,158,801,554,0,0,0,0,0,143,0,Matches
978,Alex Iwobi,ng NGA,FWMF,Fulham,eng Premier League,29-183,1996,9.0,513,12,92,252,180,14,513,16,5,31.3,10,62.5,369,2149,1201,40,27,6,14,5,400,53,Matches
979,Urko Izeta,es ESP,MF,Athletic Club,es La Liga,26-034,1999,0.4,26,0,2,9,16,1,26,2,1,50.0,1,50.0,10,86,33,2,2,0,3,1,13,3,Matches
980,Jairo Izquierdo,es ESP,MFDF,Elche,es La Liga,32-011,1993,0.3,17,0,4,6,7,0,17,0,0,,0,,13,63,23,1,0,0,0,1,13,3,Matches
981,Nicolas Jackson,sn SEN,FW,Bayern Munich,de Bundesliga,24-135,2001,3.3,121,0,4,37,81,19,121,8,2,25.0,5,62.5,81,390,183,7,4,3,12,7,104,27,Matches
982,Jérémy Jacquet,fr FRA,DF,Rennes,fr Ligue 1,20-112,2005,10.0,723,114,357,352,19,4,723,6,3,50.0,3,50.0,392,2078,1193,4,4,0,4,1,487,0,Matches
983,Lee Jae-sung,kr KOR,MFFW,Mainz 05,de Bundesliga,33-084,1992,6.3,231,6,31,85,117,30,231,3,1,33.3,2,66.7,100,414,185,2,6,1,13,9,155,41,Matches
984,Kristijan Jakić,hr CRO,MFDF,Augsburg,de Bundesliga,28-172,1997,7.0,401,28,125,224,58,4,401,3,1,33.3,2,66.7,190,785,354,6,9,0,8,4,247,12,Matches
985,Karl Jakob Hein,ee EST,GK,Werder Bremen,de Bundesliga,23-203,2002,2.0,132,115,132,0,0,0,132,1,1,100.0,0,0.0,88,334,187,0,0,0,0,0,83,0,Matches
986,Daniel James,wls WAL,FWMF,Leeds United,eng Premier League,27-357,1997,3.0,98,1,9,38,53,11,98,8,1,12.5,7,87.5,53,436,292,15,3,7,5,0,66,25,Matches
987,Reece James,eng ENG,DF,Chelsea,eng Premier League,25-329,1999,7.7,673,18,160,352,164,5,673,13,5,38.5,6,46.2,391,1630,801,9,9,2,8,7,425,22,Matches
988,Vitaly Janelt,de GER,MF,Brentford,eng Premier League,27-176,1998,1.6,103,3,25,43,36,6,103,0,0,,0,,40,103,42,1,2,0,1,1,51,1,Matches
989,Mathis Jangeal,fr FRA,MF,Paris S-G,fr Ligue 1,17-131,2008,0.1,11,1,3,6,3,0,11,0,0,,0,,4,26,10,0,1,0,0,1,9,0,Matches
990,Isak Jansson,se SWE,MFFW,Nice,fr Ligue 1,23-275,2002,3.7,122,0,17,46,63,11,122,8,1,12.5,6,75.0,80,631,260,11,7,3,9,3,81,14,Matches
991,Adnan Januzaj,be BEL,FWMF,Sevilla,es La Liga,30-270,1995,1.7,91,3,10,40,43,3,91,9,3,33.3,4,44.4,61,405,198,7,5,0,10,3,71,11,Matches
992,Luca Jaquez,ch SUI,DF,Stuttgart,de Bundesliga,22-153,2003,4.6,411,27,125,275,13,1,411,0,0,,0,,253,1280,686,4,4,0,0,0,308,3,Matches
993,Ardon Jashari,ch SUI,MF,Milan,it Serie A,23-095,2002,0.2,23,0,4,17,2,0,23,0,0,,0,,16,74,26,0,0,0,0,0,15,1,Matches
994,Mikel Jauregizar,es ESP,MF,Athletic Club,es La Liga,21-355,2003,10.9,622,15,95,380,153,9,622,10,3,30.0,5,50.0,270,1267,629,9,13,1,11,8,379,13,Matches
995,Finn Jeltsch,de GER,DF,Stuttgart,de Bundesliga,19-108,2006,4.0,288,27,107,160,21,3,288,2,1,50.0,1,50.0,185,969,466,5,4,0,2,1,210,3,Matches
996,Castrop Jens,kr KOR,MF,Gladbach,de Bundesliga,22-096,2003,3.9,187,4,43,91,56,11,187,15,4,26.7,11,73.3,96,512,264,8,8,2,17,4,110,21,Matches
997,Mathias Jensen,dk DEN,MF,Brentford,eng Premier League,29-305,1996,2.4,130,7,30,68,34,6,130,4,2,50.0,2,50.0,47,188,97,4,1,1,4,1,69,4,Matches
998,Oliver Jensen,dk DEN,MF,Parma,it Serie A,23-237,2002,5.4,219,15,46,110,67,4,219,10,2,20.0,8,80.0,111,676,282,6,10,0,6,7,126,16,Matches
999,Moritz Jenz,de GER,DF,Wolfsburg,de Bundesliga,26-186,1999,7.0,407,84,231,167,9,2,407,0,0,,0,,231,803,415,0,1,0,2,0,257,0,Matches
1000,Igor Jesus,br BRA,FWMF,Nott'ham Forest,eng Premier League,24-250,2001,3.0,100,6,10,39,52,14,100,2,0,0.0,2,100.0,49,169,57,1,0,1,5,3,72,13,Matches
1001,Juan Jesus,br BRA,DF,Napoli,it Serie A,34-145,1991,6.5,569,44,233,319,17,3,569,0,0,,0,,375,1590,759,7,4,0,2,0,428,0,Matches
1002,Álex Jiménez,es ESP,DF,Bournemouth,eng Premier League,20-178,2005,3.5,206,10,57,98,54,5,206,5,3,60.0,1,20.0,114,775,439,15,11,3,4,3,127,8,Matches
1003,Álex Jiménez,es ESP,DF,Milan,it Serie A,20-178,2005,0.5,31,0,5,15,12,2,31,8,4,50.0,3,37.5,21,201,135,2,1,1,0,0,20,0,Matches
1004,Raúl Jiménez,mx MEX,FW,Fulham,eng Premier League,34-181,1991,4.4,152,8,23,65,64,18,152,6,1,16.7,5,83.3,71,375,110,2,1,2,15,5,101,21,Matches
1005,João Pedro,br BRA,FWMF,Chelsea,eng Premier League,24-037,2001,9.4,362,8,28,184,155,34,362,33,9,27.3,20,60.6,212,1142,526,22,13,7,27,22,281,60,Matches
1006,Joelinton,br BRA,MF,Newcastle Utd,eng Premier League,29-080,1996,5.9,264,12,48,148,71,19,264,4,1,25.0,2,50.0,134,596,304,9,1,1,6,5,171,20,Matches
1007,Jofre,es ESP,FWMF,Espanyol,es La Liga,24-138,2001,1.7,48,4,9,21,20,5,48,3,1,33.3,2,66.7,34,323,219,7,2,2,5,2,30,9,Matches
1008,Þórir Jóhann Helgason,is ISL,MF,Lecce,it Serie A,25-035,2000,0.9,24,0,1,12,12,2,24,1,1,100.0,0,0.0,15,70,29,1,1,0,1,1,16,3,Matches
1009,Ísak Jóhannesson,is ISL,MF,Köln,de Bundesliga,22-224,2003,6.9,357,10,67,213,77,7,357,0,0,,0,,206,1046,472,5,7,1,7,3,233,10,Matches
1010,Dennis Johnsen,no NOR,FWMF,Cremonese,it Serie A,27-258,1998,1.5,59,1,11,26,23,5,59,5,2,40.0,3,60.0,28,126,38,2,3,2,8,2,41,10,Matches
1011,Brennan Johnson,wls WAL,FW,Tottenham,eng Premier League,24-163,2001,4.2,146,11,29,46,71,13,146,4,1,25.0,2,50.0,68,427,230,10,3,3,11,1,91,25,Matches
1012,Karl-Johan Johnsson,se SWE,GK,Strasbourg,fr Ligue 1,35-278,1990,1.0,38,29,38,0,0,0,38,0,0,,0,,19,53,28,0,0,0,0,0,24,0,Matches
1013,Sam Johnstone,eng ENG,GK,Wolves,eng Premier League,32-222,1993,6.0,282,210,274,9,0,0,282,0,0,,0,,160,925,622,0,0,0,0,0,132,0,Matches
1014,Curtis Jones,eng ENG,MF,Liverpool,eng Premier League,24-276,2001,3.6,292,4,50,186,58,5,292,11,6,54.5,4,36.4,211,1095,562,13,8,3,4,0,228,12,Matches
1015,Frenkie de Jong,nl NED,MF,Barcelona,es La Liga,28-174,1997,7.1,634,13,107,376,157,13,634,3,0,0.0,2,66.7,394,2407,1337,22,12,2,3,7,501,13,Matches
1016,Josan,es ESP,DFFW,Elche,es La Liga,35-334,1989,2.1,122,1,12,28,82,6,122,0,0,,0,,78,404,156,8,2,2,2,0,94,25,Matches
1017,Mateo Joseph,es ESP,FW,Mallorca,es La Liga,22-014,2003,5.8,178,2,24,73,85,22,178,16,4,25.0,9,56.3,108,620,248,10,8,5,22,9,119,30,Matches
1018,Lazar Jovanović,rs SRB,FWMF,Stuttgart,de Bundesliga,18-337,2006,0.4,13,0,2,3,8,3,13,1,1,100.0,0,0.0,11,126,45,2,1,3,1,2,13,2,Matches
1019,Juanmi,es ESP,FW,Getafe,es La Liga,32-166,1993,0.2,7,0,0,6,1,0,7,0,0,,0,,2,3,0,0,0,0,1,0,4,1,Matches
1020,Abdulai Juma Bah,sl SLE,DF,Nice,fr Ligue 1,19-205,2006,7.5,485,82,235,243,9,5,485,5,5,100.0,0,0.0,299,1476,731,2,1,0,3,1,305,0,Matches
1021,Anthony Jung,de GER,DF,Freiburg,de Bundesliga,33-364,1991,1.3,89,14,38,48,3,0,89,0,0,,0,,46,256,128,1,0,0,0,0,56,0,Matches
1022,Eli Junior Kroupi,fr FRA,FWMF,Bournemouth,eng Premier League,19-132,2006,1.8,72,4,12,31,31,10,72,2,1,50.0,1,50.0,40,147,42,2,1,1,5,4,50,7,Matches
1023,Luiz Lúcio Reis Júnior,br BRA,GK,Villarreal,es La Liga,24-292,2001,8.0,210,174,207,3,0,0,210,0,0,,0,,129,496,245,0,0,0,0,0,111,0,Matches
1024,Hamed Junior Traorè,ci CIV,MF,Bournemouth,eng Premier League,25-259,2000,0.2,7,1,6,0,1,0,7,1,0,0.0,1,100.0,1,2,0,0,0,0,0,0,0,0,Matches
1025,Hamed Junior Traorè,ci CIV,MFFW,Marseille,fr Ligue 1,25-259,2000,0.9,30,1,4,11,15,2,30,0,0,,0,,17,96,35,2,1,0,0,0,18,2,Matches
1026,Vinicius Júnior,br BRA,FWMF,Real Madrid,es La Liga,25-113,2000,8.6,541,0,35,121,399,99,539,67,26,38.8,34,50.7,386,3298,1925,78,21,60,21,12,466,145,Matches
1027,Josip Juranović,hr CRO,DF,Union Berlin,de Bundesliga,30-078,1995,0.1,4,0,0,2,2,0,4,0,0,,0,,0,0,0,0,0,0,0,0,1,0,Matches
1028,James Justin,eng ENG,DF,Leeds United,eng Premier League,27-252,1998,0.9,61,8,30,20,12,1,61,2,0,0.0,2,100.0,26,61,23,0,1,0,2,0,29,2,Matches
1029,Ferran Jutglà,es ESP,FWMF,Celta Vigo,es La Liga,26-274,1999,5.0,173,4,19,65,90,21,173,19,5,26.3,11,57.9,115,684,330,14,14,4,8,7,150,41,Matches
1030,Filip Jørgensen,dk DEN,GK,Chelsea,eng Premier League,23-200,2002,0.9,37,30,36,1,0,0,37,0,0,,0,,23,101,42,0,0,0,0,0,24,0,Matches
1031,Martijn Kaars,nl NED,FWMF,St. Pauli,de Bundesliga,26-242,1999,4.3,141,1,11,60,74,16,141,3,3,100.0,0,0.0,79,483,203,11,3,2,9,6,114,34,Matches
1032,Mohamed Kaba,fr FRA,MFFW,Lecce,it Serie A,24-006,2001,1.6,64,1,6,36,24,8,64,1,1,100.0,0,0.0,38,241,150,4,2,1,3,4,51,11,Matches
1033,Ozan Kabak,tr TUR,DF,Hoffenheim,de Bundesliga,25-222,2000,0.1,6,1,4,2,0,0,6,0,0,,0,,1,5,3,0,0,0,0,0,1,0,Matches
1034,Christian Kabasele,be BEL,DF,Udinese,it Serie A,34-251,1991,4.7,199,28,128,66,6,4,199,0,0,,0,,115,360,134,0,0,0,2,0,129,1,Matches
1035,Anton Kade,de GER,DF,Augsburg,de Bundesliga,21-289,2004,2.7,143,5,28,47,70,6,143,6,4,66.7,1,16.7,54,292,126,2,3,0,7,1,70,19,Matches
1036,Ferdi Kadioglu,tr TUR,DFFW,Brighton,eng Premier League,26-026,1999,7.2,355,20,100,151,106,9,355,7,6,85.7,1,14.3,191,1194,731,20,10,1,7,4,209,35,Matches
1037,Florian Kainz,at AUT,MFDF,Köln,de Bundesliga,33-009,1992,0.9,93,3,15,46,35,0,93,1,0,0.0,0,0.0,50,202,94,1,2,0,1,0,56,4,Matches
1038,Sasa Kalajdzic,at AUT,FW,Wolves,eng Premier League,28-118,1997,0.2,10,0,0,6,4,1,10,1,0,0.0,1,100.0,3,6,0,0,0,0,0,1,6,2,Matches
1039,Arnaud Kalimuendo,fr FRA,FW,Nott'ham Forest,eng Premier League,23-286,2002,0.8,40,1,3,10,27,7,40,1,0,0.0,1,100.0,21,114,75,4,1,2,2,0,29,12,Matches
1040,Pierre Kalulu,fr FRA,DF,Juventus,it Serie A,25-150,2000,10.0,706,33,229,347,139,10,706,8,3,37.5,4,50.0,413,2137,1067,20,19,0,7,2,497,36,Matches
1041,Justin-Noël Kalumba,fr FRA,FWMF,Angers,fr Ligue 1,20-312,2004,2.5,133,1,11,56,67,4,133,16,4,25.0,10,62.5,74,526,280,11,4,0,11,4,89,26,Matches
1042,Daichi Kamada,jp JPN,MF,Crystal Palace,eng Premier League,29-089,1996,7.5,358,9,76,195,93,12,358,8,4,50.0,2,25.0,181,918,459,11,5,1,12,5,211,19,Matches
1043,Warren Kamanzi,no NOR,MFDF,Toulouse,fr Ligue 1,24-356,2000,3.1,128,8,28,56,46,10,128,11,7,63.6,4,36.4,74,520,273,11,3,2,1,3,80,12,Matches
1044,Abu Kamara,eng ENG,FWMF,Getafe,es La Liga,22-104,2003,1.3,46,1,2,19,25,5,46,2,0,0.0,2,100.0,19,106,29,2,1,2,4,3,30,9,Matches
1045,Bingourou Kamara,sn SEN,GK,Lorient,fr Ligue 1,29-012,1996,3.0,80,62,78,2,0,0,80,0,0,,0,,44,238,151,0,0,0,0,0,40,0,Matches
1046,Boubacar Kamara,fr FRA,MF,Aston Villa,eng Premier League,25-344,1999,6.3,399,34,110,227,65,3,399,15,7,46.7,5,33.3,238,1104,539,7,1,0,10,6,275,2,Matches
1047,Glen Kamara,fi FIN,MF,Rennes,fr Ligue 1,30-005,1995,0.2,8,0,3,5,0,0,8,0,0,,0,,1,0,0,0,0,0,0,0,4,0,Matches
1048,Hassane Kamara,ci CIV,DF,Udinese,it Serie A,31-242,1994,6.0,357,12,85,149,124,9,357,8,3,37.5,4,50.0,165,908,420,17,8,3,5,3,188,32,Matches
1049,Jakub Kamiński,pl POL,MFFW,Köln,de Bundesliga,23-150,2002,8.0,324,14,61,115,151,34,324,10,6,60.0,4,40.0,162,978,488,18,10,8,12,10,194,41,Matches
1050,Kevin Kampl,si SVN,MF,RB Leipzig,de Bundesliga,35-024,1990,0.0,2,0,0,1,1,0,2,0,0,,0,,1,1,0,0,0,0,0,0,1,0,Matches
1051,Harry Kane,eng ENG,FWMF,Bayern Munich,de Bundesliga,32-097,1993,7.8,326,15,57,125,147,41,322,16,7,43.8,5,31.3,197,815,416,8,6,5,13,9,251,33,Matches
1052,Lee Kang-in,kr KOR,MF,Paris S-G,fr Ligue 1,24-256,2001,5.6,478,6,45,211,224,17,478,14,6,42.9,7,50.0,325,1646,574,8,15,3,10,5,389,38,Matches
1053,Adam Karabec,cz CZE,FW,Lyon,fr Ligue 1,22-123,2003,6.9,261,1,25,89,148,14,261,15,7,46.7,6,40.0,149,773,352,15,13,4,15,3,198,49,Matches
1054,Atakan Karazor,,MF,Stuttgart,de Bundesliga,29-020,1996,5.2,340,26,73,207,62,5,340,4,1,25.0,3,75.0,154,583,247,3,7,0,6,3,225,11,Matches
1055,Dermane Karim,tg TOG,MFFW,Lorient,fr Ligue 1,21-330,2003,5.4,237,4,45,128,72,7,237,10,3,30.0,4,40.0,167,1180,561,18,10,2,11,12,171,29,Matches
1056,Lennart Karl,de GER,FW,Bayern Munich,de Bundesliga,17-253,2008,2.2,194,2,13,57,124,19,194,14,4,28.6,8,57.1,145,807,327,10,3,7,6,7,162,46,Matches
1057,Jesper Karlström,se SWE,MF,Udinese,it Serie A,30-134,1995,10.0,507,38,140,296,75,8,507,9,5,55.6,3,33.3,237,1248,615,12,10,1,8,6,286,9,Matches
1058,Jon Karrikaburu,es ESP,FWMF,Real Sociedad,es La Liga,23-044,2002,0.8,26,0,1,10,16,10,26,1,0,0.0,1,100.0,18,60,20,1,0,1,6,0,20,6,Matches
1059,Grigoris Kastanos,cy CYP,MF,Hellas Verona,it Serie A,27-276,1998,0.2,20,1,7,8,6,1,20,1,0,0.0,1,100.0,5,29,22,1,1,0,0,1,7,0,Matches
1060,Panos Katseris,gr GRE,MFDF,Lorient,fr Ligue 1,24-120,2001,1.4,100,1,15,29,60,15,100,6,1,16.7,5,83.3,58,298,119,3,1,0,3,1,60,18,Matches
1061,Mikkel Kaufmann,dk DEN,FW,Heidenheim,de Bundesliga,24-303,2001,4.0,101,4,14,46,44,12,101,1,0,0.0,0,0.0,46,231,86,2,2,1,7,6,71,13,Matches
1062,Sota Kawasaki,jp JPN,MF,Mainz 05,de Bundesliga,24-095,2001,0.2,9,0,1,4,4,0,9,1,0,0.0,1,100.0,3,48,7,0,1,0,0,0,5,1,Matches
1063,Michael Kayode,it ITA,DF,Brentford,eng Premier League,21-115,2004,9.6,523,41,180,200,151,8,523,32,16,50.0,12,37.5,223,1407,730,18,13,2,9,10,244,39,Matches
1064,Moise Kean,it ITA,FW,Fiorentina,it Serie A,25-247,2000,8.8,171,4,7,72,97,31,170,27,8,29.6,16,59.3,112,621,249,12,9,7,23,15,130,37,Matches
1065,Michael Keane,eng ENG,DF,Everton,eng Premier League,32-295,1993,8.7,458,70,236,199,28,13,458,2,2,100.0,0,0.0,249,962,451,2,1,0,3,1,268,1,Matches
1066,Ilan Kebbal,dz ALG,FWMF,Paris FC,fr Ligue 1,27-116,1998,10.6,788,11,83,409,306,44,787,29,13,44.8,14,48.3,511,3014,1554,39,33,18,18,18,634,83,Matches
1067,Yassine Kechta,ma MAR,MF,Le Havre,fr Ligue 1,23-250,2002,6.5,252,4,48,135,71,9,252,8,3,37.5,4,50.0,134,685,367,10,5,0,19,10,156,28,Matches
1068,Thilo Kehrer,de GER,DF,Monaco,fr Ligue 1,29-042,1996,6.4,585,40,176,370,39,9,585,0,0,,0,,344,1821,1248,7,6,0,4,0,409,1,Matches
1069,Mandela Keita,be BEL,MF,Parma,it Serie A,23-176,2002,6.9,268,14,74,159,39,1,268,12,5,41.7,6,50.0,158,794,354,6,6,0,8,7,156,4,Matches
1070,Caoimhín Kelleher,ie IRL,GK,Brentford,eng Premier League,26-344,1998,10.0,386,286,369,17,0,0,386,1,0,0.0,0,0.0,210,918,573,0,0,0,0,0,201,0,Matches
1071,Lloyd Kelly,eng ENG,DF,Juventus,it Serie A,27-027,1998,9.0,638,74,276,293,73,11,638,7,6,85.7,1,14.3,360,1965,1057,10,4,1,11,4,428,11,Matches
1072,Aljoscha Kemlein,de GER,MF,Union Berlin,de Bundesliga,21-092,2004,3.4,175,8,37,100,40,4,175,7,5,71.4,2,28.6,80,308,161,3,4,1,3,4,89,7,Matches
1073,Marc-Oliver Kempf,de GER,DF,Como,it Serie A,30-278,1995,6.7,482,81,267,198,18,11,482,1,0,0.0,1,100.0,264,1187,725,5,1,0,4,0,330,1,Matches
1074,Luca Kerber,de GER,MF,Heidenheim,de Bundesliga,23-237,2002,3.6,95,12,32,40,24,8,95,1,0,0.0,1,100.0,39,177,87,3,1,1,1,3,50,14,Matches
1075,Milos Kerkez,hu HUN,DF,Liverpool,eng Premier League,21-360,2003,7.3,475,29,156,195,128,15,475,5,3,60.0,2,40.0,233,1128,597,12,17,0,9,1,288,38,Matches
1076,Kevin,br BRA,FWMF,Fulham,eng Premier League,22-302,2003,2.6,145,5,28,59,65,10,145,27,15,55.6,10,37.0,88,841,475,21,14,8,11,9,100,22,Matches
1077,Reda Khadra,de GER,FWMF,Le Havre,fr Ligue 1,24-121,2001,1.2,42,0,5,9,31,4,42,5,4,80.0,1,20.0,26,169,77,4,3,0,3,2,26,7,Matches
1078,Bilal El Khannouss,ma MAR,MFFW,Stuttgart,de Bundesliga,21-176,2004,6.1,381,4,30,179,176,10,381,10,6,60.0,4,40.0,200,1148,584,20,11,2,13,6,297,45,Matches
1079,Rani Khedira,de GER,MF,Union Berlin,de Bundesliga,31-279,1994,8.8,305,33,100,161,48,6,305,3,0,0.0,3,100.0,116,555,278,5,4,2,6,3,123,8,Matches
1080,Abdukodir Khusanov,uz UZB,DF,Manchester City,eng Premier League,21-246,2004,2.5,177,19,88,70,19,0,177,3,2,66.7,1,33.3,85,403,196,2,3,0,1,1,102,4,Matches
1081,Kialonda,ao ANG,DF,Lecce,it Serie A,28-036,1997,9.0,471,53,201,256,14,10,471,2,1,50.0,1,50.0,224,785,344,1,0,0,3,0,290,2,Matches
1082,Kiké,es ESP,FW,Espanyol,es La Liga,35-342,1989,3.9,144,1,5,56,83,29,143,6,3,50.0,3,50.0,66,330,91,5,2,3,14,7,101,30,Matches
1083,Semih Kılıçsoy,tr TUR,FW,Cagliari,it Serie A,20-079,2005,0.5,15,0,2,6,8,4,15,2,1,50.0,1,50.0,7,51,1,0,1,1,0,2,11,3,Matches
1084,Max Kilman,eng ENG,DF,West Ham,eng Premier League,28-163,1997,9.0,508,103,277,222,12,3,508,4,3,75.0,1,25.0,279,1562,930,3,4,0,1,2,317,1,Matches
1085,Joshua Kimmich,de GER,MF,Bayern Munich,de Bundesliga,30-267,1995,7.7,847,17,147,481,225,10,847,6,3,50.0,2,33.3,564,2612,1298,10,10,0,7,2,676,14,Matches
1086,Joshua King,eng ENG,MFFW,Fulham,eng Premier League,18-303,2007,6.8,225,4,36,113,82,24,225,15,8,53.3,6,40.0,153,1175,549,17,16,5,21,10,170,37,Matches
1087,Lukas Klostermann,de GER,FWDF,RB Leipzig,de Bundesliga,29-152,1996,0.0,5,0,3,2,0,0,5,0,0,,0,,1,3,0,0,0,0,0,0,2,0,Matches
1088,Justin Kluivert,nl NED,MF,Bournemouth,eng Premier League,26-181,1999,3.4,163,2,12,67,86,11,163,11,5,45.5,6,54.5,89,473,296,9,8,1,5,7,109,24,Matches
1089,Ruben Kluivert,nl NED,DF,Lyon,fr Ligue 1,24-165,2001,1.1,99,7,46,48,7,4,99,0,0,,0,,57,277,147,2,2,0,1,0,66,1,Matches
1090,Ansgar Knauff,de GER,FWMF,Eint Frankfurt,de Bundesliga,23-296,2002,4.1,180,2,20,56,111,18,180,8,4,50.0,4,50.0,108,805,412,17,9,6,13,6,127,52,Matches
1091,Joe Knight,eng ENG,MF,Brighton,eng Premier League,20-042,2005,0.0,0,0,0,0,0,0,0,0,0,,0,,0,0,0,0,0,0,0,0,0,0,Matches
1092,Gregor Kobel,ch SUI,GK,Dortmund,de Bundesliga,27-331,1997,9.0,302,239,298,4,0,0,302,0,0,,0,,189,993,542,0,0,0,0,0,173,0,Matches
1093,Robin Koch,de GER,DF,Eint Frankfurt,de Bundesliga,29-108,1996,9.0,816,105,364,422,32,14,816,0,0,,0,,493,1840,988,2,2,0,6,1,590,5,Matches
1094,Christian Kofane,cm CMR,FW,Leverkusen,de Bundesliga,19-099,2006,4.1,98,8,13,27,59,24,98,5,4,80.0,1,20.0,51,268,158,9,2,6,10,4,73,24,Matches
1095,Hervé Koffi,bf BFA,GK,Angers,fr Ligue 1,29-017,1996,10.0,370,337,367,3,0,0,370,0,0,,0,,194,1067,780,0,0,0,1,0,163,0,Matches
1096,Enzo Koffi Vinette,fr FRA,DFFW,Le Havre,fr Ligue 1,19-243,2006,0.1,9,1,4,4,1,0,9,0,0,,0,,4,42,23,1,0,0,0,0,6,0,Matches
1097,Derrick Köhn,gh GHA,DF,Union Berlin,de Bundesliga,26-271,1999,5.7,259,18,64,103,95,11,259,10,3,30.0,7,70.0,110,490,209,6,4,1,15,10,122,24,Matches
1098,Philipp Köhn,ch SUI,GK,Monaco,fr Ligue 1,27-214,1998,8.1,241,184,239,2,0,0,241,0,0,,0,,134,716,461,0,0,0,0,1,109,0,Matches
1099,Dominik Kohr,de GER,DF,Mainz 05,de Bundesliga,31-275,1994,7.0,407,34,150,196,61,20,407,3,2,66.7,1,33.3,204,849,413,6,3,2,5,0,230,9,Matches
1100,Koke,es ESP,MF,Atlético Madrid,es La Liga,33-298,1992,7.5,625,19,134,397,98,5,625,3,1,33.3,2,66.7,399,1518,736,2,8,0,4,6,504,7,Matches
1101,Luca Koleosho,it ITA,MFFW,Espanyol,es La Liga,21-048,2004,0.7,50,0,8,21,24,1,50,7,4,57.1,3,42.9,26,270,65,3,2,0,6,1,30,7,Matches
1102,Adam Kölle,de GER,DFMF,Heidenheim,de Bundesliga,19-188,2006,0.4,24,1,6,10,8,3,24,1,0,0.0,1,100.0,9,22,4,0,0,0,1,0,14,2,Matches
1103,Randal Kolo Muani,fr FRA,FW,Tottenham,eng Premier League,26-332,1998,1.6,32,2,7,16,10,2,32,2,0,0.0,2,100.0,19,81,26,1,0,1,8,2,23,7,Matches
1104,Timothée Kolodziejczak,fr FRA,DF,Paris FC,fr Ligue 1,34-032,1991,1.0,100,11,41,58,1,1,100,0,0,,0,,55,248,175,1,0,0,0,0,77,1,Matches
1105,Mert Kömür,de GER,FWMF,Augsburg,de Bundesliga,20-108,2005,6.9,312,11,35,129,156,19,312,16,4,25.0,9,56.3,170,1111,545,19,15,4,19,10,200,34,Matches
1106,Ibrahima Konaté,fr FRA,DF,Liverpool,eng Premier League,26-161,1999,9.2,713,77,298,383,33,9,713,3,2,66.7,0,0.0,405,2004,1216,12,10,0,1,4,467,0,Matches
1107,Geoffrey Kondogbia,cf CTA,MFDF,Marseille,fr Ligue 1,32-260,1993,1.2,105,4,23,70,13,1,105,0,0,,0,,71,264,148,0,0,0,0,1,85,2,Matches
1108,Ismaël Koné,ca CAN,MF,Sassuolo,it Serie A,23-149,2002,6.2,237,9,55,142,44,5,237,11,6,54.5,4,36.4,148,967,514,12,6,1,14,3,179,9,Matches
1109,Manu Koné,fr FRA,MF,Roma,it Serie A,24-169,2001,9.0,519,10,81,336,113,8,519,24,13,54.2,5,20.8,329,1754,963,16,16,1,24,11,372,15,Matches
1110,Ransford Königsdörffer,gh GHA,FW,Hamburger SV,de Bundesliga,24-050,2001,6.6,171,3,16,71,85,27,170,8,3,37.5,3,37.5,105,705,307,11,8,7,13,7,132,36,Matches
1111,Ezri Konsa,eng ENG,DF,Aston Villa,eng Premier League,28-010,1997,8.7,646,90,306,318,23,6,646,7,3,42.9,4,57.1,405,2130,1164,5,1,0,7,1,473,3,Matches
1112,Teun Koopmeiners,nl NED,MFDF,Juventus,it Serie A,27-247,1998,5.6,332,22,82,166,86,8,332,4,1,25.0,3,75.0,163,973,598,11,11,0,3,1,194,10,Matches
1113,Odilon Kossounou,ci CIV,DF,Atalanta,it Serie A,24-302,2001,5.0,317,34,134,156,27,2,317,5,2,40.0,2,40.0,189,708,375,3,1,0,9,2,226,5,Matches
1114,Filip Kostić,rs SRB,DFFW,Juventus,it Serie A,33-001,1992,2.6,191,3,29,87,76,6,191,4,3,75.0,1,25.0,88,490,270,7,5,3,2,4,104,19,Matches
1115,Charalampos Kostoulas,gr GRE,MFFW,Brighton,eng Premier League,18-156,2007,0.2,17,0,4,8,5,3,17,3,3,100.0,0,0.0,8,71,16,1,0,0,2,2,11,2,Matches
1116,Eddy Kouadio,ci CIV,DF,Fiorentina,it Serie A,19-156,2006,0.5,15,0,4,9,2,0,15,0,0,,0,,12,51,38,1,0,0,0,0,11,0,Matches
1117,Koffi Kouao,ci CIV,DF,Metz,fr Ligue 1,27-166,1998,9.6,540,34,184,253,114,10,540,12,10,83.3,1,8.3,333,1616,804,17,16,8,13,5,348,35,Matches
1118,Arsène Kouassi,bf BFA,DFMF,Lorient,fr Ligue 1,21-052,2004,9.1,460,14,127,181,162,14,460,33,15,45.5,13,39.4,280,1934,1134,36,18,6,8,4,278,56,Matches
1119,Christ-Owen Kouassi,fr FRA,DF,Lecce,it Serie A,22-201,2003,2.5,132,4,42,64,28,0,132,1,0,0.0,1,100.0,58,353,175,2,1,0,1,1,66,2,Matches
1120,Konstantinos Koulierakis,gr GRE,DF,Wolfsburg,de Bundesliga,21-339,2003,8.0,548,122,319,201,29,9,548,1,1,100.0,0,0.0,269,1281,739,5,5,0,2,2,347,3,Matches
1121,Seny Koumbassa,fr FRA,DF,Toulouse,fr Ligue 1,18-135,2007,0.1,4,1,3,1,0,0,4,0,0,,0,,1,2,0,0,0,0,0,0,1,0,Matches
1122,Jules Koundé,fr FRA,DF,Barcelona,es La Liga,26-355,1998,7.4,629,17,144,315,174,18,629,10,6,60.0,3,30.0,383,1633,862,16,10,2,11,6,455,34,Matches
1123,Lancinet Kourouma,gn GUI,MF,Girona,es La Liga,21-217,2004,0.3,9,0,5,3,1,0,9,0,0,,0,,2,8,0,0,0,0,0,0,4,0,Matches
1124,Hamza Koutoune,ma MAR,DF,Nice,fr Ligue 1,19-046,2006,0.0,6,0,0,2,4,0,6,0,0,,0,,5,17,4,0,1,0,0,0,6,3,Matches
1125,Mateo Kovačić,hr CRO,MF,Manchester City,eng Premier League,31-180,1994,0.1,23,1,8,15,0,0,23,1,1,100.0,0,0.0,13,80,26,0,0,0,0,1,23,0,Matches
1126,Goduine Koyalipou,cf CTA,FW,Levante,es La Liga,25-260,2000,1.7,57,4,10,18,29,5,57,12,7,58.3,5,41.7,30,198,95,2,4,2,2,6,36,8,Matches
1127,Alex Král,cz CZE,MF,Union Berlin,de Bundesliga,27-167,1998,1.5,55,3,14,32,11,3,55,3,1,33.3,2,66.7,33,292,137,2,1,0,1,2,29,4,Matches
1128,Andrej Kramarić,hr CRO,MFFW,Hoffenheim,de Bundesliga,34-136,1991,5.4,314,4,42,153,121,20,313,8,5,62.5,3,37.5,143,758,410,13,6,5,7,6,213,39,Matches
1129,Vladyslav Krapyvtsov,ua UKR,GK,Girona,es La Liga,20-130,2005,1.5,51,41,51,0,0,0,51,0,0,,0,,27,157,88,0,0,0,0,0,21,0,Matches
1130,Jean-Philippe Krasso,ci CIV,FW,Paris FC,fr Ligue 1,28-108,1997,5.0,191,5,15,97,81,30,190,18,4,22.2,14,77.8,84,333,131,3,2,6,25,6,128,28,Matches
1131,Tom Krauß,de GER,DFMF,Köln,de Bundesliga,24-133,2001,3.7,250,12,79,135,40,3,250,6,1,16.7,4,66.7,133,823,333,7,5,1,3,2,154,6,Matches
1132,Ladislav Krejčí,cz CZE,DFMF,Wolves,eng Premier League,26-196,1999,7.0,486,46,189,250,52,15,486,1,0,0.0,1,100.0,302,1531,817,7,9,0,3,3,341,6,Matches
1133,Ladislav Krejčí,cz CZE,DF,Girona,es La Liga,26-196,1999,2.0,119,13,63,53,3,1,119,0,0,,0,,82,374,209,0,1,0,1,0,87,0,Matches
1134,Rasmus Kristensen,dk DEN,DF,Eint Frankfurt,de Bundesliga,28-114,1997,5.0,439,18,126,213,103,6,439,8,4,50.0,3,37.5,211,857,498,8,5,2,2,3,277,19,Matches
1135,Thomas Kristensen,dk DEN,DF,Udinese,it Serie A,23-289,2002,5.0,324,41,134,178,14,4,324,0,0,,0,,191,1163,664,6,2,0,1,0,223,2,Matches
1136,Nikola Krstović,me MNE,FW,Atalanta,it Serie A,25-211,2000,4.8,188,3,17,74,98,37,188,6,2,33.3,4,66.7,112,511,248,9,2,6,18,3,146,30,Matches
1137,Lukas Kübler,de GER,DF,Freiburg,de Bundesliga,33-064,1992,6.3,349,22,125,174,52,10,349,4,2,50.0,2,50.0,143,647,247,6,4,0,2,2,179,15,Matches
1138,Takefusa Kubo,jp JPN,MFFW,Real Sociedad,es La Liga,24-151,2001,5.5,250,4,21,111,121,28,250,24,8,33.3,10,41.7,163,1028,595,21,9,9,13,7,198,57,Matches
1139,Mohammed Kudus,gh GHA,FWMF,Tottenham,eng Premier League,25-092,2000,9.7,435,2,44,146,255,35,435,74,34,45.9,37,50.0,250,1823,745,32,15,9,37,30,288,79,Matches
1140,Nicolas-Gerrit Kühn,de GER,FW,Como,it Serie A,25-305,2000,3.7,148,2,12,60,78,11,148,14,5,35.7,7,50.0,108,856,427,16,10,7,8,7,124,29,Matches
1141,Sael Kumbedi,fr FRA,DF,Lyon,fr Ligue 1,20-221,2005,0.7,25,1,11,9,5,1,25,1,0,0.0,1,100.0,12,47,23,1,2,0,0,1,13,1,Matches
1142,Sael Kumbedi,fr FRA,DF,Wolfsburg,de Bundesliga,20-221,2005,1.2,57,7,19,27,11,1,57,1,0,0.0,1,100.0,21,78,42,0,1,0,1,2,30,4,Matches
1143,Marash Kumbulla,al ALB,DF,Mallorca,es La Liga,25-267,2000,2.4,163,25,89,66,8,2,163,1,0,0.0,0,0.0,92,336,152,3,1,0,2,0,115,1,Matches
1144,Jonah Kusi-Asare,se SWE,FW,Fulham,eng Premier League,18-121,2007,0.0,2,0,0,1,1,0,2,0,0,,0,,3,11,8,0,0,0,0,0,3,0,Matches
1145,Jonah Kusi-Asare,se SWE,FW,Bayern Munich,de Bundesliga,18-121,2007,0.1,2,1,1,0,1,0,2,0,0,,0,,0,0,0,0,0,0,1,0,0,0,Matches
1146,Khvicha Kvaratskhelia,ge GEO,FW,Paris S-G,fr Ligue 1,24-263,2001,4.7,368,3,17,129,226,41,368,31,12,38.7,17,54.8,238,1364,591,22,10,13,14,9,309,75,Matches
1147,Godson Kyeremeh,fr FRA,FWMF,Le Havre,fr Ligue 1,25-141,2000,1.6,48,1,7,13,28,5,48,5,1,20.0,4,80.0,38,228,129,2,2,0,5,2,37,11,Matches
1148,Adrián de la Fuente,es ESP,DF,Levante,es La Liga,26-249,1999,7.5,407,63,217,163,29,6,407,1,1,100.0,0,0.0,221,871,411,4,4,0,4,0,244,6,Matches
1149,Rémy Labeau Lascary,gp GLP,FWMF,Brest,fr Ligue 1,22-244,2003,1.5,48,0,10,19,20,6,48,3,1,33.3,2,66.7,36,250,81,2,2,3,6,1,35,7,Matches
1150,Maxence Lacroix,fr FRA,DF,Crystal Palace,eng Premier League,25-210,2000,10.0,568,107,332,216,21,13,568,3,2,66.7,1,33.3,303,1199,618,0,2,0,6,3,348,3,Matches
1151,Yoel Lago,es ESP,DF,Celta Vigo,es La Liga,21-222,2004,3.7,243,40,111,128,4,3,243,1,1,100.0,0,0.0,144,623,367,0,0,0,1,0,184,0,Matches
1152,Mayckel Lahdo,se SWE,MFFW,Nantes,fr Ligue 1,22-307,2002,2.5,86,1,6,42,40,8,86,8,4,50.0,4,50.0,58,287,134,5,4,1,8,3,70,15,Matches
1153,Konrad Laimer,at AUT,DF,Bayern Munich,de Bundesliga,28-159,1997,7.9,604,17,104,244,258,36,604,11,4,36.4,7,63.6,371,1772,1102,32,23,8,15,4,433,53,Matches
1154,Kenny Lala,mg MAD,DF,Brest,fr Ligue 1,34-030,1991,9.9,614,36,216,291,111,4,614,7,4,57.1,3,42.9,325,1633,872,17,9,2,8,2,352,30,Matches
1155,Senne Lammens,be BEL,GK,Manchester Utd,eng Premier League,23-118,2002,4.0,191,160,191,0,0,0,191,0,0,,0,,106,549,317,0,0,0,0,0,89,0,Matches
1156,Tariq Lamptey,gh GHA,MFDF,Fiorentina,it Serie A,25-033,2000,0.3,15,0,1,9,6,1,15,0,0,,0,,11,29,13,0,1,0,2,0,11,2,Matches
1157,Noa Lang,nl NED,FWMF,Napoli,it Serie A,26-138,1999,1.5,104,0,6,40,59,7,104,5,1,20.0,3,60.0,69,463,258,7,3,2,1,0,78,24,Matches
1158,Aymeric Laporte,es ESP,DF,Athletic Club,es La Liga,31-159,1994,6.2,447,62,216,214,18,4,447,1,1,100.0,0,0.0,219,1165,817,7,6,0,5,1,270,0,Matches
1159,Hugo Larsson,se SWE,MF,Eint Frankfurt,de Bundesliga,21-128,2004,5.2,315,7,94,148,74,6,315,2,1,50.0,1,50.0,143,479,197,1,3,0,3,1,213,16,Matches
1160,Jamaal Lascelles,eng ENG,DF,Newcastle Utd,eng Premier League,31-356,1993,0.2,14,3,11,1,2,2,14,0,0,,0,,3,16,1,0,0,0,0,0,7,1,Matches
1161,Toni Lato,es ESP,DF,Mallorca,es La Liga,27-346,1997,1.8,89,3,21,45,23,1,89,1,1,100.0,0,0.0,44,169,79,2,2,0,3,2,54,13,Matches
1162,Josh Laurent,eng ENG,DFMF,Burnley,eng Premier League,30-180,1995,6.2,244,23,84,118,44,6,244,3,0,0.0,3,100.0,136,523,300,7,4,1,3,1,143,11,Matches
1163,Armand Lauriente,fr FRA,FW,Sassuolo,it Serie A,26-333,1998,5.9,222,5,25,92,107,12,222,13,1,7.7,8,61.5,119,747,375,16,5,8,23,12,151,43,Matches
1164,Roméo Lavia,be BEL,MF,Chelsea,eng Premier League,21-300,2004,1.2,79,2,24,37,18,2,79,2,1,50.0,1,50.0,53,183,91,2,1,1,3,1,60,1,Matches
1165,Valentino Lazaro,at AUT,DFMF,Torino,it Serie A,29-223,1996,6.1,332,19,106,127,100,5,332,6,2,33.3,2,33.3,139,590,287,8,7,1,7,1,173,18,Matches
1166,Manuel Lazzari,it ITA,DF,Lazio,it Serie A,31-338,1993,1.7,99,9,49,38,15,0,99,4,1,25.0,3,75.0,45,287,195,3,2,0,2,0,46,0,Matches
1167,Théo Le Bris,fr FRA,DF,Lorient,fr Ligue 1,23-032,2002,5.5,265,5,36,93,138,13,265,9,4,44.4,5,55.6,158,803,517,16,10,2,4,1,179,38,Matches
1168,Julien Le Cardinal,fr FRA,DF,Brest,fr Ligue 1,28-091,1997,3.1,176,31,113,52,11,7,176,1,0,0.0,1,100.0,90,445,194,1,0,0,1,0,96,1,Matches
1169,Enzo Le Fée,fr FRA,FWMF,Sunderland,eng Premier League,25-272,2000,6.0,300,10,60,143,102,7,299,11,3,27.3,7,63.6,173,760,308,8,8,0,14,7,184,29,Matches
1170,Raphael Le Guen,fr FRA,DF,Brest,fr Ligue 1,19-062,2006,0.1,4,0,1,3,0,0,4,0,0,,0,,2,8,4,0,0,0,0,0,2,0,Matches
1171,Robin Le Normand,es ESP,DF,Atlético Madrid,es La Liga,28-356,1996,9.8,634,64,327,296,12,4,634,3,0,0.0,2,66.7,387,1886,1086,3,2,0,7,0,466,0,Matches
1172,Nicola Leali,it ITA,GK,Genoa,it Serie A,32-258,1993,9.0,259,218,256,3,0,0,259,0,0,,0,,143,684,399,0,0,0,1,0,121,0,Matches
1173,Rafael Leão,pt POR,FW,Milan,it Serie A,26-145,1999,3.0,127,2,11,49,67,17,126,8,3,37.5,4,50.0,85,404,176,6,6,4,13,2,108,19,Matches
1174,Pierre Lees-Melou,fr FRA,MF,Paris FC,fr Ligue 1,32-161,1993,8.1,526,34,148,287,95,11,526,8,4,50.0,4,50.0,257,1074,451,6,6,2,7,3,367,13,Matches
1175,Pierre Lees-Melou,fr FRA,MF,Brest,fr Ligue 1,32-161,1993,2.0,129,4,31,73,27,3,129,3,2,66.7,1,33.3,81,448,156,3,3,1,2,2,77,1,Matches
1176,Jordan Lefort,fr FRA,DF,Angers,fr Ligue 1,32-085,1993,10.0,602,123,398,197,15,3,602,1,1,100.0,0,0.0,286,1475,743,4,1,0,3,2,356,0,Matches
1177,Diogo Leite,pt POR,DF,Union Berlin,de Bundesliga,26-283,1999,5.6,247,36,116,111,21,2,247,4,1,25.0,2,50.0,98,338,177,1,2,0,5,2,113,1,Matches
1178,Maxim Leitsch,de GER,DF,Mainz 05,de Bundesliga,27-168,1998,0.8,36,4,20,13,3,0,36,0,0,,0,,5,14,8,0,0,0,2,1,12,0,Matches
1179,Florian Lejeune,fr FRA,DF,Rayo Vallecano,es La Liga,34-166,1991,10.9,779,102,436,317,31,11,779,3,2,66.7,1,33.3,442,1776,995,2,5,0,3,1,537,1,Matches
1180,Youssef Lekhedim,es ESP,DF,Alavés,es La Liga,20-026,2005,4.5,260,12,66,118,78,9,260,5,3,60.0,2,40.0,121,467,231,5,3,3,9,4,129,21,Matches
1181,Iñigo Lekue,es ESP,DFFW,Athletic Club,es La Liga,32-182,1993,1.4,98,7,36,33,29,1,98,2,1,50.0,1,50.0,40,197,114,3,3,0,0,3,54,9,Matches
1182,Thomas Lemar,fr FRA,MFFW,Girona,es La Liga,29-355,1995,2.2,139,0,15,68,58,3,139,7,3,42.9,3,42.9,98,563,241,5,8,0,3,6,105,19,Matches
1183,Félix Lemaréchal,fr FRA,MFFW,Strasbourg,fr Ligue 1,22-087,2003,5.4,304,8,50,139,120,16,304,21,10,47.6,10,47.6,161,912,394,11,6,1,20,9,202,39,Matches
1184,Tim Lemperle,de GER,FW,Hoffenheim,de Bundesliga,23-270,2002,5.4,182,10,16,80,88,27,181,8,3,37.5,5,62.5,77,445,294,13,4,3,13,5,122,40,Matches
1185,Clément Lenglet,fr FRA,DF,Atlético Madrid,es La Liga,30-138,1995,4.4,325,35,133,172,21,3,325,1,1,100.0,0,0.0,226,1225,898,4,3,0,1,1,239,0,Matches
1186,Bernd Leno,de GER,GK,Fulham,eng Premier League,33-243,1992,10.0,416,366,415,1,0,0,416,0,0,,0,,281,1137,590,0,0,0,0,0,235,0,Matches
1187,Donovan Léon,gf GUF,GK,Auxerre,fr Ligue 1,32-364,1992,8.5,297,238,295,2,0,0,297,1,1,100.0,0,0.0,167,767,436,0,0,0,0,0,142,0,Matches
1188,Esteban Lepaul,fr FRA,FW,Angers,fr Ligue 1,25-198,2000,1.9,42,0,3,28,13,3,42,0,0,,0,,21,104,50,1,2,0,1,2,33,4,Matches
1189,Esteban Lepaul,fr FRA,FW,Rennes,fr Ligue 1,25-198,2000,7.2,186,5,15,91,81,23,186,6,1,16.7,5,83.3,78,319,117,3,3,2,16,2,123,33,Matches
1190,Johann Lepenant,fr FRA,MF,Nantes,fr Ligue 1,23-011,2002,5.9,282,13,85,146,57,6,282,10,3,30.0,7,70.0,142,574,181,4,3,0,8,5,157,8,Matches
1191,Mehdi Léris,dz ALG,DF,Pisa,it Serie A,27-163,1998,3.8,183,11,44,66,76,7,183,11,2,18.2,6,54.5,89,410,212,7,1,4,10,4,94,23,Matches
1192,Jefferson Lerma,co COL,MF,Crystal Palace,eng Premier League,31-008,1994,3.1,167,10,41,83,44,7,167,2,1,50.0,0,0.0,70,244,114,2,2,1,2,1,84,2,Matches
1193,Louis Leroux,fr FRA,DFMF,Nantes,fr Ligue 1,19-283,2006,8.3,387,15,135,184,72,9,387,12,6,50.0,6,50.0,191,825,410,7,2,1,7,5,211,21,Matches
1194,Robert Lewandowski,pl POL,FW,Barcelona,es La Liga,37-073,1988,3.9,111,2,6,35,70,23,110,7,2,28.6,4,57.1,72,261,79,3,1,2,11,10,96,27,Matches
1195,Jamie Leweling,de GER,FWMF,Stuttgart,de Bundesliga,24-249,2001,6.1,279,8,32,96,156,20,279,18,7,38.9,10,55.6,195,1706,868,35,21,9,14,8,229,68,Matches
1196,Rico Lewis,eng ENG,DF,Manchester City,eng Premier League,20-346,2004,1.9,160,6,37,90,34,7,160,1,0,0.0,0,0.0,94,383,175,2,1,0,3,3,113,9,Matches
1197,Keane Lewis-Potter,eng ENG,DFFW,Brentford,eng Premier League,24-253,2001,5.0,180,10,66,73,43,10,180,7,2,28.6,4,57.1,92,474,281,11,4,5,4,6,95,20,Matches
1198,Myles Lewis-Skelly,eng ENG,DF,Arsenal,eng Premier League,19-037,2006,1.0,72,4,18,41,15,2,72,3,2,66.7,1,33.3,35,143,78,1,2,0,1,1,43,6,Matches
1199,Philipp Lienhart,at AUT,DF,Freiburg,de Bundesliga,29-114,1996,6.8,523,37,205,229,94,8,523,5,3,60.0,2,40.0,287,2078,1069,11,7,0,2,1,322,7,Matches
1200,Matthijs de Ligt,nl NED,DF,Manchester Utd,eng Premier League,26-082,1999,10.0,576,61,267,284,27,9,576,2,1,50.0,1,50.0,291,1077,463,3,2,0,4,0,334,6,Matches
1201,Victor Lindelöf,se SWE,MFDF,Aston Villa,eng Premier League,31-108,1994,0.3,16,0,5,11,0,0,16,0,0,,0,,6,20,2,0,0,0,1,0,9,0,Matches
1202,Jesper Lindstrøm,dk DEN,MF,Wolfsburg,de Bundesliga,25-246,2000,0.0,6,0,1,3,3,0,6,1,1,100.0,0,0.0,5,51,41,2,1,0,0,2,6,2,Matches
1203,Luca Lipani,it ITA,MF,Sassuolo,it Serie A,20-168,2005,1.0,60,1,16,37,7,0,60,1,1,100.0,0,0.0,33,106,28,0,0,0,0,3,41,0,Matches
1204,Pol Lirola,es ESP,MFDF,Marseille,fr Ligue 1,28-081,1997,0.4,26,0,9,5,12,0,26,3,0,0.0,2,66.7,11,41,11,1,0,0,2,0,14,4,Matches
1205,Adrián Liso,es ESP,FWMF,Getafe,es La Liga,20-214,2005,7.7,222,2,19,86,121,21,222,16,4,25.0,10,62.5,106,572,243,10,6,4,23,10,139,42,Matches
1206,Joseph Liteta,zm ZAM,MF,Cagliari,it Serie A,19-253,2006,0.5,35,0,5,24,6,0,35,0,0,,0,,13,47,13,1,0,0,1,1,22,0,Matches
1207,Valentino Livramento,eng ENG,DF,Newcastle Utd,eng Premier League,22-355,2002,5.8,333,19,79,140,119,8,333,18,6,33.3,9,50.0,189,1013,587,14,10,3,7,5,190,38,Matches
1208,Javier Llabrés,es ESP,FWMF,Mallorca,es La Liga,23-052,2002,1.2,42,0,8,9,26,2,42,5,1,20.0,4,80.0,30,169,43,1,2,0,3,2,34,16,Matches
1209,Diego Llorente,es ESP,DF,Betis,es La Liga,32-078,1993,0.5,43,7,29,14,0,0,43,0,0,,0,,26,110,67,0,0,0,0,0,28,0,Matches
1210,Marcos Llorente,es ESP,DF,Atlético Madrid,es La Liga,30-276,1995,11.0,855,31,262,396,206,21,855,13,7,53.8,6,46.2,499,2562,1297,33,27,9,9,2,577,63,Matches
1211,Gautier Lloris,fr FRA,DF,Le Havre,fr Ligue 1,30-107,1995,8.4,605,72,289,304,16,5,605,1,1,100.0,0,0.0,401,2149,1053,7,1,0,2,1,442,1,Matches
1212,Giovani Lo Celso,ar ARG,MF,Betis,es La Liga,29-207,1996,7.0,488,5,47,234,214,18,488,19,7,36.8,9,47.4,281,1279,556,8,11,2,13,12,361,29,Matches
1213,Danny Loader,cm CMR,MFFW,Auxerre,fr Ligue 1,25-066,2000,8.1,320,8,39,145,142,28,320,35,8,22.9,20,57.1,192,1199,486,16,8,4,24,22,228,34,Matches
1214,Stanislav Lobotka,sk SVK,MF,Napoli,it Serie A,30-342,1994,4.8,345,7,81,206,62,0,345,1,0,0.0,0,0.0,226,1166,498,5,10,0,3,2,281,2,Matches
1215,Manuel Locatelli,it ITA,MF,Juventus,it Serie A,27-298,1998,7.5,626,26,151,381,99,3,626,4,2,50.0,2,50.0,337,1439,660,5,14,0,9,5,442,5,Matches
1216,Bradley Locko,fr FRA,DF,Brest,fr Ligue 1,23-180,2002,8.9,477,18,173,202,106,4,477,16,8,50.0,8,50.0,222,1089,534,11,11,1,13,7,244,33,Matches
1217,Ruben Loftus-Cheek,eng ENG,MFFW,Milan,it Serie A,29-283,1996,3.6,166,7,15,86,70,28,166,8,1,12.5,6,75.0,109,849,455,18,8,6,11,4,133,22,Matches
1218,Sean Longstaff,eng ENG,MF,Leeds United,eng Premier League,28-003,1997,7.9,439,9,88,248,106,8,439,4,0,0.0,3,75.0,189,822,351,2,4,1,6,9,248,13,Matches
1219,Ademola Lookman,ng NGA,FWMF,Atalanta,it Serie A,28-013,1997,4.1,171,0,7,52,114,28,171,22,8,36.4,11,50.0,118,820,391,20,8,11,10,8,132,34,Matches
1220,Anthony Lopes,pt POR,GK,Nantes,fr Ligue 1,35-032,1990,10.0,459,394,453,6,1,1,459,1,1,100.0,0,0.0,294,1323,824,0,0,0,0,0,271,0,Matches
1221,David López,es ESP,DF,Mallorca,es La Liga,22-272,2003,0.7,29,5,22,7,0,0,29,0,0,,0,,12,40,7,0,0,0,0,0,13,0,Matches
1222,David López,es ESP,DF,Girona,es La Liga,36-024,1989,2.2,185,22,92,91,2,1,185,1,1,100.0,0,0.0,128,869,614,4,0,0,1,0,129,0,Matches
1223,Diego López,es ESP,MFFW,Valencia,es La Liga,23-173,2002,8.9,286,11,36,135,117,21,286,17,3,17.6,9,52.9,164,1044,509,19,12,2,18,9,198,41,Matches
1224,Fer López,es ESP,MFFW,Wolves,eng Premier League,21-162,2004,1.3,90,1,8,44,38,5,90,5,2,40.0,3,60.0,51,314,160,5,3,1,6,3,65,10,Matches
1225,Fermin López,es ESP,MFFW,Barcelona,es La Liga,22-175,2003,3.7,208,1,14,78,120,19,208,16,11,68.8,5,31.3,135,701,424,13,8,7,10,6,170,28,Matches
1226,Javi López,es ESP,DF,Oviedo,es La Liga,23-222,2002,1.5,70,4,33,26,12,1,70,1,1,100.0,0,0.0,42,174,75,1,0,0,4,1,42,6,Matches
1227,Julien López,dz ALG,FWMF,Paris FC,fr Ligue 1,33-246,1992,0.3,10,0,1,4,5,0,10,1,0,0.0,1,100.0,6,17,9,0,0,0,0,1,8,3,Matches
1228,Maxime Lopez,fr FRA,MF,Paris FC,fr Ligue 1,27-333,1997,11.0,1025,21,197,593,244,17,1025,15,3,20.0,12,80.0,582,2867,1300,36,22,8,11,7,842,37,Matches
1229,Pau López,es ESP,GK,Betis,es La Liga,30-324,1994,7.0,235,201,233,2,0,0,235,0,0,,0,,143,438,178,0,0,0,0,0,114,0,Matches
1230,Unai López,es ESP,MF,Rayo Vallecano,es La Liga,30-003,1995,6.3,476,16,113,294,75,3,476,7,5,71.4,2,28.6,228,1025,500,6,5,1,6,4,335,11,Matches
1231,Dachi Lordkipanidze,ge GEO,MF,Cremonese,it Serie A,20-239,2005,0.3,12,0,3,6,3,0,12,0,0,,0,,4,9,0,0,0,0,0,2,5,1,Matches
1232,Lorran,br BRA,MF,Pisa,it Serie A,19-121,2006,0.1,12,0,1,7,5,1,12,1,0,0.0,1,100.0,6,16,8,0,1,0,1,0,8,1,Matches
1233,Iker Losada,es ESP,MFFW,Levante,es La Liga,24-093,2001,0.4,20,0,4,9,7,0,20,1,1,100.0,0,0.0,13,32,4,0,0,0,0,0,12,3,Matches
1234,Tom Louchet,fr FRA,DFMF,Nice,fr Ligue 1,22-182,2003,5.3,264,25,74,124,67,4,264,6,3,50.0,3,50.0,123,484,215,3,2,1,7,4,148,22,Matches
1235,Marius Louer,fr FRA,DF,Angers,fr Ligue 1,18-236,2007,0.1,16,0,2,6,8,0,16,0,0,,0,,11,37,28,0,0,0,1,0,9,2,Matches
1236,Sandi Lovrić,si SVN,MF,Udinese,it Serie A,27-219,1998,1.2,84,1,10,51,24,2,84,1,0,0.0,1,100.0,45,214,96,3,3,1,2,2,57,6,Matches
1237,Pol Lozano,es ESP,MF,Espanyol,es La Liga,26-027,1999,8.5,376,10,56,252,71,0,376,4,0,0.0,3,75.0,209,855,398,4,6,0,6,5,250,3,Matches
1238,Sergio Lozano,es ESP,MF,Levante,es La Liga,26-223,1999,0.1,12,1,6,3,3,0,12,2,0,0.0,2,100.0,5,7,4,0,0,0,0,0,6,1,Matches
1239,Lorenzo Lucca,it ITA,FW,Napoli,it Serie A,25-053,2000,3.9,96,1,6,36,54,17,96,5,4,80.0,1,20.0,66,312,129,6,1,3,14,8,82,26,Matches
1240,Jhon Lucumí,co COL,DF,Bologna,it Serie A,27-129,1998,6.6,502,43,238,253,13,3,502,2,2,100.0,0,0.0,306,1392,680,3,5,0,3,3,349,1,Matches
1241,Oier Luengo,es ESP,DF,Oviedo,es La Liga,27-356,1997,1.5,62,7,48,13,1,1,62,0,0,,0,,39,132,57,0,0,0,0,0,47,0,Matches
1242,Florentino Luís,pt POR,MF,Burnley,eng Premier League,26-075,1999,6.3,330,24,112,175,45,2,330,7,2,28.6,5,71.4,176,590,282,2,2,0,2,4,200,4,Matches
1243,José Luis Gayà,es ESP,DF,Valencia,es La Liga,30-161,1995,7.4,383,31,133,162,90,7,383,5,2,40.0,3,60.0,186,848,457,16,9,2,4,3,227,36,Matches
1244,José Luis Morales,es ESP,MFFW,Levante,es La Liga,38-102,1987,2.4,103,4,18,36,52,10,102,12,7,58.3,4,33.3,56,298,156,7,3,5,7,5,69,16,Matches
1245,Douglas Luiz,br BRA,MF,Nott'ham Forest,eng Premier League,27-177,1998,2.1,138,2,28,79,31,4,138,3,0,0.0,3,100.0,78,411,199,4,3,0,4,1,90,6,Matches
1246,Castello Lukeba,fr FRA,DF,RB Leipzig,de Bundesliga,22-320,2002,9.0,711,152,399,291,26,7,711,13,8,61.5,4,30.8,414,1842,974,6,2,1,5,1,447,3,Matches
1247,Dodi Lukebakio,be BEL,FWMF,Sevilla,es La Liga,28-039,1997,2.0,103,0,2,51,51,8,103,4,1,25.0,2,50.0,71,386,161,4,5,3,10,2,90,18,Matches
1248,Saša Lukić,rs SRB,MF,Fulham,eng Premier League,29-081,1996,7.0,337,21,66,164,112,13,337,4,1,25.0,1,25.0,173,868,472,14,9,1,5,4,192,21,Matches
1249,Kristoffer Lund,us USA,DF,Köln,de Bundesliga,23-172,2002,5.3,287,27,101,138,49,0,287,7,5,71.4,2,28.6,121,594,314,7,3,0,10,3,149,13,Matches
1250,Sebastiano Luperto,it ITA,DF,Cagliari,it Serie A,29-057,1996,6.0,281,61,188,87,7,4,281,0,0,,0,,148,659,327,3,2,0,1,0,168,0,Matches
1251,Mateus Lusuardi,br BRA,DF,Pisa,it Serie A,21-298,2004,2.2,106,26,57,44,6,4,106,2,1,50.0,1,50.0,47,235,150,1,0,0,1,0,59,0,Matches
1252,Zito Luvumbo,ao ANG,MFFW,Cagliari,it Serie A,23-238,2002,1.7,55,0,4,24,28,8,55,9,1,11.1,4,44.4,35,254,126,6,0,4,5,3,39,16,Matches
1253,Charalampos Lykogiannis,gr GRE,DF,Bologna,it Serie A,32-011,1993,3.9,290,10,71,142,78,6,290,4,3,75.0,1,25.0,129,452,165,4,3,2,8,3,160,17,Matches
1254,Senne Lynen,be BEL,MF,Werder Bremen,de Bundesliga,26-256,1999,7.8,466,40,176,259,37,1,466,3,1,33.3,2,66.7,218,754,313,1,4,0,9,2,257,4,Matches
1255,Mathias Løvik,no NOR,DF,Parma,it Serie A,21-331,2003,3.4,145,11,34,57,55,5,145,9,2,22.2,5,55.6,71,330,155,7,0,1,4,0,83,14,Matches
1256,Ian Maatsen,nl NED,DF,Aston Villa,eng Premier League,23-237,2002,2.0,186,8,36,74,76,8,186,1,0,0.0,0,0.0,107,493,269,8,6,0,3,2,119,17,Matches
1257,Alexis Mac Allister,ar ARG,MF,Liverpool,eng Premier League,26-313,1998,6.3,394,9,63,234,101,7,394,6,0,0.0,6,100.0,244,1063,572,13,9,2,8,5,275,18,Matches
1258,Deiver Machado,co COL,DF,Lens,fr Ligue 1,32-061,1993,3.0,153,7,44,69,42,7,153,4,2,50.0,2,50.0,71,380,203,7,6,1,4,5,94,15,Matches
1259,Koki Machida,jp JPN,DF,Hoffenheim,de Bundesliga,28-069,1997,0.5,43,5,17,25,1,1,43,0,0,,0,,23,73,33,0,0,0,0,0,30,0,Matches
1260,Lanroy Machine,fr FRA,FWMF,Angers,fr Ligue 1,20-020,2005,2.0,81,1,9,42,31,11,81,8,1,12.5,6,75.0,40,216,41,1,0,2,11,5,57,13,Matches
1261,Shuto Machino,jp JPN,FWMF,Gladbach,de Bundesliga,26-033,1999,4.3,137,5,14,69,55,18,137,3,0,0.0,3,100.0,62,274,83,4,3,3,15,3,89,13,Matches
1262,Brian Madjo,lu LUX,FW,Metz,fr Ligue 1,16-294,2009,1.7,32,1,5,19,8,6,32,1,0,0.0,1,100.0,18,95,37,2,1,0,7,2,23,1,Matches
1263,Noni Madueke,eng ENG,FW,Arsenal,eng Premier League,23-237,2002,3.4,159,1,15,35,110,29,159,17,7,41.2,7,41.2,88,629,419,18,3,11,10,4,101,44,Matches
1264,Pablo Maffeo,es ESP,DF,Mallorca,es La Liga,28-113,1997,5.3,318,28,119,140,68,1,318,12,9,75.0,3,25.0,151,772,349,5,9,0,5,4,158,22,Matches
1265,Gabriel Magalhães,br BRA,DF,Arsenal,eng Premier League,27-318,1997,10.0,757,94,317,390,51,13,757,2,1,50.0,1,50.0,449,1912,1153,6,8,0,5,0,553,1,Matches
1266,Soungoutou Magassa,fr FRA,MF,West Ham,eng Premier League,22-025,2003,1.9,107,8,40,51,16,0,107,2,1,50.0,1,50.0,50,208,105,1,0,0,2,1,60,3,Matches
1267,Hugo Magnetti,fr FRA,MF,Brest,fr Ligue 1,27-156,1998,8.6,397,18,140,201,59,2,397,4,4,100.0,0,0.0,223,857,308,1,5,0,8,5,245,5,Matches
1268,Frank Magri,cm CMR,FWMF,Toulouse,fr Ligue 1,26-059,1999,8.6,231,6,16,111,106,34,230,20,8,40.0,9,45.0,123,584,258,9,3,5,18,13,165,36,Matches
1269,Harry Maguire,eng ENG,DF,Manchester Utd,eng Premier League,32-242,1993,3.0,162,20,73,77,12,7,162,0,0,,0,,77,408,158,1,0,0,2,2,94,2,Matches
1270,Arne Maier,de GER,DF,Augsburg,de Bundesliga,26-298,1999,0.0,10,0,1,4,5,0,10,0,0,,0,,3,18,6,1,0,0,0,0,3,0,Matches
1271,Mike Maignan,fr FRA,GK,Milan,it Serie A,30-122,1995,7.6,301,215,299,2,0,0,301,1,1,100.0,0,0.0,198,1009,654,0,0,0,0,0,181,0,Matches
1272,Linton Maina,de GER,DFMF,Köln,de Bundesliga,26-132,1999,1.5,58,1,8,20,31,5,58,1,1,100.0,0,0.0,37,367,226,7,3,2,3,1,42,8,Matches
1273,Patrick Mainka,de GER,DF,Heidenheim,de Bundesliga,30-361,1994,9.0,489,68,249,219,28,12,489,2,2,100.0,0,0.0,200,996,642,2,2,0,2,0,253,4,Matches
1274,Kobbie Mainoo,eng ENG,MF,Manchester Utd,eng Premier League,20-197,2005,1.6,109,2,13,65,32,1,109,6,2,33.3,3,50.0,53,330,187,5,2,0,4,3,64,4,Matches
1275,Ainsley Maitland-Niles,eng ENG,DF,Lyon,fr Ligue 1,28-065,1997,10.0,600,30,201,259,149,14,599,12,5,41.7,7,58.3,328,1295,698,11,11,4,9,5,371,47,Matches
1276,Radosław Majecki,pl POL,GK,Brest,fr Ligue 1,25-351,1999,7.6,273,232,272,1,0,0,273,0,0,,0,,141,806,526,0,0,0,0,0,125,0,Matches
1277,Lovro Majer,hr CRO,MF,Wolfsburg,de Bundesliga,27-289,1998,3.5,163,7,34,79,53,5,163,6,2,33.3,4,66.7,113,713,337,9,5,2,8,4,120,11,Matches
1278,Hamidou Makalou,ml MLI,MFFW,Brest,fr Ligue 1,19-110,2006,1.5,72,0,9,36,29,1,72,2,0,0.0,2,100.0,40,198,66,1,3,0,2,3,45,7,Matches
1279,Jean-Victor Makengo,fr FRA,MF,Lorient,fr Ligue 1,27-143,1998,3.8,168,1,27,71,72,14,168,9,2,22.2,6,66.7,112,750,365,12,6,3,6,5,134,17,Matches
1280,Jordy Makengo,fr FRA,DF,Freiburg,de Bundesliga,24-091,2001,5.9,319,18,107,151,62,1,319,7,3,42.9,4,57.1,160,981,442,15,7,0,8,3,190,16,Matches
1281,Andrija Maksimović,rs SRB,MFFW,RB Leipzig,de Bundesliga,18-150,2007,0.3,15,1,3,11,1,1,15,0,0,,0,,9,72,37,1,0,0,0,0,14,1,Matches
1282,Said El Mala,de GER,FWMF,Köln,de Bundesliga,19-068,2006,3.6,163,1,15,39,112,32,163,31,13,41.9,18,58.1,99,879,352,12,8,15,16,9,109,29,Matches
1283,Julián Malatini,ar ARG,DF,Werder Bremen,de Bundesliga,24-155,2001,1.0,50,7,20,25,5,2,50,2,1,50.0,1,50.0,22,89,33,1,0,1,2,1,26,3,Matches
1284,Daniel Maldini,it ITA,MF,Atalanta,it Serie A,24-022,2001,2.0,91,1,6,33,54,10,91,15,8,53.3,6,40.0,55,332,181,8,6,2,5,2,60,11,Matches
1285,Youssef Maleh,ma MAR,MF,Lecce,it Serie A,27-072,1998,0.3,25,1,3,7,15,1,25,0,0,,0,,14,53,13,0,1,0,1,0,16,5,Matches
1286,Donyell Malen,nl NED,FW,Aston Villa,eng Premier League,26-297,1999,3.7,97,2,7,32,59,16,97,13,3,23.1,8,61.5,56,372,130,8,2,2,4,8,65,18,Matches
1287,Ruslan Malinovskyi,ua UKR,MF,Genoa,it Serie A,32-182,1993,6.1,356,2,40,207,111,4,356,10,6,60.0,4,40.0,208,1050,399,8,8,2,10,10,248,15,Matches
1288,Lennard Maloney,us USA,DFMF,Mainz 05,de Bundesliga,26-025,1999,1.5,64,3,24,31,9,1,64,0,0,,0,,30,104,35,0,0,0,0,0,35,1,Matches
1289,Pape Mamadou Sy,sn SEN,GK,Metz,fr Ligue 1,28-184,1997,0.8,36,31,36,0,0,0,36,0,0,,0,,16,68,41,0,0,0,0,0,12,0,Matches
1290,Giorgi Mamardashvili,ge GEO,GK,Liverpool,eng Premier League,25-034,2000,4.0,183,135,179,4,0,0,183,0,0,,0,,119,477,266,0,0,0,1,0,104,0,Matches
1291,Felix Mambimbi,ch SUI,MFFW,Le Havre,fr Ligue 1,24-288,2001,1.4,43,3,10,12,22,6,43,2,1,50.0,1,50.0,22,109,29,1,1,1,4,2,23,4,Matches
1292,Gianluca Mancini,it ITA,DF,Roma,it Serie A,29-199,1996,8.9,550,53,241,277,36,11,550,3,2,66.7,0,0.0,285,1417,914,9,4,0,4,2,337,5,Matches
1293,Reinildo Mandava,mz MOZ,DF,Sunderland,eng Premier League,31-285,1994,5.4,320,18,98,176,49,2,320,7,3,42.9,2,28.6,178,951,485,12,12,1,5,3,193,8,Matches
1294,Aïssa Mandi,dz ALG,DF,Lille,fr Ligue 1,34-011,1991,6.8,513,59,177,290,48,9,513,4,3,75.0,1,25.0,302,1661,887,9,6,2,0,0,336,3,Matches
1295,Rolando Mandragora,it ITA,MF,Fiorentina,it Serie A,28-126,1997,7.1,338,11,82,178,79,6,338,3,1,33.3,2,66.7,140,421,179,2,2,0,7,5,200,13,Matches
1296,Filippo Mane,it ITA,DF,Dortmund,de Bundesliga,20-239,2005,0.9,77,1,28,48,1,0,77,1,0,0.0,1,100.0,55,171,56,0,0,0,1,2,58,0,Matches
1297,Johan Manzambi,ch SUI,MF,Freiburg,de Bundesliga,20-019,2005,6.0,360,16,66,198,107,22,360,24,13,54.2,9,37.5,203,1478,637,17,19,6,21,7,240,27,Matches
1298,Sekou Mara,fr FRA,FW,Auxerre,fr Ligue 1,23-095,2002,4.2,118,2,4,65,52,10,118,11,4,36.4,5,45.5,67,340,102,5,4,1,10,2,86,13,Matches
1299,Alessandro Marcandalli,it ITA,DF,Genoa,it Serie A,23-008,2002,2.0,80,14,56,23,2,0,80,0,0,,0,,46,205,40,0,0,0,1,0,43,0,Matches
1300,Marcão,br BRA,DF,Sevilla,es La Liga,29-150,1996,7.2,392,41,194,185,15,11,392,2,1,50.0,0,0.0,227,1465,914,7,3,0,5,0,253,0,Matches
1301,Vincent Marchetti,fr FRA,MF,Paris FC,fr Ligue 1,28-121,1997,3.6,187,10,54,91,43,6,187,5,5,100.0,0,0.0,98,503,252,4,5,1,7,5,143,5,Matches
1302,Pablo Marí,es ESP,DF,Fiorentina,it Serie A,32-063,1993,5.1,301,58,176,117,8,2,301,1,0,0.0,1,100.0,147,546,236,0,2,1,0,0,163,0,Matches
1303,José María Giménez,uy URU,DF,Atlético Madrid,es La Liga,30-286,1995,3.0,197,25,96,98,3,3,197,0,0,,0,,101,336,214,0,0,0,1,0,126,0,Matches
1304,Mariano,do DOM,FW,Alavés,es La Liga,32-093,1993,2.5,63,3,5,19,39,5,63,2,1,50.0,1,50.0,29,171,104,2,3,1,9,4,48,10,Matches
1305,Luca Marianucci,it ITA,DF,Napoli,it Serie A,21-102,2004,1.0,107,6,18,83,6,0,107,0,0,,0,,62,193,128,0,0,0,0,0,91,1,Matches
1306,Rafa Marín ,es ESP,DF,Villarreal,es La Liga,23-167,2002,8.0,516,86,273,222,22,6,516,0,0,,0,,298,1043,540,2,4,0,2,0,342,0,Matches
1307,Marius Marin,ro ROU,MF,Pisa,it Serie A,27-064,1998,5.8,212,16,61,117,38,1,212,4,1,25.0,2,50.0,79,329,137,2,3,0,4,4,98,7,Matches
1308,Pablo Marín,es ESP,MF,Real Sociedad,es La Liga,22-122,2003,5.8,230,11,38,110,83,10,230,16,7,43.8,8,50.0,142,648,370,13,14,2,14,5,155,20,Matches
1309,João Mário Lopes,pt POR,DF,Juventus,it Serie A,25-303,2000,2.7,161,6,40,63,63,13,161,13,5,38.5,7,53.8,95,714,450,12,12,4,5,0,101,27,Matches
1310,Guillermo Maripán,cl CHI,DF,Torino,it Serie A,31-180,1994,7.5,387,72,219,148,22,12,387,1,1,100.0,0,0.0,149,589,199,0,2,0,0,4,187,2,Matches
1311,Omar Marmoush,eg EGY,FWMF,Manchester City,eng Premier League,26-268,1999,1.7,74,2,10,29,36,14,74,9,5,55.6,2,22.2,45,273,129,7,0,6,5,6,53,15,Matches
1312,Marquinhos,br BRA,DF,Paris S-G,fr Ligue 1,31-172,1994,3.3,329,12,69,230,32,2,329,1,1,100.0,0,0.0,200,1086,678,0,7,0,0,1,265,2,Matches
1313,Callum Marshall,nir NIR,FW,West Ham,eng Premier League,20-339,2004,0.7,12,0,1,7,5,1,12,2,1,50.0,1,50.0,4,31,12,0,0,0,3,2,4,0,Matches
1314,Eric Martel,de GER,MFDF,Köln,de Bundesliga,23-187,2002,7.6,439,70,182,210,49,7,439,1,1,100.0,0,0.0,203,788,232,1,4,0,2,7,242,6,Matches
1315,Aarón Martín,es ESP,DF,Genoa,it Serie A,28-194,1997,5.6,362,10,106,166,93,4,362,5,5,100.0,0,0.0,190,1008,362,7,7,0,6,7,203,20,Matches
1316,Gerard Martín,es ESP,DF,Barcelona,es La Liga,23-305,2002,4.2,360,10,90,168,106,2,360,7,4,57.1,2,28.6,188,682,314,5,12,0,3,1,241,34,Matches
1317,Iván Martín,es ESP,MF,Girona,es La Liga,26-261,1999,7.8,451,15,119,263,73,3,451,17,8,47.1,8,47.1,279,1592,637,11,12,0,7,11,322,16,Matches
1318,Jon Martin,es ESP,DF,Real Sociedad,es La Liga,19-193,2006,3.0,198,21,94,96,8,2,198,2,1,50.0,1,50.0,131,754,428,5,4,0,5,0,126,0,Matches
1319,Mario Martín,es ESP,MFFW,Getafe,es La Liga,21-242,2004,7.4,277,17,56,146,79,15,277,14,6,42.9,7,50.0,128,793,342,12,7,2,16,7,166,15,Matches
1320,Gabriel Martinelli,br BRA,FWMF,Arsenal,eng Premier League,24-137,2001,2.4,73,4,14,23,40,14,73,3,1,33.3,2,66.7,35,332,187,7,4,3,12,3,35,10,Matches
1321,Arnau Martinez,es ESP,DFMF,Girona,es La Liga,22-191,2003,6.6,444,33,199,193,56,12,444,6,4,66.7,2,33.3,232,1162,566,13,6,3,7,7,272,19,Matches
1322,Emiliano Martínez,ar ARG,GK,Aston Villa,eng Premier League,33-061,1992,8.0,351,290,348,3,0,0,351,0,0,,0,,215,823,517,0,0,0,0,0,198,0,Matches
1323,Josep Martinez,es ESP,GK,Inter,it Serie A,27-159,1998,2.0,73,49,71,2,0,0,73,0,0,,0,,26,162,82,0,0,0,0,0,44,0,Matches
1324,Lautaro Martínez,ar ARG,FW,Inter,it Serie A,28-072,1997,7.3,255,4,11,94,152,46,255,12,4,33.3,6,50.0,138,465,177,9,7,3,13,9,192,44,Matches
1325,Pablo Martínez,es ESP,MF,Levante,es La Liga,27-253,1998,5.8,261,22,66,123,76,9,261,9,6,66.7,3,33.3,124,666,369,8,8,4,3,8,144,12,Matches
1326,Ramón Martínez,es ESP,DF,Sevilla,es La Liga,23-011,2002,1.1,70,7,39,31,0,0,70,0,0,,0,,52,183,86,1,0,0,1,1,53,0,Matches
1327,Toni Martínez,es ESP,FW,Alavés,es La Liga,28-125,1997,7.2,220,8,21,105,96,28,220,13,4,30.8,5,38.5,102,355,123,3,3,0,16,6,155,28,Matches
1328,Adam Marušić,me MNE,DF,Lazio,it Serie A,33-016,1992,6.6,426,11,126,236,66,5,426,4,1,25.0,3,75.0,202,631,305,5,4,1,3,2,274,21,Matches
1329,Omar Mascarell,gq EQG,MF,Mallorca,es La Liga,32-273,1993,1.8,85,5,32,49,5,0,85,0,0,,0,,39,226,74,1,1,0,3,0,48,1,Matches
1330,Adam Masina,ma MAR,DF,Torino,it Serie A,31-304,1994,1.2,69,12,46,22,1,1,69,2,0,0.0,2,100.0,36,183,76,0,0,0,0,0,44,0,Matches
1331,Patrizio Masini,it ITA,MF,Genoa,it Serie A,24-279,2001,8.8,506,28,139,273,96,7,506,7,1,14.3,3,42.9,218,1133,520,11,9,0,14,8,243,11,Matches
1332,Han-Noah Massengo,fr FRA,MF,Augsburg,de Bundesliga,24-118,2001,8.5,472,23,101,281,93,6,472,18,9,50.0,7,38.9,255,1340,628,14,12,1,13,7,302,7,Matches
1333,Franco Mastantuono,ar ARG,FWDF,Real Madrid,es La Liga,18-080,2007,6.1,416,1,24,171,226,29,416,38,13,34.2,20,52.6,265,1626,485,7,9,4,24,13,323,69,Matches
1334,Arthur Masuaku,cd COD,DFMF,Sunderland,eng Premier League,31-360,1993,1.4,83,4,25,42,19,2,83,4,2,50.0,2,50.0,46,214,100,2,3,0,2,1,51,5,Matches
1335,Clinton Mata,ao ANG,DF,Lyon,fr Ligue 1,32-360,1992,9.8,748,105,371,350,32,1,748,3,1,33.3,2,66.7,462,2050,942,3,5,0,9,1,536,3,Matches
1336,Igor Matanovic,hr CRO,FW,Freiburg,de Bundesliga,22-216,2003,1.8,76,6,17,39,22,5,75,10,5,50.0,4,40.0,34,134,47,0,0,0,13,2,44,9,Matches
1337,Pape Matar Sarr,sn SEN,MF,Tottenham,eng Premier League,23-049,2002,5.4,262,16,68,130,68,12,262,7,3,42.9,3,42.9,127,740,304,5,8,2,8,5,166,22,Matches
1338,Jean-Philippe Mateta,fr FRA,FW,Crystal Palace,eng Premier League,28-127,1997,9.7,233,17,21,111,105,37,231,9,5,55.6,4,44.4,105,439,186,5,8,3,22,13,156,43,Matches
1339,Nemanja Matić,rs SRB,MF,Sassuolo,it Serie A,37-093,1988,7.9,483,23,124,294,66,12,483,9,2,22.2,5,55.6,256,1285,630,7,8,4,13,10,330,12,Matches
1340,Rudy Matondo,fr FRA,MF,Auxerre,fr Ligue 1,17-234,2008,1.2,89,1,13,55,21,3,89,1,1,100.0,0,0.0,50,237,84,1,2,0,3,2,61,4,Matches
1341,Chrislain Matsima,fr FRA,DF,Augsburg,de Bundesliga,23-171,2002,9.0,583,62,239,317,31,10,583,3,1,33.3,2,66.7,269,1204,549,2,0,0,6,2,340,2,Matches
1342,Jean Mattéo Bahoya,fr FRA,FW,Eint Frankfurt,de Bundesliga,20-179,2005,4.4,205,6,36,72,105,20,205,17,10,58.8,6,35.3,127,968,559,20,9,8,17,5,137,38,Matches
1343,Konstantinos Mavropanos,gr GRE,DF,West Ham,eng Premier League,27-326,1997,5.5,329,55,190,131,9,7,329,0,0,,0,,178,979,644,2,1,0,3,0,198,0,Matches
1344,Christian Mawissa,fr FRA,DF,Monaco,fr Ligue 1,20-198,2005,5.8,499,52,187,300,16,2,499,7,4,57.1,3,42.9,294,1500,785,4,5,0,4,2,355,2,Matches
1345,Eliezer Mayenda,es ESP,FW,Sunderland,eng Premier League,20-178,2005,2.9,48,2,9,20,23,8,48,7,3,42.9,4,57.1,26,185,92,3,4,2,5,8,32,8,Matches
1346,Borja Mayoral,es ESP,FW,Getafe,es La Liga,28-211,1997,6.2,182,6,12,98,72,17,182,6,4,66.7,1,16.7,94,353,78,0,1,0,13,13,144,20,Matches
1347,Senny Mayulu,fr FRA,MFFW,Paris S-G,fr Ligue 1,19-169,2006,5.5,328,1,27,128,176,28,328,15,6,40.0,8,53.3,206,1111,440,12,11,4,14,7,252,38,Matches
1348,Ibrahim Maza,dz ALG,MFDF,Leverkusen,de Bundesliga,19-343,2005,3.4,195,0,25,97,77,13,195,25,11,44.0,11,44.0,117,776,386,11,8,3,10,2,145,15,Matches
1349,Noussair Mazraoui,ma MAR,DF,Manchester Utd,eng Premier League,27-353,1997,1.6,135,7,33,67,36,2,135,6,4,66.7,1,16.7,62,330,224,7,3,0,1,1,77,13,Matches
1350,Luca Mazzitelli,it ITA,MF,Cagliari,it Serie A,29-352,1995,0.5,37,1,6,29,2,0,37,0,0,,0,,20,76,32,1,0,0,1,0,24,0,Matches
1351,Samuel Mbangula,be BEL,FW,Werder Bremen,de Bundesliga,21-290,2004,6.2,283,6,58,145,87,10,283,24,11,45.8,12,50.0,168,1155,527,15,16,4,13,12,198,22,Matches
1352,Ethan Mbappé,fr FRA,FW,Lille,fr Ligue 1,18-308,2006,0.4,38,0,1,16,21,7,38,3,0,0.0,3,100.0,26,86,45,2,1,1,0,1,32,6,Matches
1353,Kylian Mbappé,fr FRA,FW,Real Madrid,es La Liga,26-317,1998,10.6,563,0,6,164,399,84,559,58,28,48.3,21,36.2,367,2266,1289,46,31,22,18,11,471,104,Matches
1354,Ibrahim Mbaye,fr FRA,FW,Paris S-G,fr Ligue 1,17-282,2008,4.8,353,1,13,131,212,25,353,25,9,36.0,14,56.0,247,1373,582,26,12,13,20,5,295,73,Matches
1355,Chancel Mbemba,cd COD,DF,Lille,fr Ligue 1,31-086,1994,3.5,264,17,118,138,9,4,264,2,1,50.0,1,50.0,155,816,541,2,0,1,2,3,182,1,Matches
1356,Bryan Mbeumo,cm CMR,MF,Manchester Utd,eng Premier League,26-087,1999,9.6,456,2,30,177,252,46,456,20,8,40.0,10,50.0,242,1423,740,28,18,11,34,13,312,92,Matches
1357,Michel Mboula,ga GAB,DF,Metz,fr Ligue 1,22-186,2003,1.9,114,7,46,56,13,0,114,5,2,40.0,2,40.0,62,288,132,1,0,0,1,0,76,3,Matches
1358,Pathé Mboup,sn SEN,FW,Brest,fr Ligue 1,22-068,2003,3.3,104,2,28,39,40,9,104,12,4,33.3,6,50.0,77,556,215,7,5,1,15,9,77,14,Matches
1359,Moustapha Mbow,sn SEN,DF,Paris FC,fr Ligue 1,25-239,2000,10.0,694,77,356,324,19,9,694,2,2,100.0,0,0.0,405,1932,1071,1,4,0,4,2,484,1,Matches
1360,James Mcatee,eng ENG,MFFW,Nott'ham Forest,eng Premier League,23-015,2002,1.4,77,1,10,35,34,2,77,3,2,66.7,1,33.3,45,324,202,4,5,1,1,3,56,8,Matches
1361,John McGinn,sct SCO,FWMF,Aston Villa,eng Premier League,31-015,1994,8.5,392,15,63,183,149,9,392,15,4,26.7,8,53.3,217,1113,427,11,11,3,15,12,269,25,Matches
1362,Weston McKennie,us USA,MFDF,Juventus,it Serie A,27-066,1998,5.2,267,5,36,135,97,22,267,2,1,50.0,1,50.0,111,655,397,12,9,3,6,3,175,25,Matches
1363,Mark McKenzie,us USA,DF,Toulouse,fr Ligue 1,26-250,1999,9.3,524,49,194,282,52,3,524,0,0,,0,,224,856,523,6,2,0,3,0,278,10,Matches
1364,Dwight McNeil,eng ENG,FWMF,Everton,eng Premier League,25-345,1999,0.3,11,0,0,3,8,2,11,1,0,0.0,1,100.0,9,35,7,0,1,0,0,0,10,2,Matches
1365,Scott McTominay,sct SCO,MF,Napoli,it Serie A,28-329,1996,8.1,326,14,61,155,114,27,326,16,7,43.8,8,50.0,189,830,371,9,11,5,14,21,244,47,Matches
1366,Facundo Medina,ar ARG,DF,Marseille,fr Ligue 1,26-158,1999,1.6,148,4,30,86,33,1,148,0,0,,0,,120,359,195,3,5,0,3,1,125,3,Matches
1367,Jonas Meffert,de GER,MF,Hamburger SV,de Bundesliga,31-059,1994,0.9,53,3,25,17,11,0,53,0,0,,0,,26,87,37,0,0,0,0,0,35,1,Matches
1368,Henrik Meister,dk DEN,FW,Pisa,it Serie A,21-350,2003,4.5,82,2,6,44,32,9,82,11,4,36.4,7,63.6,45,257,64,3,3,1,16,6,61,19,Matches
1369,Bamo Meïté,ci CIV,DF,Lorient,fr Ligue 1,23-334,2001,5.5,371,23,150,194,28,4,371,5,3,60.0,1,20.0,212,907,455,8,6,0,8,1,251,4,Matches
1370,Mohamed Meité,fr FRA,FWDF,Rennes,fr Ligue 1,18-022,2007,2.8,85,9,11,24,51,19,85,7,4,57.1,3,42.9,42,289,116,5,3,0,6,5,63,20,Matches
1371,Hannibal Mejbri,tn TUN,MF,Burnley,eng Premier League,22-285,2003,3.0,126,3,14,58,58,4,126,11,7,63.6,3,27.3,69,382,225,7,5,1,6,9,75,9,Matches
1372,Cléo Melieres,fr FRA,DF,Metz,fr Ligue 1,20-203,2005,0.3,20,2,7,6,7,0,20,0,0,,0,,13,50,17,0,0,0,0,0,13,3,Matches
1373,Nuno Mendes,pt POR,DF,Paris S-G,fr Ligue 1,23-136,2002,5.4,512,13,78,235,208,19,512,26,8,30.8,17,65.4,291,1561,873,23,16,3,16,7,366,48,Matches
1374,Brais Méndez,es ESP,MF,Real Sociedad,es La Liga,28-299,1997,6.5,363,2,26,205,136,14,363,18,6,33.3,11,61.1,199,785,382,13,8,5,17,5,254,30,Matches
1375,Rodrigo Mendoza,es ESP,MFFW,Elche,es La Liga,20-232,2005,4.6,267,5,34,135,104,14,267,16,9,56.3,7,43.8,168,818,377,12,6,4,12,9,209,34,Matches
1376,Antoine Mendy,sn SEN,DF,Nice,fr Ligue 1,21-159,2004,8.7,566,88,291,243,35,3,566,5,3,60.0,2,40.0,278,1444,843,5,6,2,3,4,307,5,Matches
1377,Batista Mendy,fr FRA,MF,Sevilla,es La Liga,25-294,2000,5.5,221,11,60,122,39,6,221,4,2,50.0,0,0.0,120,531,207,5,2,1,7,10,139,5,Matches
1378,Formose Mendy,sn SEN,DF,Lorient,fr Ligue 1,24-304,2001,1.5,120,9,43,75,2,1,120,1,0,0.0,0,0.0,59,273,185,2,1,0,2,0,72,0,Matches
1379,Nobel Mendy,fr FRA,DF,Rayo Vallecano,es La Liga,21-060,2004,2.9,187,37,107,77,4,2,187,3,2,66.7,1,33.3,94,316,108,0,1,0,1,0,107,2,Matches
1380,Gideon Mensah,gh GHA,DF,Auxerre,fr Ligue 1,27-107,1998,9.4,577,27,169,279,137,2,577,10,8,80.0,2,20.0,305,1298,541,12,10,1,9,7,318,20,Matches
1381,Khalis Merah,fr FRA,FWMF,Lyon,fr Ligue 1,18-251,2007,3.6,165,4,29,77,61,9,165,4,2,50.0,1,25.0,109,703,404,10,9,0,12,2,135,12,Matches
1382,Alex Meret,it ITA,GK,Napoli,it Serie A,28-225,1997,4.0,115,94,113,2,0,0,115,0,0,,0,,62,266,154,0,0,0,0,0,58,0,Matches
1383,Mikel Merino,es ESP,MFFW,Arsenal,eng Premier League,29-133,1996,3.6,171,9,38,84,53,7,171,3,2,66.7,0,0.0,95,423,205,6,3,0,8,6,111,13,Matches
1384,Quentin Merlin,fr FRA,DF,Rennes,fr Ligue 1,23-170,2002,8.6,596,26,150,241,214,17,596,13,6,46.2,7,53.8,285,1604,856,19,10,6,8,11,379,67,Matches
1385,Rafik Messali,fr FRA,MF,Toulouse,fr Ligue 1,22-188,2003,0.2,5,1,3,0,2,0,5,0,0,,0,,1,3,0,0,0,0,0,0,2,0,Matches
1386,Junior Messias,br BRA,FWMF,Genoa,it Serie A,34-173,1991,0.7,37,0,9,12,17,1,37,7,5,71.4,2,28.6,23,123,29,0,1,0,4,1,23,4,Matches
1387,Connor Metcalfe,au AUS,MF,St. Pauli,de Bundesliga,25-362,1999,1.6,112,1,4,41,69,6,112,7,4,57.1,3,42.9,68,340,183,5,7,0,3,3,85,23,Matches
1388,Dayann Methalie,fr FRA,MFDF,Toulouse,fr Ligue 1,19-260,2006,7.7,331,17,102,143,95,17,331,29,12,41.4,17,58.6,161,1001,506,17,11,8,21,8,155,35,Matches
1389,Karol Mets,ee EST,DF,St. Pauli,de Bundesliga,32-170,1993,2.1,187,19,75,96,16,0,187,0,0,,0,,104,537,327,5,4,0,1,0,133,0,Matches
1390,Thomas Meunier,be BEL,DF,Lille,fr Ligue 1,34-051,1991,5.8,359,17,65,171,128,11,359,3,1,33.3,2,66.7,207,1090,568,9,15,2,4,4,229,31,Matches
1391,Georges Mikautadze,ge GEO,FW,Villarreal,es La Liga,25-002,2000,4.8,129,1,13,43,76,32,129,14,5,35.7,8,57.1,73,425,211,9,2,9,14,7,96,29,Matches
1392,Georges Mikautadze,ge GEO,FW,Lyon,fr Ligue 1,25-002,2000,2.0,50,0,6,22,22,10,50,7,5,71.4,2,28.6,35,265,157,7,0,3,3,3,38,8,Matches
1393,Wisdom Mike,de GER,FW,Bayern Munich,de Bundesliga,17-039,2008,0.1,6,0,1,1,4,1,6,0,0,,0,,6,48,42,0,0,0,0,0,5,1,Matches
1394,William Mikelbrencis,fr FRA,MFDF,Hamburger SV,de Bundesliga,21-250,2004,3.1,190,6,52,64,75,6,190,3,2,66.7,1,33.3,87,561,351,14,8,2,9,2,96,23,Matches
1395,Antoni Milambo,nl NED,MF,Brentford,eng Premier League,20-213,2005,0.5,19,1,6,10,4,0,19,0,0,,0,,5,32,30,1,2,0,1,0,8,1,Matches
1396,Nikola Milenković,rs SRB,DF,Nott'ham Forest,eng Premier League,28-021,1997,10.0,600,80,301,269,32,11,600,1,1,100.0,0,0.0,337,1489,834,5,4,0,3,1,413,0,Matches
1397,Lewis Miley,eng ENG,MF,Newcastle Utd,eng Premier League,19-185,2006,3.0,187,6,42,108,38,4,187,1,1,100.0,0,0.0,124,441,177,2,2,0,2,2,131,9,Matches
1398,Vanja Milinković-Savić,rs SRB,GK,Napoli,it Serie A,28-255,1997,6.0,243,181,239,4,0,0,243,0,0,,0,,141,645,387,0,0,0,0,0,143,0,Matches
1399,Éder Militão,br BRA,DF,Real Madrid,es La Liga,27-288,1998,8.5,608,60,218,358,32,15,608,3,0,0.0,2,66.7,341,1590,833,3,1,0,5,1,418,1,Matches
1400,Luis Milla,es ESP,MF,Getafe,es La Liga,31-026,1994,11.0,595,20,97,345,161,2,595,12,6,50.0,6,50.0,207,1037,460,10,6,1,8,9,292,18,Matches
1401,Pere Milla,es ESP,MFFW,Espanyol,es La Liga,33-040,1992,5.8,241,3,28,100,116,27,241,4,2,50.0,2,50.0,110,560,292,12,7,1,12,8,153,26,Matches
1402,Lennon Miller,sct SCO,MF,Udinese,it Serie A,19-069,2006,0.9,28,0,2,12,14,3,28,3,1,33.3,1,33.3,14,48,15,0,0,0,1,1,15,2,Matches
1403,James Milner,eng ENG,MF,Brighton,eng Premier League,39-302,1986,2.1,129,7,40,68,21,1,128,1,0,0.0,1,100.0,62,224,110,2,2,0,2,2,77,5,Matches
1404,Veljko Milosavljević,rs SRB,DF,Bournemouth,eng Premier League,18-127,2007,2.1,114,12,58,50,6,3,114,0,0,,0,,70,449,254,0,0,0,0,0,71,0,Matches
1405,Kim Min-jae,kr KOR,DF,Bayern Munich,de Bundesliga,28-352,1996,3.0,263,28,95,144,26,2,263,0,0,,0,,186,861,472,4,8,1,1,0,187,1,Matches
1406,Yerry Mina,co COL,DF,Cagliari,it Serie A,31-040,1994,6.0,346,60,224,110,12,5,346,1,0,0.0,1,100.0,214,886,505,6,2,0,3,1,217,0,Matches
1407,Takumi Minamino,jp JPN,MFFW,Monaco,fr Ligue 1,30-290,1995,7.4,299,6,33,143,123,28,299,8,4,50.0,4,50.0,173,868,377,16,10,5,13,6,210,37,Matches
1408,Tyrone Mings,eng ENG,DF,Aston Villa,eng Premier League,32-234,1993,5.5,403,70,177,203,26,7,403,3,2,66.7,1,33.3,249,1373,744,1,5,0,1,1,260,3,Matches
1409,Óscar Mingueza,es ESP,DFMF,Celta Vigo,es La Liga,26-173,1999,5.9,492,18,126,181,186,9,492,8,3,37.5,4,50.0,253,1203,657,9,12,2,8,3,331,34,Matches
1410,Yankuba Minteh,gm GAM,FW,Brighton,eng Premier League,21-103,2004,9.5,390,5,45,129,226,58,390,46,26,56.5,18,39.1,246,2002,1201,50,15,32,26,11,249,90,Matches
1411,Bojan Miovski,mk MKD,FW,Girona,es La Liga,26-131,1999,0.5,4,0,0,2,2,1,4,1,0,0.0,1,100.0,0,0,0,0,0,0,0,0,0,0,Matches
1412,Rafa Mir,es ESP,FWMF,Elche,es La Liga,28-137,1997,7.5,236,6,28,105,104,27,235,11,3,27.3,8,72.7,145,637,251,7,7,5,15,10,195,36,Matches
1413,Juan Miranda,es ESP,DF,Bologna,it Serie A,25-287,2000,5.1,381,8,99,166,122,3,381,5,2,40.0,2,40.0,172,733,368,11,8,1,6,2,219,30,Matches
1414,Tyrick Mitchell,eng ENG,DF,Crystal Palace,eng Premier League,26-062,1999,10.0,550,34,182,232,146,19,550,14,2,14.3,9,64.3,235,1333,773,25,17,2,12,9,269,64,Matches
1415,Kaoru Mitoma,jp JPN,FW,Brighton,eng Premier League,28-166,1997,5.6,198,8,24,65,109,13,198,21,8,38.1,11,52.4,123,722,430,13,10,3,12,10,129,37,Matches
1416,Maximilian Mittelstädt,de GER,DF,Stuttgart,de Bundesliga,28-229,1997,6.4,529,20,119,277,135,8,529,3,2,66.7,1,33.3,294,1273,572,10,11,1,4,4,338,26,Matches
1417,Henrikh Mkhitaryan,am ARM,MF,Inter,it Serie A,36-285,1989,5.4,345,5,57,156,137,17,345,10,7,70.0,2,20.0,167,882,507,15,15,3,10,5,235,30,Matches
1418,Rui Modesto,ao ANG,MFDF,Udinese,it Serie A,26-026,1999,0.5,16,1,1,2,13,2,16,1,0,0.0,1,100.0,11,69,20,1,1,0,0,0,10,1,Matches
1419,Luka Modrić,hr CRO,MF,Milan,it Serie A,40-054,1985,8.7,719,26,146,444,142,4,719,14,6,42.9,6,42.9,450,2231,1028,12,14,1,4,5,508,10,Matches
1420,Max Moerstedt,de GER,FWMF,Hoffenheim,de Bundesliga,19-291,2006,1.1,41,3,8,15,18,6,41,0,0,,0,,13,72,25,1,0,1,4,2,26,8,Matches
1421,Terem Moffi,ng NGA,FW,Nice,fr Ligue 1,26-161,1999,3.5,84,1,5,33,46,17,84,6,2,33.3,3,50.0,47,279,90,3,3,2,9,3,63,17,Matches
1422,Mostafa Mohamed,eg EGY,FW,Nantes,fr Ligue 1,27-339,1997,6.6,159,7,33,81,46,15,159,12,3,25.0,8,66.7,80,383,116,5,4,1,19,11,97,12,Matches
1423,Johan Mojica,co COL,DF,Mallorca,es La Liga,33-073,1992,7.6,545,46,179,230,139,6,545,13,5,38.5,6,46.2,288,1296,584,19,13,2,17,9,308,38,Matches
1424,Enzo Molebe,fr FRA,FW,Lyon,fr Ligue 1,18-045,2007,0.1,5,0,0,3,2,0,5,0,0,,0,,4,36,3,1,0,0,0,0,5,0,Matches
1425,Alberto Moleiro,es ESP,MFFW,Villarreal,es La Liga,22-033,2003,6.6,258,3,27,129,109,24,258,21,12,57.1,7,33.3,172,1110,723,29,15,4,16,8,194,38,Matches
1426,Nahuel Molina,ar ARG,DF,Atlético Madrid,es La Liga,27-210,1998,1.4,104,2,31,39,34,3,104,4,0,0.0,4,100.0,52,244,121,3,2,0,3,1,62,15,Matches
1427,Jon Moncayola,es ESP,MFDF,Osasuna,es La Liga,27-173,1998,9.8,631,16,140,339,159,3,631,4,3,75.0,0,0.0,329,1253,677,9,19,2,10,4,398,23,Matches
1428,Lorenzo Montipò,it ITA,GK,Hellas Verona,it Serie A,29-255,1996,9.0,277,216,274,3,0,0,277,0,0,,0,,149,965,511,0,0,0,0,0,103,0,Matches
1429,Álvaro Morata,es ESP,FW,Como,it Serie A,33-010,1992,5.2,188,3,11,104,76,17,187,4,2,50.0,1,25.0,90,378,148,4,0,1,8,8,144,30,Matches
1430,Morato,br BRA,DF,Nott'ham Forest,eng Premier League,24-125,2001,4.8,347,70,199,142,9,1,347,2,2,100.0,0,0.0,193,739,417,1,2,0,4,0,232,0,Matches
1431,Afonso Moreira,pt POR,FW,Lyon,fr Ligue 1,20-228,2005,1.8,77,0,7,28,47,7,77,12,4,33.3,7,58.3,58,474,264,8,4,5,6,4,59,26,Matches
1432,Diego Moreira,be BEL,DFFW,Strasbourg,fr Ligue 1,21-088,2004,7.4,417,22,94,179,147,15,417,23,6,26.1,17,73.9,249,1194,585,22,12,4,9,8,299,61,Matches
1433,Alberto Moreno,es ESP,DF,Como,it Serie A,33-120,1992,1.7,109,4,28,57,25,1,109,2,0,0.0,2,100.0,60,176,56,2,2,1,1,0,67,5,Matches
1434,Álex Moreno,es ESP,DFMF,Girona,es La Liga,32-147,1993,9.5,503,46,175,176,157,17,503,23,11,47.8,12,52.2,256,1796,1102,34,24,7,16,1,268,51,Matches
1435,Gerard Moreno,es ESP,FW,Villarreal,es La Liga,33-209,1992,2.6,142,1,15,67,63,15,141,10,5,50.0,4,40.0,93,533,292,10,6,1,5,2,110,13,Matches
1436,Matias Moreno,ar ARG,DF,Levante,es La Liga,22-039,2003,5.7,293,42,150,132,15,6,293,1,1,100.0,0,0.0,148,842,527,6,4,0,2,0,184,1,Matches
1437,Tete Morente,es ESP,FWMF,Lecce,it Serie A,28-333,1996,6.0,270,9,30,113,133,14,270,21,7,33.3,12,57.1,141,804,328,16,8,3,13,9,178,42,Matches
1438,Stefano Moreo,it ITA,FWMF,Pisa,it Serie A,32-125,1993,4.0,134,9,26,63,48,11,134,4,2,50.0,2,50.0,66,343,87,4,3,1,12,0,87,18,Matches
1439,Mateu Morey,es ESP,DF,Mallorca,es La Liga,25-245,2000,4.9,224,15,71,93,62,4,224,6,4,66.7,2,33.3,110,492,205,4,5,0,7,2,120,17,Matches
1440,Ilaix Moriba,gn GUI,MF,Celta Vigo,es La Liga,22-287,2003,7.0,381,16,79,215,89,13,381,10,2,20.0,7,70.0,196,942,402,7,6,3,12,6,275,20,Matches
1441,Manu Morlanes,es ESP,MF,Mallorca,es La Liga,26-294,1999,6.9,361,24,89,223,59,6,361,6,4,66.7,2,33.3,189,994,593,8,11,2,6,5,219,11,Matches
1442,Luca Moro,it ITA,FW,Sassuolo,it Serie A,24-281,2001,0.2,10,0,0,4,6,3,10,0,0,,0,,5,9,8,0,0,0,2,0,9,2,Matches
1443,Nikola Moro,hr CRO,MF,Bologna,it Serie A,27-235,1998,4.3,342,10,60,218,65,1,342,4,2,50.0,2,50.0,181,917,359,1,6,0,2,1,240,8,Matches
1444,Tyler Morton,eng ENG,MF,Lyon,fr Ligue 1,23-002,2002,8.7,574,30,128,304,147,9,574,9,6,66.7,3,33.3,314,1781,802,17,8,1,12,4,356,6,Matches
1445,Daren Mosengo,fr FRA,MF,Le Havre,fr Ligue 1,19-083,2006,0.1,10,0,5,4,1,0,10,0,0,,0,,1,3,3,0,0,0,1,0,4,0,Matches
1446,Cristhian Mosquera,es ESP,DF,Arsenal,eng Premier League,21-128,2004,3.3,231,14,106,117,9,4,231,1,0,0.0,1,100.0,148,777,452,2,1,0,2,0,156,1,Matches
1447,Daniel Mosquera,co COL,FW,Hellas Verona,it Serie A,26-013,1999,0.8,27,1,3,11,13,5,27,0,0,,0,,13,38,20,1,1,1,3,2,22,8,Matches
1448,Yerson Mosquera,co COL,DF,Wolves,eng Premier League,24-184,2001,2.0,109,14,52,53,5,2,109,2,0,0.0,1,50.0,64,262,94,1,0,0,0,0,67,1,Matches
1449,Mason Mount,eng ENG,MF,Manchester Utd,eng Premier League,26-296,1999,3.7,154,1,11,87,58,14,154,4,2,50.0,2,50.0,80,307,142,5,2,3,9,2,104,15,Matches
1450,Samir El Mourabet,ma MAR,MF,Strasbourg,fr Ligue 1,20-027,2005,5.9,418,17,99,265,57,3,418,7,4,57.1,3,42.9,273,997,436,4,5,0,7,5,305,7,Matches
1451,Santiago Mouriño,uy URU,DF,Villarreal,es La Liga,23-262,2002,8.8,612,45,243,296,79,11,612,6,5,83.3,1,16.7,319,1464,790,9,9,4,8,1,344,2,Matches
1452,Louis Mouton,fr FRA,MF,Angers,fr Ligue 1,23-152,2002,5.7,251,4,47,148,57,7,251,5,2,40.0,3,60.0,129,563,225,5,5,0,11,11,185,14,Matches
1453,Tarik Muharemovic,ba BIH,DF,Sassuolo,it Serie A,22-247,2003,6.0,403,59,228,168,13,2,403,2,2,100.0,0,0.0,209,1081,525,1,4,1,1,0,237,0,Matches
1454,Miro Muheim,ch SUI,MFDF,Hamburger SV,de Bundesliga,27-223,1998,7.9,524,20,164,242,124,12,524,4,4,100.0,0,0.0,270,1397,799,21,6,3,8,4,294,23,Matches
1455,Ngal'Ayel Mukau,cd COD,MFFW,Lille,fr Ligue 1,20-337,2004,4.0,167,3,20,95,55,10,167,3,1,33.3,2,66.7,101,428,229,5,4,1,5,1,124,11,Matches
1456,Nordan Mukiele,fr FRA,MF,Rennes,fr Ligue 1,19-263,2006,0.3,22,0,3,9,10,2,22,2,1,50.0,1,50.0,16,79,21,0,1,0,2,2,17,4,Matches
1457,Nordi Mukiele,fr FRA,DF,Sunderland,eng Premier League,28-001,1997,7.0,442,58,181,189,73,10,442,4,3,75.0,1,25.0,211,1116,632,4,2,1,6,1,216,11,Matches
1458,Marshall Munetsi,zw ZIM,MFFW,Wolves,eng Premier League,29-133,1996,8.7,264,28,64,104,99,30,264,9,5,55.6,3,33.3,91,458,252,8,9,1,19,8,137,28,Matches
1459,Rodrigo Muniz,br BRA,FW,Fulham,eng Premier League,24-182,2001,3.7,97,9,9,48,41,17,97,8,3,37.5,5,62.5,48,106,29,0,1,0,20,4,68,9,Matches
1460,Aihen Muñoz,es ESP,DF,Real Sociedad,es La Liga,28-078,1997,4.1,225,11,73,104,50,3,225,6,1,16.7,5,83.3,99,390,213,6,2,1,5,0,118,13,Matches
1461,Daniel Muñoz,co COL,DFMF,Crystal Palace,eng Premier League,29-160,1996,10.0,485,29,154,181,156,31,485,9,1,11.1,7,77.8,203,922,407,11,6,2,11,1,242,59,Matches
1462,Iker Muñoz,es ESP,MF,Osasuna,es La Liga,22-362,2002,0.3,24,0,0,21,3,0,24,0,0,,0,,18,58,23,0,0,0,1,1,19,0,Matches
1463,Javier Muñoz,es ESP,MFFW,Getafe,es La Liga,30-247,1995,1.7,53,1,8,31,14,3,53,0,0,,0,,22,102,32,1,1,0,3,1,34,5,Matches
1464,Víctor Muñoz,es ESP,FWMF,Osasuna,es La Liga,22-112,2003,7.3,282,3,30,112,149,27,282,44,18,40.9,24,54.5,186,1590,719,23,22,12,24,15,200,49,Matches
1465,Arijanet Muric,xk KVX,GK,Sassuolo,it Serie A,26-360,1998,8.0,324,231,313,11,0,0,324,0,0,,0,,194,1004,626,0,0,0,0,0,144,0,Matches
1466,Murillo,br BRA,DF,Nott'ham Forest,eng Premier League,23-121,2002,6.2,413,55,205,187,23,2,413,3,3,100.0,0,0.0,218,947,556,3,5,0,3,1,256,0,Matches
1467,Vedat Muriqi,xk KVX,FW,Mallorca,es La Liga,31-192,1994,8.1,260,15,29,141,95,34,259,7,4,57.1,2,28.6,127,421,107,3,3,1,28,8,206,30,Matches
1468,Jacob Murphy,eng ENG,FWMF,Newcastle Utd,eng Premier League,30-251,1995,4.6,212,8,26,65,127,21,212,17,9,52.9,7,41.2,142,816,379,12,9,6,9,1,155,60,Matches
1469,Yunus Musah,us USA,MF,Atalanta,it Serie A,22-338,2002,0.7,42,2,10,20,15,1,42,8,5,62.5,1,12.5,29,240,142,2,3,0,3,4,29,4,Matches
1470,Yunus Musah,us USA,DF,Milan,it Serie A,22-338,2002,1.0,46,1,7,18,21,2,46,6,2,33.3,2,33.3,31,212,92,4,1,0,0,0,38,8,Matches
1471,Almoatasem Al Musrati,ly LBY,MF,Hellas Verona,it Serie A,29-210,1996,0.6,35,1,15,17,3,0,35,0,0,,0,,18,66,27,0,1,0,1,1,24,0,Matches
1472,Cheveyo Muy,nl NED,FW,Milan,it Serie A,,,0.1,4,0,0,2,2,1,4,0,0,,0,,4,40,28,1,1,1,2,1,3,1,Matches
1473,Yvon Mvogo,ch SUI,GK,Lorient,fr Ligue 1,31-149,1994,7.0,265,205,263,2,0,0,265,0,0,,0,,186,669,335,0,0,0,0,0,167,0,Matches
1474,Joel Mvuka,no NOR,DFMF,Lorient,fr Ligue 1,22-355,2002,3.7,150,6,50,37,66,8,150,13,4,30.8,7,53.8,87,632,335,9,8,3,1,4,91,25,Matches
1475,Junior Mwanga,fr FRA,DFMF,Strasbourg,fr Ligue 1,22-175,2003,2.0,164,4,26,116,25,1,164,2,1,50.0,1,50.0,83,364,237,6,1,0,3,0,113,6,Matches
1476,Junior Mwanga,fr FRA,MFDF,Nantes,fr Ligue 1,22-175,2003,6.8,302,19,107,161,39,9,302,8,4,50.0,4,50.0,180,1037,589,8,4,2,7,5,190,4,Matches
1477,Phillipp Mwene,at AUT,DF,Mainz 05,de Bundesliga,31-277,1994,7.8,361,11,79,128,158,19,361,8,5,62.5,3,37.5,157,685,317,7,6,0,6,4,189,44,Matches
1478,Vitaliy Mykolenko,ua UKR,DF,Everton,eng Premier League,26-157,1999,5.9,347,25,105,152,91,9,347,4,0,0.0,4,100.0,198,761,418,9,11,0,7,5,200,29,Matches
1479,Joakim Mæhle,dk DEN,DFFW,Wolfsburg,de Bundesliga,28-166,1997,4.7,299,15,129,104,72,11,299,11,1,9.1,10,90.9,158,794,353,7,6,0,12,4,164,23,Matches
1480,David Møller Wolfe,no NOR,MFDF,Wolves,eng Premier League,23-193,2002,1.7,74,3,25,28,24,2,74,1,1,100.0,0,0.0,29,168,72,3,4,0,1,1,38,8,Matches
1481,Obite N'Dicka,ci CIV,DF,Roma,it Serie A,26-074,1999,8.4,583,49,270,285,34,11,583,7,3,42.9,3,42.9,305,1117,434,2,10,1,8,4,381,3,Matches
1482,Konan N'dri,ci CIV,FWMF,Lecce,it Serie A,25-006,2000,1.7,84,1,6,27,52,9,84,15,3,20.0,9,60.0,58,441,238,10,7,5,8,3,64,15,Matches
1483,Bilal Nadir,ma MAR,MFFW,Marseille,fr Ligue 1,21-339,2003,2.7,154,2,7,58,89,14,154,4,1,25.0,1,25.0,117,661,432,9,4,7,5,4,128,24,Matches
1484,Mahamadou Nagida,cm CMR,DF,Rennes,fr Ligue 1,20-127,2005,1.0,66,8,29,19,19,1,66,2,2,100.0,0,0.0,26,180,57,1,0,0,2,0,30,5,Matches
1485,Younes Namli,dk DEN,FWMF,Le Havre,fr Ligue 1,31-135,1994,2.5,124,2,22,56,49,5,124,3,2,66.7,1,33.3,65,407,178,5,7,1,9,4,65,15,Matches
1486,Sebastian Nanasi,se SWE,MF,Strasbourg,fr Ligue 1,23-170,2002,1.7,94,2,11,50,36,6,94,2,1,50.0,1,50.0,58,213,135,4,3,1,5,0,68,21,Matches
1487,Nikolas Nartey,dk DEN,MFDF,Stuttgart,de Bundesliga,25-253,2000,2.0,124,5,22,58,46,7,124,3,1,33.3,2,66.7,63,227,65,0,1,0,3,4,81,13,Matches
1488,Natan,br BRA,DF,Betis,es La Liga,24-269,2001,10.0,624,76,361,244,24,7,624,2,1,50.0,1,50.0,358,1875,885,5,3,0,6,3,393,1,Matches
1489,Pau Navarro,es ESP,DF,Villarreal,es La Liga,20-191,2005,1.6,109,7,43,53,13,0,109,0,0,,0,,39,94,45,0,0,0,2,1,62,1,Matches
1490,Roberto Navarro,es ESP,FWMF,Athletic Club,es La Liga,23-204,2002,4.6,220,8,19,91,113,18,220,22,6,27.3,8,36.4,137,832,464,17,11,7,16,14,171,33,Matches
1491,Corrie Ndaba,ie IRL,DFMF,Lecce,it Serie A,25-312,1999,0.8,43,2,14,23,7,0,43,2,2,100.0,0,0.0,18,72,25,0,0,0,2,0,24,1,Matches
1492,Michel Ndary Adopo,fr FRA,MF,Cagliari,it Serie A,25-106,2000,8.0,311,12,70,180,68,9,311,13,6,46.2,7,53.8,170,769,347,8,1,1,8,9,214,20,Matches
1493,Iliman Ndiaye,sn SEN,FW,Everton,eng Premier League,25-241,2000,8.5,358,13,59,137,177,29,357,50,24,48.0,22,44.0,223,1630,758,29,19,9,32,19,220,49,Matches
1494,Rassoul Ndiaye,sn SEN,MF,Le Havre,fr Ligue 1,23-326,2001,6.4,249,8,57,117,82,6,249,5,3,60.0,2,40.0,136,741,311,8,2,1,9,2,152,28,Matches
1495,Quentin Ndjantou Mbitcha,fr FRA,MF,Paris S-G,fr Ligue 1,18-102,2007,2.3,150,3,21,71,60,7,150,8,5,62.5,3,37.5,97,589,258,9,7,4,3,1,118,20,Matches
1496,Cher Ndour,it ITA,MF,Fiorentina,it Serie A,21-098,2004,2.5,112,3,17,63,34,4,112,5,1,20.0,3,60.0,63,310,157,5,2,1,2,3,77,13,Matches
1497,Dan Ndoye,ch SUI,FW,Nott'ham Forest,eng Premier League,25-008,2000,7.4,270,5,39,90,150,23,270,19,8,42.1,8,42.1,175,1371,756,32,16,10,19,11,194,66,Matches
1498,Joseph Nduquidi,fr FRA,MF,Metz,fr Ligue 1,21-002,2004,0.1,4,0,0,2,2,0,4,0,0,,0,,3,17,9,0,0,0,0,0,3,1,Matches
1499,Paul Nebel,de GER,MF,Mainz 05,de Bundesliga,23-023,2002,6.6,378,5,39,136,207,21,378,19,6,31.6,13,68.4,197,920,305,6,7,1,20,6,260,58,Matches
1500,Kosta Nedeljković,rs SRB,DF,RB Leipzig,de Bundesliga,19-321,2005,0.1,2,0,1,1,0,0,2,0,0,,0,,1,4,0,0,0,0,0,0,1,0,Matches
1501,Loïc Nego,hu HUN,DF,Le Havre,fr Ligue 1,34-291,1991,8.1,524,26,149,268,115,8,524,12,8,66.7,3,25.0,275,1280,724,18,18,2,4,2,319,25,Matches
1502,Dan Neil,eng ENG,MF,Sunderland,eng Premier League,23-324,2001,0.0,3,2,2,1,0,0,3,0,0,,0,,1,6,2,0,0,0,0,0,0,0,Matches
1503,Reiss Nelson,eng ENG,FW,Brentford,eng Premier League,25-327,1999,0.2,14,0,0,6,8,1,14,1,0,0.0,1,100.0,9,44,23,1,0,0,1,0,12,3,Matches
1504,Victor Nelsson,dk DEN,DF,Hellas Verona,it Serie A,27-019,1998,9.0,375,45,189,179,8,5,375,1,1,100.0,0,0.0,178,840,369,1,2,0,3,0,196,0,Matches
1505,David Neres,br BRA,FWMF,Napoli,it Serie A,28-244,1997,4.5,238,3,24,71,148,15,238,36,7,19.4,21,58.3,149,1130,511,22,14,6,18,5,179,50,Matches
1506,Martim Neto,pt POR,MF,Elche,es La Liga,22-292,2003,4.6,271,10,53,127,94,11,271,19,11,57.9,5,26.3,176,1051,583,14,8,4,11,6,200,15,Matches
1507,Pedro Neto,pt POR,FW,Chelsea,eng Premier League,25-238,2000,8.4,390,3,29,113,256,28,390,35,15,42.9,16,45.7,258,1907,1159,38,21,9,23,9,284,76,Matches
1508,Luca Netz,de GER,DF,Gladbach,de Bundesliga,22-171,2003,2.7,148,9,48,62,38,2,148,3,2,66.7,1,33.3,51,161,53,1,2,1,3,2,72,12,Matches
1509,Manuel Neuer,de GER,GK,Bayern Munich,de Bundesliga,39-220,1986,8.0,344,234,333,11,0,0,344,0,0,,0,,244,1117,648,0,0,0,0,0,222,0,Matches
1510,Florian Neuhaus,de GER,MFFW,Gladbach,de Bundesliga,28-231,1997,3.6,201,3,27,111,63,9,201,4,1,25.0,3,75.0,99,543,259,9,4,2,8,4,154,15,Matches
1511,João Neves,pt POR,MF,Paris S-G,fr Ligue 1,21-036,2004,3.2,321,5,36,149,137,11,321,2,0,0.0,1,50.0,181,724,350,6,8,0,4,1,270,15,Matches
1512,Yvan Neyou,cm CMR,MF,Getafe,es La Liga,28-303,1997,0.7,27,1,4,16,7,0,27,2,0,0.0,1,50.0,15,53,21,0,2,0,2,2,19,2,Matches
1513,Cyril Ngonge,be BEL,FW,Torino,it Serie A,25-160,2000,6.1,231,5,24,103,106,22,231,22,11,50.0,7,31.8,143,969,478,17,4,10,21,9,170,52,Matches
1514,Mikayil Ngor Faye,sn SEN,DFFW,Cremonese,it Serie A,21-111,2004,1.4,70,9,29,36,6,1,70,1,1,100.0,0,0.0,30,176,113,2,1,0,0,0,38,1,Matches
1515,Mikayil Ngor Faye,sn SEN,DF,Rennes,fr Ligue 1,21-111,2004,0.1,10,0,1,8,1,0,10,0,0,,0,,2,5,1,0,0,0,0,0,7,0,Matches
1516,Nathan Ngoy,be BEL,DF,Lille,fr Ligue 1,22-145,2003,8.3,602,50,249,314,40,10,602,1,0,0.0,1,100.0,391,1943,1087,3,7,0,3,0,438,2,Matches
1517,Bernard Nguene,cm CMR,FW,Nice,fr Ligue 1,19-090,2006,0.8,27,1,5,7,15,4,27,0,0,,0,,10,29,0,0,0,0,5,2,18,5,Matches
1518,Rio Ngumoha,eng ENG,FWMF,Liverpool,eng Premier League,17-065,2008,0.4,20,0,1,4,15,5,20,3,1,33.3,2,66.7,17,136,89,5,0,3,2,1,18,10,Matches
1519,Moussa Niakhate,sn SEN,DF,Lyon,fr Ligue 1,29-239,1996,9.2,784,90,393,372,23,6,784,4,3,75.0,1,25.0,522,2742,1658,13,5,0,7,1,568,3,Matches
1520,Abdoulaye Niakhate Ndiaye,sn SEN,DF,Parma,it Serie A,23-206,2002,4.5,303,31,126,168,12,2,303,2,0,0.0,0,0.0,166,672,317,1,2,0,2,1,178,0,Matches
1521,Tanguy Nianzou,fr FRA,DF,Sevilla,es La Liga,23-148,2002,2.4,147,18,80,62,6,4,147,1,0,0.0,1,100.0,89,390,187,0,1,0,2,1,105,0,Matches
1522,Cheikh Niasse,sn SEN,MFDF,Hellas Verona,it Serie A,25-287,2000,1.4,75,2,17,41,18,2,75,2,1,50.0,0,0.0,42,177,100,1,3,0,0,1,46,2,Matches
1523,Rasmus Nicolaisen,dk DEN,DF,Toulouse,fr Ligue 1,28-231,1997,7.6,367,36,166,178,23,10,367,2,2,100.0,0,0.0,168,615,282,0,1,0,2,0,200,3,Matches
1524,Moritz Nicolas,de GER,GK,Gladbach,de Bundesliga,28-012,1997,9.0,315,258,311,4,0,0,315,0,0,,0,,187,828,469,0,0,0,0,0,176,0,Matches
1525,Hans Nicolussi Caviglia,it ITA,MF,Fiorentina,it Serie A,25-137,2000,4.8,258,11,56,151,54,1,258,5,1,20.0,4,80.0,143,674,265,2,2,1,3,9,169,5,Matches
1526,Julian Niehues,de GER,MF,Heidenheim,de Bundesliga,24-199,2001,3.5,148,11,53,75,21,1,148,5,3,60.0,2,40.0,59,240,60,0,0,0,0,3,70,1,Matches
1527,Oliver Nielsen,dk DEN,DF,Lazio,it Serie A,22-151,2003,2.5,155,22,87,67,1,0,155,0,0,,0,,96,384,209,1,0,0,0,1,112,1,Matches
1528,Alieu Njie,se SWE,FW,Torino,it Serie A,20-172,2005,0.0,5,0,1,1,3,2,5,0,0,,0,,3,17,0,0,0,1,1,0,3,2,Matches
1529,Justin Njinmah,de GER,FW,Werder Bremen,de Bundesliga,24-352,2000,4.6,152,2,16,67,70,18,152,12,4,33.3,8,66.7,91,656,350,14,7,5,9,2,102,39,Matches
1530,Obed Nkambadio,fr FRA,GK,Paris FC,fr Ligue 1,22-268,2003,9.0,398,327,395,3,0,0,398,0,0,,0,,204,949,508,0,0,0,0,0,235,0,Matches
1531,Eddie Nketiah,eng ENG,MFFW,Crystal Palace,eng Premier League,26-156,1999,1.2,54,2,7,26,21,10,54,6,1,16.7,5,83.3,35,222,77,3,4,2,8,2,39,4,Matches
1532,Niels Nkounkou,fr FRA,DFMF,Torino,it Serie A,25-001,2000,1.9,97,11,35,39,24,3,97,6,5,83.3,0,0.0,42,295,183,5,5,2,0,2,49,5,Matches
1533,Christopher Nkunku,fr FRA,FW,Milan,it Serie A,27-353,1997,1.2,62,3,5,35,22,7,62,4,1,25.0,2,50.0,42,157,42,0,0,0,4,0,50,12,Matches
1534,Felix Nmecha,de GER,MF,Dortmund,de Bundesliga,25-023,2000,6.8,388,12,58,223,113,13,388,25,13,52.0,8,32.0,222,1092,595,9,8,1,13,3,265,18,Matches
1535,Lukas Nmecha,de GER,FW,Leeds United,eng Premier League,26-323,1998,2.3,71,6,9,34,31,13,70,1,0,0.0,1,100.0,42,166,51,2,3,1,8,5,53,12,Matches
1536,Arnaud Nordin,fr FRA,DFMF,Mainz 05,de Bundesliga,27-138,1998,4.0,216,1,23,91,106,17,216,10,4,40.0,6,60.0,111,689,348,14,7,5,13,1,138,36,Matches
1537,Brooke Norton-Cuffy,eng ENG,DFFW,Genoa,it Serie A,21-294,2004,9.0,514,23,162,222,142,12,514,26,16,61.5,7,26.9,264,1727,872,27,11,4,15,6,285,22,Matches
1538,Tijjani Noslin,nl NED,FWMF,Lazio,it Serie A,26-118,1999,0.5,22,0,2,13,7,3,22,2,0,0.0,1,50.0,17,95,31,1,0,1,2,2,17,4,Matches
1539,Randy Nteka,ao ANG,FW,Rayo Vallecano,es La Liga,27-331,1997,0.4,21,1,3,7,11,3,21,0,0,,0,,8,22,5,0,1,0,2,1,12,1,Matches
1540,Alexander Nübel,de GER,GK,Stuttgart,de Bundesliga,29-033,1996,9.0,370,277,366,5,0,0,370,0,0,,0,,214,1040,667,0,0,0,1,0,191,0,Matches
1541,Matheus Nunes,pt POR,DF,Manchester City,eng Premier League,27-067,1998,5.7,560,32,132,292,139,3,560,8,5,62.5,3,37.5,367,1616,859,16,16,0,5,1,405,18,Matches
1542,Álvaro Núñez,es ESP,DFFW,Elche,es La Liga,25-118,2000,9.9,656,22,179,320,167,3,656,13,8,61.5,5,38.5,350,1586,566,3,5,0,10,5,443,34,Matches
1543,Unai Núñez,es ESP,DF,Hellas Verona,it Serie A,28-276,1997,7.1,390,38,149,206,40,6,390,7,5,71.4,2,28.6,169,705,379,5,6,0,4,0,190,6,Matches
1544,Antonio Nusa,no NOR,FW,RB Leipzig,de Bundesliga,20-199,2005,5.9,258,5,39,106,119,26,258,42,17,40.5,20,47.6,165,1360,747,30,15,16,19,6,187,35,Matches
1545,Ethan Nwaneri,eng ENG,MF,Arsenal,eng Premier League,18-226,2007,1.9,115,2,12,65,42,6,115,8,3,37.5,5,62.5,70,589,309,7,8,0,2,2,83,6,Matches
1546,Ørjan Nyland,no NOR,GK,Sevilla,es La Liga,35-053,1990,4.0,142,120,138,4,0,0,142,0,0,,0,,85,441,239,0,0,0,0,0,78,0,Matches
1547,Allan Nyom,cm CMR,FW,Getafe,es La Liga,37-176,1988,0.2,7,1,1,6,0,0,7,0,0,,0,,2,7,0,0,0,0,0,0,3,0,Matches
1548,Rabby Nzingoula,fr FRA,MF,Strasbourg,fr Ligue 1,19-342,2005,0.0,3,0,0,0,3,1,3,0,0,,0,,4,46,13,1,0,0,0,1,4,2,Matches
1549,M'Bala Nzola,ao ANG,FW,Pisa,it Serie A,29-076,1996,6.6,177,4,11,85,84,21,176,13,6,46.2,4,30.8,111,787,351,17,4,8,19,11,146,42,Matches
1550,Christian Nørgaard,dk DEN,MF,Arsenal,eng Premier League,31-237,1994,0.2,14,4,7,5,2,0,14,0,0,,0,,3,14,5,0,0,0,0,0,3,0,Matches
1551,Jake O'Brien,ie IRL,DF,Everton,eng Premier League,24-171,2001,8.7,473,30,145,206,126,10,473,12,2,16.7,10,83.3,198,808,369,8,12,0,7,10,231,20,Matches
1552,Matt O'Riley,dk DEN,MF,Brighton,eng Premier League,24-346,2000,2.0,85,1,13,38,34,7,84,1,0,0.0,1,100.0,38,130,48,0,2,0,6,1,55,11,Matches
1553,Matt O'Riley,dk DEN,MF,Marseille,fr Ligue 1,24-346,2000,6.4,424,11,57,242,131,19,424,6,2,33.3,4,66.7,282,884,415,5,7,3,7,4,314,26,Matches
1554,Adam Obert,sk SVK,DF,Cagliari,it Serie A,23-071,2002,8.6,519,36,240,243,39,5,519,3,1,33.3,1,33.3,250,1002,614,4,4,1,5,1,290,5,Matches
1555,Jan Oblak,si SVN,GK,Atlético Madrid,es La Liga,32-299,1993,11.0,387,349,386,1,0,0,387,0,0,,0,,203,860,522,0,0,0,0,0,190,0,Matches
1556,Jens Odgaard,dk DEN,MF,Bologna,it Serie A,26-216,1999,4.0,131,1,13,60,60,11,131,10,2,20.0,6,60.0,77,482,227,8,4,0,10,11,89,19,Matches
1557,Wilson Odobert,fr FRA,FW,Tottenham,eng Premier League,20-339,2004,3.7,166,5,17,55,96,19,166,20,10,50.0,9,45.0,106,856,403,14,7,6,8,8,122,28,Matches
1558,Álvaro Odriozola,es ESP,DF,Real Sociedad,es La Liga,29-323,1995,0.6,23,5,10,9,4,1,23,0,0,,0,,7,35,12,2,1,0,1,0,8,1,Matches
1559,Noah Okafor,ch SUI,FWMF,Leeds United,eng Premier League,25-162,2000,4.7,175,1,20,83,82,18,175,36,17,47.2,17,47.2,116,959,404,14,14,8,19,12,129,35,Matches
1560,David Okereke,ng NGA,FW,Cremonese,it Serie A,28-065,1997,0.9,21,3,3,9,9,1,21,2,0,0.0,1,50.0,9,52,23,1,1,0,3,1,12,3,Matches
1561,Maduka Okoye,ng NGA,GK,Udinese,it Serie A,26-066,1999,4.0,153,120,151,2,0,0,153,0,0,,0,,91,416,206,0,0,0,0,0,81,0,Matches
1562,Olasagasti,es ESP,MF,Levante,es La Liga,25-078,2000,2.5,150,6,29,79,45,1,150,2,1,50.0,1,50.0,81,342,125,1,1,0,3,4,98,9,Matches
1563,Michael Olise,fr FRA,FWMF,Bayern Munich,de Bundesliga,23-325,2001,7.5,598,5,32,201,372,56,598,47,14,29.8,29,61.7,422,2254,1140,39,17,26,15,9,475,89,Matches
1564,Mathías Olivera,uy URU,DF,Napoli,it Serie A,28-002,1997,3.8,246,8,78,112,57,6,246,2,1,50.0,1,50.0,142,592,282,3,8,0,4,0,162,13,Matches
1565,Tuomas Ollila,fi FIN,DF,Paris FC,fr Ligue 1,25-192,2000,1.2,59,2,20,26,14,0,59,0,0,,0,,30,183,86,1,2,0,2,3,34,2,Matches
1566,Dani Olmo,es ESP,MF,Barcelona,es La Liga,27-179,1998,5.4,371,5,32,162,181,26,371,13,2,15.4,9,69.2,204,929,409,10,11,3,12,5,276,40,Matches
1567,Tani Oluwaseyi,ca CAN,FW,Villarreal,es La Liga,25-171,2000,3.7,90,2,7,40,46,18,90,8,5,62.5,3,37.5,42,332,198,8,4,5,13,9,54,12,Matches
1568,Warmed Omari,km COM,DF,Hamburger SV,de Bundesliga,25-193,2000,4.8,283,33,128,143,14,1,283,2,2,100.0,0,0.0,187,1004,581,5,5,0,3,1,203,4,Matches
1569,Andrew Omobamidele,ie IRL,DF,Strasbourg,fr Ligue 1,23-132,2002,2.2,194,40,117,74,3,2,194,0,0,,0,,135,546,247,0,0,0,0,1,151,0,Matches
1570,Amadou Onana,be BEL,MF,Aston Villa,eng Premier League,24-078,2001,4.6,266,35,92,147,28,3,266,6,2,33.3,2,33.3,145,642,197,3,2,0,5,3,170,2,Matches
1571,Jean Onana,cm CMR,MF,Genoa,it Serie A,25-298,2000,0.1,9,0,2,6,1,0,9,0,0,,0,,4,6,2,0,0,0,0,2,6,0,Matches
1572,Frank Onyeka,ng NGA,MF,Brentford,eng Premier League,27-305,1998,1.0,50,3,9,31,11,2,50,4,2,50.0,2,50.0,22,128,53,2,1,0,3,0,26,2,Matches
1573,Loïs Openda,be BEL,FWMF,Juventus,it Serie A,25-259,2000,3.2,129,1,11,53,68,23,129,7,4,57.1,3,42.9,75,490,215,8,5,4,7,3,96,30,Matches
1574,Loïs Openda,be BEL,FW,RB Leipzig,de Bundesliga,25-259,2000,0.6,27,0,2,14,12,3,27,3,1,33.3,2,66.7,11,42,19,0,0,0,3,0,12,6,Matches
1575,Fredrik Oppegard,no NOR,DF,Auxerre,fr Ligue 1,23-087,2002,3.4,179,15,53,76,54,2,179,5,3,60.0,2,40.0,81,387,255,7,4,0,6,1,96,22,Matches
1576,Louis Oppie,de GER,DF,St. Pauli,de Bundesliga,23-169,2002,9.0,521,13,118,220,187,9,521,7,3,42.9,4,57.1,191,779,398,12,5,0,8,5,291,40,Matches
1577,Gift Orban,ng NGA,FW,Hellas Verona,it Serie A,23-108,2002,6.5,175,0,15,67,94,30,174,11,2,18.2,6,54.5,92,391,173,8,2,6,15,11,115,39,Matches
1578,Willi Orban,hu HUN,DF,RB Leipzig,de Bundesliga,32-364,1992,8.8,595,105,309,269,19,8,595,2,2,100.0,0,0.0,320,1194,513,1,1,0,1,1,366,3,Matches
1579,Christian Ordoñez,ar ARG,MFDF,Parma,it Serie A,21-101,2004,3.6,107,3,26,55,29,3,107,4,2,50.0,2,50.0,48,196,64,2,1,0,8,3,47,4,Matches
1580,Nehemiah Oriola,eng ENG,MF,Brighton,eng Premier League,18-144,2007,0.0,0,0,0,0,0,0,0,0,0,,0,,0,0,0,0,0,0,0,0,0,0,Matches
1581,Gaetano Oristanio,it ITA,MFFW,Parma,it Serie A,23-035,2002,1.8,57,1,4,22,32,5,57,8,2,25.0,2,25.0,41,352,180,6,4,1,6,2,44,10,Matches
1582,Aimar Oroz,es ESP,FWMF,Osasuna,es La Liga,23-340,2001,3.5,179,5,30,86,68,5,179,11,4,36.4,7,63.6,112,737,380,11,11,4,4,6,123,19,Matches
1583,Riccardo Orsolini,it ITA,FW,Bologna,it Serie A,28-282,1997,6.5,212,2,21,92,101,25,210,23,8,34.8,11,47.8,141,929,412,18,6,11,14,9,157,45,Matches
1584,Ángel Ortíz,es ESP,DF,Betis,es La Liga,21-100,2004,1.1,61,5,25,29,9,1,61,3,2,66.7,0,0.0,32,171,114,1,2,0,1,1,29,0,Matches
1585,Asier Osambela,es ESP,DFMF,Osasuna,es La Liga,21-267,2004,1.6,98,5,27,50,22,2,98,1,0,0.0,1,100.0,58,219,96,3,3,0,3,0,67,2,Matches
1586,Gabriel Osho,ng NGA,DF,Auxerre,fr Ligue 1,27-080,1998,1.5,90,3,46,41,3,0,90,0,0,,0,,61,196,74,0,1,0,0,0,62,0,Matches
1587,Ibrahim Osman,gh GHA,MF,Auxerre,fr Ligue 1,20-338,2004,5.2,209,2,13,81,119,17,209,19,6,31.6,11,57.9,141,940,418,18,13,8,17,12,160,40,Matches
1588,Patrick Osterhage,de GER,MF,Freiburg,de Bundesliga,25-274,2000,3.9,164,8,29,98,39,7,164,9,4,44.4,4,44.4,88,460,244,9,7,3,6,3,97,7,Matches
1589,William Osula,dk DEN,FW,Newcastle Utd,eng Premier League,22-090,2003,1.9,51,2,7,31,15,6,51,6,3,50.0,2,33.3,31,177,72,3,1,2,7,2,34,10,Matches
1590,Sebastian Otoa,dk DEN,DF,Genoa,it Serie A,21-173,2004,0.5,13,5,11,2,0,0,13,0,0,,0,,6,25,0,0,0,0,1,0,5,0,Matches
1591,Abdoul Ouattara,fr FRA,DFMF,Strasbourg,fr Ligue 1,20-011,2005,7.6,366,14,72,192,103,12,366,11,3,27.3,8,72.7,217,894,406,14,6,2,9,4,249,46,Matches
1592,Dango Ouattara,bf BFA,FW,Brentford,eng Premier League,23-264,2002,6.1,242,16,39,84,121,34,242,29,6,20.7,20,69.0,108,712,305,16,6,9,16,6,136,40,Matches
1593,Kassoum Ouattara,fr FRA,DFFW,Monaco,fr Ligue 1,21-019,2004,5.7,351,9,59,144,152,20,351,20,6,30.0,14,70.0,162,888,403,18,8,6,16,8,198,55,Matches
1594,Assan Ouedraogo,de GER,MF,RB Leipzig,de Bundesliga,19-177,2006,4.4,170,7,45,77,52,19,170,11,7,63.6,2,18.2,90,669,406,15,9,7,10,5,122,22,Matches
1595,Azzedine Ounahi,ma MAR,MFFW,Girona,es La Liga,25-197,2000,5.1,267,8,44,118,111,13,267,37,20,54.1,12,32.4,193,1086,515,15,11,2,16,10,211,22,Matches
1596,Elisha Owusu,gh GHA,MF,Auxerre,fr Ligue 1,27-360,1997,9.2,398,24,109,233,62,0,398,6,4,66.7,2,33.3,179,657,245,4,1,0,11,8,198,4,Matches
1597,Mikel Oyarzabal,es ESP,FW,Real Sociedad,es La Liga,28-195,1997,10.6,342,5,21,143,182,54,340,20,9,45.0,9,45.0,206,999,408,18,8,11,24,12,250,60,Matches
1598,Daniel Oyegoke,eng ENG,DF,Hellas Verona,it Serie A,22-303,2003,0.1,8,0,2,3,3,0,8,1,1,100.0,0,0.0,2,1,0,0,0,0,1,0,2,0,Matches
1599,Salih Özcan,tr TUR,DFMF,Dortmund,de Bundesliga,27-295,1998,0.2,31,0,3,13,15,0,31,0,0,,0,,24,77,54,0,2,0,0,0,25,0,Matches
1600,Berke Özer,tr TUR,GK,Lille,fr Ligue 1,25-161,2000,8.0,327,217,325,2,0,0,327,0,0,,0,,221,923,609,0,0,0,1,0,215,0,Matches
1601,Cenk Özkacar,tr TUR,DFMF,Köln,de Bundesliga,25-027,2000,1.1,83,9,39,39,5,3,83,0,0,,0,,38,142,73,0,2,0,1,0,56,0,Matches
1602,Nico O’Reilly,eng ENG,DFMF,Manchester City,eng Premier League,20-226,2005,5.6,410,20,104,205,107,18,410,11,3,27.3,8,72.7,204,1075,629,16,16,2,8,10,258,26,Matches
1603,Jon Pacheco,es ESP,DF,Alavés,es La Liga,24-298,2001,4.7,281,20,108,168,5,5,281,1,1,100.0,0,0.0,156,790,434,4,0,0,2,1,175,1,Matches
1604,Willian Pacho,ec ECU,DF,Paris S-G,fr Ligue 1,24-017,2001,5.3,484,45,169,300,17,1,484,1,0,0.0,1,100.0,324,1290,697,2,1,0,1,2,372,0,Matches
1605,Kendry Páez,ec ECU,FWMF,Strasbourg,fr Ligue 1,18-182,2007,3.4,183,2,21,81,81,18,183,14,4,28.6,10,71.4,103,660,315,12,5,7,4,7,125,27,Matches
1606,Pablo Pagis,fr FRA,MFFW,Lorient,fr Ligue 1,22-308,2002,4.2,215,2,34,106,79,14,215,11,5,45.5,6,54.5,139,790,280,11,7,3,10,4,147,28,Matches
1607,Igor Paixão,br BRA,FWMF,Marseille,fr Ligue 1,25-127,2000,5.4,299,6,22,106,174,24,299,24,7,29.2,16,66.7,224,1392,693,19,19,12,13,7,230,61,Matches
1608,Exequiel Palacios,ar ARG,MF,Leverkusen,de Bundesliga,27-028,1998,0.5,28,1,7,15,6,0,28,0,0,,0,,23,99,59,1,0,0,1,0,25,1,Matches
1609,Isaac Palazón Camacho,es ESP,FWMF,Rayo Vallecano,es La Liga,30-310,1994,8.5,432,9,42,199,201,19,431,20,9,45.0,10,50.0,212,1061,434,10,13,1,22,16,291,51,Matches
1610,Alberto Paleari,it ITA,GK,Torino,it Serie A,33-065,1992,2.0,70,54,70,0,0,0,70,0,0,,0,,33,184,136,0,0,0,0,0,35,0,Matches
1611,Marco Palestra,it ITA,DFFW,Cagliari,it Serie A,20-244,2005,7.2,300,21,98,128,78,9,300,25,13,52.0,6,24.0,170,1251,776,30,9,6,7,1,187,31,Matches
1612,João Palhinha,pt POR,MF,Tottenham,eng Premier League,30-116,1995,8.7,485,26,138,282,71,12,485,9,2,22.2,6,66.7,202,866,379,3,0,0,9,8,290,8,Matches
1613,Matteo Palma,de GER,DF,Udinese,it Serie A,17-234,2008,0.7,43,4,22,19,2,1,43,0,0,,0,,16,65,21,0,0,0,1,0,20,0,Matches
1614,Cole Palmer,eng ENG,MF,Chelsea,eng Premier League,23-180,2002,1.6,68,1,5,21,45,10,68,5,2,40.0,1,20.0,46,293,154,9,4,2,3,2,51,14,Matches
1615,Emerson Palmieri,it ITA,DF,Marseille,fr Ligue 1,31-091,1994,6.4,540,22,108,279,155,5,540,6,2,33.3,4,66.7,363,1546,786,13,9,0,5,4,394,17,Matches
1616,Diego Pampín,es ESP,DF,Levante,es La Liga,25-232,2000,1.3,82,6,24,42,16,3,82,2,2,100.0,0,0.0,47,147,60,1,1,1,2,1,46,7,Matches
1617,Joaquín Panichelli,ar ARG,FW,Strasbourg,fr Ligue 1,23-026,2002,8.6,295,18,47,105,146,50,293,15,4,26.7,10,66.7,146,486,188,5,5,2,23,11,184,51,Matches
1618,Leart Paqarada,xk KVX,DF,Heidenheim,de Bundesliga,31-025,1994,0.1,2,0,2,0,0,0,2,0,0,,0,,1,2,1,0,0,0,0,0,2,0,Matches
1619,Lucas Paquetá,br BRA,MFFW,West Ham,eng Premier League,28-067,1997,8.7,576,20,89,307,187,17,575,31,8,25.8,19,61.3,297,1286,507,4,9,2,18,15,409,37,Matches
1620,Victor Parada,es ESP,DF,Alavés,es La Liga,23-212,2002,3.5,169,14,62,58,50,3,169,2,2,100.0,0,0.0,69,383,222,5,4,0,6,0,90,12,Matches
1621,Aitor Paredes,es ESP,DF,Athletic Club,es La Liga,25-187,2000,6.1,427,31,175,240,16,5,427,1,1,100.0,0,0.0,235,1703,1147,6,6,0,6,0,285,0,Matches
1622,Daniel Parejo,es ESP,MF,Villarreal,es La Liga,36-200,1989,4.0,306,15,74,171,64,1,306,7,2,28.6,5,71.4,181,670,305,6,6,1,4,3,214,2,Matches
1623,Fabiano Parisi,it ITA,DF,Fiorentina,it Serie A,24-358,2000,0.4,26,2,5,13,8,1,26,1,1,100.0,0,0.0,12,75,37,1,0,0,2,1,14,0,Matches
1624,Thomas Partey,gh GHA,MF,Villarreal,es La Liga,32-142,1993,5.3,330,11,75,179,77,5,330,4,2,50.0,2,50.0,188,873,515,11,5,0,8,8,240,11,Matches
1625,Mario Pašalić,hr CRO,MF,Atalanta,it Serie A,30-266,1995,9.0,632,24,163,387,90,11,632,9,6,66.7,2,22.2,420,1826,936,8,10,1,14,5,489,12,Matches
1626,Patric,es ESP,MF,Lazio,it Serie A,32-199,1993,0.1,8,2,2,6,0,0,8,0,0,,0,,2,10,0,0,0,0,0,0,5,0,Matches
1627,Bradley Paul Burrowes,eng ENG,DF,Aston Villa,eng Premier League,17-243,2008,0.2,12,0,3,3,6,0,12,2,0,0.0,1,50.0,7,68,23,1,1,0,0,0,6,4,Matches
1628,Benjamin Pavard,fr FRA,DF,Inter,it Serie A,29-219,1996,1.0,96,6,43,47,6,2,96,0,0,,0,,38,179,66,1,0,0,0,0,72,0,Matches
1629,Benjamin Pavard,fr FRA,DF,Marseille,fr Ligue 1,29-219,1996,6.1,488,25,126,309,55,5,488,0,0,,0,,364,1353,661,6,10,0,0,0,391,9,Matches
1630,Aleksandar Pavlovic,de GER,MF,Bayern Munich,de Bundesliga,21-183,2004,4.1,407,8,69,250,90,3,407,3,0,0.0,2,66.7,257,1103,557,8,9,0,6,2,337,8,Matches
1631,Strahinja Pavlović,rs SRB,DF,Milan,it Serie A,24-162,2001,8.2,601,49,232,306,64,14,601,8,5,62.5,2,25.0,403,2299,1437,19,12,1,8,2,458,12,Matches
1632,Leonardo Pavoletti,it ITA,FW,Cagliari,it Serie A,36-341,1988,0.6,19,0,0,14,5,2,19,0,0,,0,,6,7,3,0,0,0,0,0,12,1,Matches
1633,Martín Payero,ar ARG,MF,Cremonese,it Serie A,27-052,1998,4.7,204,7,38,109,62,4,204,14,6,42.9,6,42.9,118,598,335,10,10,2,13,7,120,18,Matches
1634,Nicolás Paz,ar ARG,MF,Como,it Serie A,21-055,2004,9.9,616,9,80,326,219,17,616,41,18,43.9,20,48.8,347,1763,845,22,17,5,30,17,433,44,Matches
1635,Marcus Pedersen,no NOR,DF,Torino,it Serie A,25-109,2000,5.0,225,10,44,96,88,8,225,10,5,50.0,3,30.0,112,804,458,14,5,4,8,7,126,28,Matches
1636,Alfonso Pedraza,es ESP,DFMF,Villarreal,es La Liga,29-207,1996,4.0,229,9,60,79,93,15,229,7,4,57.1,2,28.6,116,1039,598,22,13,9,5,5,146,46,Matches
1637,Pedri,es ESP,MF,Barcelona,es La Liga,22-342,2002,9.4,1018,16,106,599,326,11,1018,20,14,70.0,4,20.0,688,4500,2237,44,55,3,16,15,819,40,Matches
1638,Pedro,es ESP,FW,Lazio,it Serie A,38-097,1987,3.4,180,3,22,98,62,10,180,13,8,61.5,3,23.1,108,540,231,7,5,5,2,4,141,15,Matches
1639,Zé Pedro Figueiredo,pt POR,DF,Cagliari,it Serie A,28-149,1997,3.9,271,32,144,124,4,1,271,0,0,,0,,159,710,463,3,1,0,2,0,195,0,Matches
1640,Adrià Pedrosa,es ESP,DF,Elche,es La Liga,27-173,1998,2.7,155,8,45,46,65,11,155,5,0,0.0,5,100.0,63,296,139,4,2,2,2,1,83,17,Matches
1641,Adrià Pedrosa,es ESP,DF,Sevilla,es La Liga,27-173,1998,0.1,13,0,1,6,6,0,13,0,0,,0,,8,53,43,1,0,0,0,0,9,1,Matches
1642,Dženan Pejčinović,de GER,FW,Wolfsburg,de Bundesliga,20-260,2005,2.5,75,2,4,46,25,12,75,3,2,66.7,1,33.3,41,137,60,3,0,2,9,1,55,9,Matches
1643,Lorenzo Pellegrini,it ITA,MF,Roma,it Serie A,29-136,1996,3.0,173,3,11,79,85,10,173,2,1,50.0,1,50.0,103,672,345,9,14,0,4,2,125,16,Matches
1644,Luca Pellegrini,it ITA,DF,Lazio,it Serie A,26-240,1999,2.8,180,8,63,87,30,4,180,2,0,0.0,2,100.0,78,289,140,4,1,1,8,5,97,9,Matches
1645,Mateo Pellegrino,ar ARG,FW,Parma,it Serie A,24-246,2001,8.4,216,14,27,96,96,28,215,8,5,62.5,3,37.5,107,448,114,3,1,1,28,26,165,27,Matches
1646,Faris Pemi Moumbagna,cm CMR,FW,Cremonese,it Serie A,25-124,2000,0.2,5,0,0,0,5,4,5,0,0,,0,,2,28,1,0,1,1,2,0,4,0,Matches
1647,Iñaki Peña ,es ESP,GK,Elche,es La Liga,26-245,1999,5.0,355,175,336,19,0,0,355,0,0,,0,,242,1148,766,0,0,0,0,0,252,0,Matches
1648,Mike Penders,be BEL,GK,Strasbourg,fr Ligue 1,20-094,2005,9.0,421,270,418,3,0,0,421,0,0,,0,,312,1223,653,0,0,0,1,0,298,0,Matches
1649,Nicolas Pépé,ci CIV,FWMF,Villarreal,es La Liga,30-157,1995,8.1,416,6,33,134,263,60,416,42,20,47.6,20,47.6,289,1778,1070,43,23,26,17,15,312,76,Matches
1650,Kojo Peprah Oppong,gh GHA,DF,Nice,fr Ligue 1,21-151,2004,10.6,634,103,270,307,60,7,634,10,8,80.0,1,10.0,391,2104,1190,13,9,1,3,6,413,4,Matches
1651,Peque,es ESP,MF,Sevilla,es La Liga,23-029,2002,2.1,123,0,13,65,45,9,123,9,3,33.3,6,66.7,79,454,266,10,4,1,3,5,89,16,Matches
1652,Mathias Pereira Lage,pt POR,FWMF,St. Pauli,de Bundesliga,28-337,1996,7.3,284,3,25,119,144,28,284,13,4,30.8,9,69.2,115,562,245,13,1,5,21,9,161,47,Matches
1653,Ayoze Pérez,es ESP,FW,Villarreal,es La Liga,32-096,1993,1.2,43,1,3,21,19,7,43,4,1,25.0,2,50.0,25,235,148,5,2,1,3,2,28,4,Matches
1654,Francisco Perez,es ESP,FWMF,Rayo Vallecano,es La Liga,23-054,2002,4.0,149,7,33,61,60,10,149,8,5,62.5,3,37.5,81,575,275,9,5,1,11,3,88,12,Matches
1655,Mattia Perin,it ITA,GK,Juventus,it Serie A,32-357,1992,1.0,19,12,19,0,0,0,19,0,0,,0,,12,47,32,0,0,0,0,0,9,0,Matches
1656,Romain Perraud,fr FRA,DF,Lille,fr Ligue 1,28-041,1997,7.9,592,13,104,281,209,27,592,6,2,33.3,4,66.7,332,1386,834,23,15,3,11,4,359,53,Matches
1657,Lucas Perri,br BRA,GK,Leeds United,eng Premier League,27-327,1997,5.0,206,165,206,0,0,0,206,0,0,,0,,131,569,371,0,0,0,0,0,127,0,Matches
1658,Máximo Perrone,ar ARG,MF,Como,it Serie A,22-299,2003,7.6,540,23,142,331,70,6,540,2,1,50.0,1,50.0,275,1002,387,3,1,0,9,1,405,5,Matches
1659,Prosper Peter,ng NGA,FW,Angers,fr Ligue 1,18-085,2007,5.8,144,4,12,79,55,26,144,12,2,16.7,8,66.7,66,354,173,6,5,4,22,4,84,24,Matches
1660,Léo Pétrot,fr FRA,DF,Elche,es La Liga,28-201,1997,3.8,280,14,86,118,78,3,280,1,1,100.0,0,0.0,134,519,199,5,5,1,6,2,179,16,Matches
1661,Đorđe Petrović,rs SRB,GK,Bournemouth,eng Premier League,26-025,1999,9.0,321,242,319,2,0,0,321,0,0,,0,,186,886,527,0,0,0,0,0,145,0,Matches
1662,Giuseppe Pezzella,it ITA,DF,Cremonese,it Serie A,27-338,1997,7.0,295,24,100,108,87,7,295,7,1,14.3,6,85.7,128,569,220,4,5,1,11,2,153,30,Matches
1663,Immanuel Pherai,sr SUR,MF,Hamburger SV,de Bundesliga,24-191,2001,0.2,23,0,2,9,12,1,23,2,1,50.0,1,50.0,13,77,30,1,1,0,0,0,13,2,Matches
1664,Rayan Philippe,fr FRA,FWMF,Hamburger SV,de Bundesliga,25-010,2000,5.5,187,5,32,73,91,27,187,20,8,40.0,11,55.0,108,717,294,12,12,4,19,4,113,27,Matches
1665,Gabriele Piccinini,it ITA,MF,Pisa,it Serie A,24-210,2001,0.5,22,1,4,11,7,2,22,1,0,0.0,1,100.0,14,39,12,0,0,0,1,1,14,3,Matches
1666,Roberto Piccoli,it ITA,FWMF,Fiorentina,it Serie A,24-279,2001,3.1,81,1,5,33,45,17,81,4,1,25.0,3,75.0,40,194,68,3,1,2,13,5,57,13,Matches
1667,Charles Pickel,cd COD,MF,Espanyol,es La Liga,28-171,1997,2.8,103,6,25,53,26,3,103,2,1,50.0,1,50.0,47,173,66,0,0,0,1,3,61,6,Matches
1668,Jordan Pickford,eng ENG,GK,Everton,eng Premier League,31-240,1994,9.0,400,236,374,26,0,0,400,0,0,,0,,244,1276,656,0,0,0,0,0,207,0,Matches
1669,Amos Pieper,de GER,DF,Werder Bremen,de Bundesliga,27-289,1998,3.0,250,46,129,117,5,1,250,0,0,,0,,107,554,375,1,0,0,1,0,158,0,Matches
1670,Marvin Pieringer,de GER,FWMF,Heidenheim,de Bundesliga,26-029,1999,0.5,25,1,3,12,11,2,25,1,0,0.0,1,100.0,8,81,32,0,0,0,3,3,16,5,Matches
1671,Nicholas Pierini,it ITA,FW,Sassuolo,it Serie A,27-088,1998,0.8,35,0,3,10,23,1,35,2,1,50.0,1,50.0,14,90,13,0,1,0,2,0,15,3,Matches
1672,Santiago Pierotti,ar ARG,FWMF,Lecce,it Serie A,24-213,2001,6.2,235,8,34,110,97,20,235,29,10,34.5,16,55.2,132,850,374,17,7,7,23,18,145,32,Matches
1673,Balthazar Pierret,fr FRA,MF,Lecce,it Serie A,25-171,2000,0.3,21,2,7,10,5,1,21,0,0,,0,,11,66,40,2,1,0,0,0,12,0,Matches
1674,Andrea Pinamonti,it ITA,FW,Sassuolo,it Serie A,26-167,1999,8.3,191,3,9,93,92,36,190,5,0,0.0,4,80.0,89,376,119,5,2,3,10,9,141,41,Matches
1675,Lander Pinillos,es ESP,MF,Alavés,es La Liga,22-027,2003,0.0,3,0,0,1,2,0,3,0,0,,0,,2,8,2,0,0,0,0,0,2,1,Matches
1676,Ethan Pinnock,jm JAM,DF,Brentford,eng Premier League,32-157,1993,1.7,93,16,53,34,6,5,93,0,0,,0,,51,207,85,0,0,0,0,1,59,2,Matches
1677,Yeremi Pino,es ESP,MF,Crystal Palace,eng Premier League,23-013,2002,5.6,267,4,38,132,105,15,267,16,6,37.5,6,37.5,141,705,365,10,11,1,15,9,170,39,Matches
1678,Yeremi Pino,es ESP,MFFW,Villarreal,es La Liga,23-013,2002,1.8,119,2,6,35,78,9,119,3,0,0.0,3,100.0,64,311,155,6,5,2,4,0,90,18,Matches
1679,Jakub Piotrowski,pl POL,MF,Udinese,it Serie A,28-029,1997,4.4,189,10,33,100,60,8,189,8,1,12.5,6,75.0,91,528,225,6,3,2,7,2,108,14,Matches
1680,Joël Piroe,nl NED,FWMF,Leeds United,eng Premier League,26-092,1999,1.8,63,1,3,35,25,10,63,0,0,,0,,25,77,25,1,1,2,2,3,44,6,Matches
1681,Niccolò Pisilli,it ITA,MF,Roma,it Serie A,21-040,2004,0.5,47,2,3,30,14,2,47,2,0,0.0,1,50.0,29,165,115,3,2,1,0,0,39,4,Matches
1682,Damián Pizarro,cl CHI,FW,Le Havre,fr Ligue 1,20-219,2005,0.3,5,0,0,4,1,0,5,0,0,,0,,3,14,5,0,0,0,1,0,5,0,Matches
1683,Tommaso Pobega,it ITA,MF,Bologna,it Serie A,26-110,1999,1.8,60,2,14,37,10,1,60,1,1,100.0,0,0.0,19,68,23,0,1,0,1,0,35,3,Matches
1684,Ernest Poku,nl NED,MF,Leverkusen,de Bundesliga,21-278,2004,4.8,200,5,25,64,114,21,200,12,5,41.7,5,41.7,141,1144,805,32,20,11,12,10,167,31,Matches
1685,Matteo Politano,it ITA,MFFW,Napoli,it Serie A,32-091,1993,7.7,431,5,68,162,206,25,431,25,15,60.0,8,32.0,275,2139,1224,46,15,10,17,6,304,73,Matches
1686,Marin Pongračić,hr CRO,DF,Fiorentina,it Serie A,28-052,1997,8.0,496,55,247,243,18,5,496,9,7,77.8,1,11.1,268,1837,936,8,3,0,3,1,306,2,Matches
1687,Nick Pope,eng ENG,GK,Newcastle Utd,eng Premier League,33-197,1992,9.0,287,218,279,9,0,0,287,0,0,,0,,163,879,524,0,0,0,0,0,105,0,Matches
1688,Pedro Porro,es ESP,DF,Tottenham,eng Premier League,26-050,1999,8.9,645,30,225,259,167,9,645,14,5,35.7,7,50.0,325,1556,862,19,13,2,8,3,385,22,Matches
1689,Portu,es ESP,FWMF,Girona,es La Liga,33-165,1992,5.3,141,0,22,32,88,21,141,3,0,0.0,3,100.0,69,220,104,3,3,1,11,6,84,32,Matches
1690,Stefan Posch,at AUT,DF,Como,it Serie A,28-172,1997,2.3,191,5,49,96,48,2,191,0,0,,0,,98,496,226,6,4,0,3,4,111,10,Matches
1691,Freddie Potts,eng ENG,MF,West Ham,eng Premier League,22-051,2003,1.5,110,3,25,69,16,1,110,2,0,0.0,2,100.0,59,278,139,0,2,0,0,2,73,2,Matches
1692,Yussuf Poulsen,dk DEN,FW,Hamburger SV,de Bundesliga,31-140,1994,1.0,59,2,6,18,36,8,59,1,1,100.0,0,0.0,20,89,47,1,1,0,6,2,41,11,Matches
1693,Beñat Prados,es ESP,MF,Athletic Club,es La Liga,24-267,2001,0.9,61,0,10,40,13,0,61,2,1,50.0,1,50.0,31,148,42,0,0,0,2,1,38,1,Matches
1694,Alexander Prass,at AUT,MFFW,Hoffenheim,de Bundesliga,24-160,2001,2.5,117,3,16,56,47,4,117,3,2,66.7,1,33.3,54,377,191,7,3,1,3,4,70,17,Matches
1695,Matteo Prati,it ITA,MF,Cagliari,it Serie A,21-309,2003,7.2,348,17,104,194,52,3,348,2,1,50.0,1,50.0,151,490,175,1,2,0,6,0,202,6,Matches
1696,Abdón Prats,es ESP,FW,Mallorca,es La Liga,32-330,1992,0.7,13,1,1,5,7,2,13,1,1,100.0,0,0.0,5,34,20,1,2,0,1,2,10,2,Matches
1697,Grischa Prömel,de GER,MF,Hoffenheim,de Bundesliga,30-297,1995,1.8,129,3,18,68,45,7,129,5,1,20.0,4,80.0,66,309,171,5,5,1,3,1,93,6,Matches
1698,Ivan Provedel,it ITA,GK,Lazio,it Serie A,31-230,1994,9.0,351,289,349,2,0,0,351,0,0,,0,,206,899,442,0,0,0,0,0,182,0,Matches
1699,Javi Puado,es ESP,FWMF,Espanyol,es La Liga,27-161,1998,7.3,288,3,32,118,141,24,286,14,4,28.6,8,57.1,173,1156,579,24,13,2,12,5,202,41,Matches
1700,Marc Pubill,es ESP,DF,Atlético Madrid,es La Liga,22-135,2003,0.3,21,3,8,8,6,1,21,1,0,0.0,1,100.0,12,67,44,0,3,0,0,1,14,1,Matches
1701,Cameron Puertas,ch SUI,MFFW,Werder Bremen,de Bundesliga,27-076,1998,4.8,272,12,58,131,85,14,272,11,1,9.1,9,81.8,142,785,282,4,5,4,17,11,172,21,Matches
1702,Christian Pulisic,us USA,FWMF,Milan,it Serie A,27-045,1998,3.6,199,2,19,82,101,24,198,18,5,27.8,9,50.0,135,972,443,10,9,7,7,4,149,28,Matches
1703,Arkadiusz Pyrka,pl POL,DF,St. Pauli,de Bundesliga,23-043,2002,3.9,278,6,70,115,95,10,278,11,4,36.4,6,54.5,93,380,169,9,2,2,4,2,148,30,Matches
1704,Jarell Quansah,eng ENG,DF,Leverkusen,de Bundesliga,22-277,2003,7.8,620,50,233,325,67,8,620,11,5,45.5,5,45.5,387,1821,883,10,8,0,5,4,455,7,Matches
1705,Leopold Querfeld,at AUT,DF,Union Berlin,de Bundesliga,21-317,2003,9.0,394,66,206,172,17,10,394,0,0,,0,,184,783,416,0,0,0,3,1,192,1,Matches
1706,Dani Raba,es ESP,FW,Valencia,es La Liga,30-004,1995,2.6,137,2,18,63,57,6,137,9,3,33.3,6,66.7,80,424,167,4,9,3,9,4,94,14,Matches
1707,Adrien Rabiot,fr FRA,MF,Milan,it Serie A,30-213,1995,4.0,230,13,55,121,55,3,230,7,3,42.9,3,42.9,123,637,345,12,8,1,5,3,165,13,Matches
1708,Adrien Rabiot,fr FRA,MF,Marseille,fr Ligue 1,30-213,1995,1.0,58,1,2,17,39,6,58,1,0,0.0,1,100.0,35,149,32,0,1,1,0,0,49,15,Matches
1709,Uroš Radaković,rs SRB,MFDF,Nantes,fr Ligue 1,31-216,1994,0.1,7,2,3,0,4,0,7,0,0,,0,,1,3,0,0,0,0,0,0,4,0,Matches
1710,Ionuț Radu,ro ROU,GK,Celta Vigo,es La Liga,28-158,1997,10.0,330,302,330,0,0,0,330,0,0,,0,,147,719,434,0,0,0,0,0,123,0,Matches
1711,Ugo Raghouber,fr FRA,FW,Lille,fr Ligue 1,22-112,2003,0.0,8,0,0,4,4,0,8,1,0,0.0,1,100.0,5,14,3,0,1,0,0,0,5,0,Matches
1712,Antonio Raillo,es ESP,DF,Mallorca,es La Liga,34-025,1991,10.0,615,100,328,255,34,17,615,0,0,,0,,337,1851,1092,11,7,0,3,1,362,2,Matches
1713,Ylber Ramadani,al ALB,MF,Lecce,it Serie A,29-204,1996,8.7,490,27,97,323,72,2,490,9,2,22.2,7,77.8,225,916,338,1,3,0,13,4,275,4,Matches
1714,Diant Ramaj,de GER,GK,Heidenheim,de Bundesliga,24-044,2001,9.0,533,335,504,29,0,0,533,0,0,,0,,295,1792,1305,0,0,0,0,0,270,0,Matches
1715,Largie Ramazani,be BEL,FWMF,Valencia,es La Liga,24-248,2001,1.0,52,0,3,15,35,8,52,7,2,28.6,5,71.4,36,236,98,5,1,5,1,0,39,15,Matches
1716,Jacobo Ramón,es ESP,DF,Como,it Serie A,20-300,2005,7.0,516,62,240,254,25,13,516,4,3,75.0,1,25.0,279,1151,585,2,4,1,3,2,352,7,Matches
1717,Gonçalo Ramos,pt POR,FW,Paris S-G,fr Ligue 1,24-135,2001,6.8,195,2,17,86,94,36,194,8,6,75.0,2,25.0,103,362,156,5,3,4,15,4,142,21,Matches
1718,Guilherme Ramos,pt POR,DF,Hamburger SV,de Bundesliga,28-083,1997,0.2,36,3,10,23,3,2,36,1,1,100.0,0,0.0,15,45,26,0,1,0,0,0,20,0,Matches
1719,Jacob Ramsey,eng ENG,MF,Newcastle Utd,eng Premier League,24-158,2001,0.9,55,2,8,30,17,3,55,1,1,100.0,0,0.0,34,226,115,5,2,1,1,1,34,5,Matches
1720,Luca Ranieri,it ITA,DF,Fiorentina,it Serie A,26-193,1999,7.3,441,47,178,224,45,6,441,6,3,50.0,3,50.0,214,1002,560,9,3,0,4,1,265,6,Matches
1721,Grant Ranos,am ARM,FWMF,Gladbach,de Bundesliga,22-105,2003,0.5,33,0,1,10,22,2,33,3,1,33.3,2,66.7,15,76,25,1,2,0,1,1,21,3,Matches
1722,Lilian Raolisoa,fr FRA,FWDF,Angers,fr Ligue 1,25-139,2000,6.2,301,4,72,147,86,9,301,15,5,33.3,10,66.7,158,1042,582,22,13,6,22,8,205,34,Matches
1723,Raphinha,br BRA,FWMF,Barcelona,es La Liga,28-323,1996,4.2,275,4,23,90,164,26,275,14,4,28.6,9,64.3,159,932,507,16,6,6,9,5,206,50,Matches
1724,Marcus Rashford,eng ENG,FW,Barcelona,es La Liga,28-002,1997,7.2,419,5,21,84,319,56,419,38,10,26.3,24,63.2,234,1383,677,32,14,23,18,11,328,80,Matches
1725,Giacomo Raspadori,it ITA,FW,Atlético Madrid,es La Liga,25-257,2000,1.6,73,0,5,24,44,17,73,2,0,0.0,2,100.0,45,179,59,3,0,2,1,2,65,14,Matches
1726,Andrei Ratiu,ro ROU,DFMF,Rayo Vallecano,es La Liga,27-135,1998,11.0,738,40,183,309,255,19,738,44,16,36.4,27,61.4,381,2227,1103,36,31,11,22,12,462,67,Matches
1727,Raúl,es ESP,FW,Osasuna,es La Liga,24-364,2000,3.0,111,3,9,52,53,23,111,9,4,44.4,5,55.6,68,365,187,8,5,4,9,4,83,17,Matches
1728,David Raum,de GER,DF,RB Leipzig,de Bundesliga,27-194,1998,9.0,736,37,287,268,188,12,736,9,5,55.6,4,44.4,344,1411,779,17,12,1,7,1,422,16,Matches
1729,Federico Ravaglia,it ITA,GK,Bologna,it Serie A,25-356,1999,1.0,57,30,54,3,0,0,57,0,0,,0,,31,182,93,0,1,0,0,0,35,0,Matches
1730,David Raya,es ESP,GK,Arsenal,eng Premier League,30-048,1995,10.0,372,259,346,27,0,0,372,0,0,,0,,224,943,538,0,0,0,0,0,206,0,Matches
1731,Abde Rebbach,dz ALG,MFFW,Alavés,es La Liga,27-083,1998,4.2,240,1,31,96,117,15,240,17,6,35.3,9,52.9,125,818,483,18,8,7,7,8,154,31,Matches
1732,Federico Redondo,ar ARG,MF,Elche,es La Liga,22-288,2003,0.1,17,4,8,9,0,0,17,0,0,,0,,6,21,6,0,0,0,0,0,8,0,Matches
1733,Alejandro Rego,es ESP,MFFW,Athletic Club,es La Liga,22-144,2003,1.2,66,3,10,37,19,1,66,1,1,100.0,0,0.0,27,106,55,2,2,0,2,1,41,3,Matches
1734,Tijjani Reijnders,nl NED,MF,Manchester City,eng Premier League,27-096,1998,8.2,509,15,70,257,186,21,509,23,12,52.2,8,34.8,342,1801,927,21,25,4,12,11,413,28,Matches
1735,Alberto Reina,es ESP,MF,Oviedo,es La Liga,28-054,1997,5.2,299,6,75,171,54,6,299,6,4,66.7,2,33.3,185,980,515,5,4,0,6,2,218,11,Matches
1736,Vitor Reis,br BRA,DF,Girona,es La Liga,19-294,2006,8.9,601,92,309,281,13,4,601,2,1,50.0,1,50.0,362,1814,1106,4,1,0,1,2,385,0,Matches
1737,Rocco Reitz,de GER,MF,Gladbach,de Bundesliga,23-157,2002,8.1,493,23,102,290,116,17,493,13,7,53.8,6,46.2,277,1484,844,20,16,3,16,11,326,27,Matches
1738,Nicolai Remberg,de GER,MF,Hamburger SV,de Bundesliga,25-136,2000,8.0,405,28,134,253,30,3,405,9,5,55.6,1,11.1,239,1140,595,7,8,0,5,2,259,0,Matches
1739,Álex Remiro,es ESP,GK,Real Sociedad,es La Liga,30-223,1995,11.0,423,308,411,12,0,0,423,0,0,,0,,275,1337,813,0,0,0,0,0,217,0,Matches
1740,Devyne Rensch,nl NED,DF,Roma,it Serie A,22-288,2003,1.5,94,5,25,38,32,2,94,1,0,0.0,0,0.0,42,174,93,3,3,0,1,2,50,15,Matches
1741,Guillaume Restes,fr FRA,GK,Toulouse,fr Ligue 1,20-236,2005,10.0,298,221,288,11,0,0,298,0,0,,0,,162,791,482,0,0,0,0,0,139,0,Matches
1742,Elvis Rexhbeçaj,xk KVX,MFDF,Augsburg,de Bundesliga,28-001,1997,4.7,248,3,68,125,59,7,248,4,2,50.0,1,25.0,108,480,237,4,2,1,11,8,151,10,Matches
1743,Oriol Rey,es ESP,MF,Levante,es La Liga,27-250,1998,6.4,286,16,79,181,32,1,286,1,1,100.0,0,0.0,160,578,250,5,4,0,6,0,168,5,Matches
1744,Gio Reyna,us USA,MF,Gladbach,de Bundesliga,22-354,2002,1.5,89,3,12,42,37,8,89,6,3,50.0,2,33.3,50,295,97,2,2,1,3,3,63,12,Matches
1745,Alexsandro Ribeiro,br BRA,DF,Lille,fr Ligue 1,26-085,1999,3.5,327,33,168,152,9,6,327,2,2,100.0,0,0.0,220,988,426,1,0,0,6,0,231,0,Matches
1746,Samuele Ricci,it ITA,MF,Milan,it Serie A,24-073,2001,3.7,225,12,39,126,60,4,225,1,1,100.0,0,0.0,140,676,344,10,4,3,8,1,163,13,Matches
1747,Declan Rice,eng ENG,MF,Arsenal,eng Premier League,26-292,1999,8.9,723,27,136,398,199,16,723,11,7,63.6,3,27.3,436,2728,1281,25,23,1,16,7,497,21,Matches
1748,Chris Richards,us USA,DF,Crystal Palace,eng Premier League,25-219,2000,10.0,521,63,259,209,53,10,521,1,0,0.0,1,100.0,228,937,421,2,1,0,2,1,279,2,Matches
1749,Richarlison,br BRA,FW,Tottenham,eng Premier League,28-176,1997,6.1,172,15,25,62,89,38,172,9,4,44.4,4,44.4,85,322,128,7,4,3,18,5,107,20,Matches
1750,Diego Rico,es ESP,DF,Getafe,es La Liga,32-252,1993,9.9,512,24,133,272,113,4,512,8,2,25.0,6,75.0,185,720,338,7,8,1,14,2,244,16,Matches
1751,Clemens Riedel,de GER,DF,Espanyol,es La Liga,22-106,2003,4.5,300,37,152,140,10,1,300,0,0,,0,,169,659,357,1,2,0,2,2,183,1,Matches
1752,Fabian Rieder,ch SUI,MF,Rennes,fr Ligue 1,23-259,2002,1.5,55,3,18,20,19,2,55,1,0,0.0,1,100.0,18,82,49,1,0,1,3,2,28,4,Matches
1753,Fabian Rieder,ch SUI,MF,Augsburg,de Bundesliga,23-259,2002,6.6,314,2,20,121,177,16,313,27,13,48.1,12,44.4,154,845,330,12,10,6,22,14,202,47,Matches
1754,Lasse Rieß,de GER,GK,Mainz 05,de Bundesliga,24-098,2001,2.2,77,59,75,2,0,0,77,0,0,,0,,47,244,141,0,0,0,0,0,37,0,Matches
1755,Chris Rigg,eng ENG,MF,Sunderland,eng Premier League,18-137,2007,2.1,61,3,16,25,20,2,61,4,1,25.0,2,50.0,33,100,31,1,2,0,3,1,34,6,Matches
1756,Hugo Rincón,es ESP,DFMF,Girona,es La Liga,22-279,2003,6.1,330,15,110,118,104,8,330,12,5,41.7,5,41.7,170,1021,506,14,8,0,6,4,199,42,Matches
1757,Luis Rioja,es ESP,MFFW,Valencia,es La Liga,32-017,1993,9.2,394,12,74,139,184,19,394,24,11,45.8,10,41.7,245,1625,666,24,14,6,11,11,269,66,Matches
1758,Rodrigo Riquelme,es ESP,FWMF,Betis,es La Liga,25-214,2000,4.3,228,0,27,92,112,20,228,19,5,26.3,10,52.6,166,1105,555,22,13,6,7,8,176,25,Matches
1759,Robin Risser,fr FRA,GK,Lens,fr Ligue 1,20-335,2004,10.0,333,284,331,2,0,0,333,0,0,,0,,181,802,470,0,0,0,0,0,169,0,Matches
1760,Mihailo Ristić,rs SRB,DFMF,Celta Vigo,es La Liga,30-002,1995,2.8,180,14,81,79,22,1,180,10,6,60.0,3,30.0,108,558,341,10,6,1,2,1,119,5,Matches
1761,Lars Ritzka,de GER,DF,St. Pauli,de Bundesliga,27-179,1998,2.7,172,22,83,85,5,0,172,1,0,0.0,1,100.0,60,265,133,1,0,0,1,0,102,0,Matches
1762,Sergi Roberto,es ESP,MF,Como,it Serie A,33-268,1992,2.0,166,3,44,93,31,3,166,5,2,40.0,3,60.0,81,328,122,2,1,0,3,2,119,0,Matches
1763,Patrick Roberts,eng ENG,MFFW,Sunderland,eng Premier League,28-270,1997,0.3,22,0,1,14,9,1,22,1,1,100.0,0,0.0,16,67,30,1,1,1,0,0,20,4,Matches
1764,Andrew Robertson,sct SCO,DF,Liverpool,eng Premier League,31-236,1994,2.7,201,14,53,91,60,13,201,1,1,100.0,0,0.0,118,548,316,7,4,2,3,0,128,17,Matches
1765,Antonee Robinson,us USA,DF,Fulham,eng Premier League,28-086,1997,0.7,72,0,15,22,35,2,72,2,1,50.0,1,50.0,42,214,100,4,0,0,3,0,52,10,Matches
1766,Joel Roca,es ESP,FWMF,Girona,es La Liga,20-148,2005,6.3,261,7,35,89,145,26,261,48,17,35.4,28,58.3,185,1656,830,26,15,9,20,15,180,52,Matches
1767,Marc Roca,es ESP,MF,Betis,es La Liga,28-341,1996,3.1,200,8,32,133,37,2,200,2,0,0.0,1,50.0,111,469,174,1,3,0,2,2,134,2,Matches
1768,Ryan Rodin,fr FRA,FW,Auxerre,fr Ligue 1,19-245,2006,0.1,3,0,0,2,1,0,3,0,0,,0,,2,1,0,0,0,0,0,0,3,1,Matches
1769,Joe Rodon,wls WAL,DF,Leeds United,eng Premier League,28-011,1997,10.0,660,66,320,311,30,17,660,1,1,100.0,0,0.0,367,1755,1068,8,3,0,1,1,455,0,Matches
1770,Rodri,es ESP,MF,Manchester City,eng Premier League,29-133,1996,3.2,275,16,80,154,42,1,275,5,3,60.0,1,20.0,164,548,275,4,4,0,2,2,198,5,Matches
1771,Álvaro Rodríguez,uy URU,FW,Elche,es La Liga,21-111,2004,5.1,176,8,15,77,89,20,176,23,13,56.5,10,43.5,103,543,211,6,11,3,13,9,141,29,Matches
1772,Damián Rodríguez,es ESP,MF,Celta Vigo,es La Liga,22-230,2003,1.7,128,2,14,91,23,0,128,1,0,0.0,1,100.0,84,369,214,2,0,0,0,0,98,3,Matches
1773,Dani Rodríguez,es ESP,MF,Mallorca,es La Liga,37-149,1988,0.8,36,1,2,18,17,0,36,1,1,100.0,0,0.0,21,35,17,0,1,0,4,5,26,5,Matches
1774,Guido Rodríguez,ar ARG,MF,West Ham,eng Premier League,31-204,1994,1.0,46,1,9,27,10,0,46,0,0,,0,,15,54,5,0,0,0,0,0,25,3,Matches
1775,Javi Rodríguez,es ESP,DF,Celta Vigo,es La Liga,22-129,2003,6.4,547,46,172,309,67,7,547,3,0,0.0,3,100.0,321,1243,712,5,7,0,2,2,426,12,Matches
1776,Jesus Rodríguez,es ESP,FW,Como,it Serie A,19-346,2005,4.8,201,2,15,79,111,26,201,26,9,34.6,16,61.5,126,1104,624,31,20,18,16,18,152,35,Matches
1777,Ricardo Rodríguez,ch SUI,DF,Betis,es La Liga,33-069,1992,5.0,297,26,95,130,72,2,297,1,0,0.0,0,0.0,175,741,402,12,10,0,2,3,185,4,Matches
1778,Rodrygo,br BRA,FWMF,Real Madrid,es La Liga,24-297,2001,2.8,223,0,9,75,141,27,223,25,8,32.0,10,40.0,161,1156,667,22,12,15,8,4,173,40,Matches
1779,Robin Roefs,nl NED,GK,Sunderland,eng Premier League,22-289,2003,9.0,374,266,372,2,0,0,374,0,0,,0,,226,1106,595,0,0,0,0,0,165,0,Matches
1780,Morgan Rogers,eng ENG,MFFW,Aston Villa,eng Premier League,23-099,2002,9.9,370,14,58,171,145,34,370,31,10,32.3,19,61.3,242,1251,624,14,8,3,33,23,283,55,Matches
1781,Merlin Röhl,de GER,MFFW,Everton,eng Premier League,23-120,2002,0.8,47,1,5,29,13,3,47,1,1,100.0,0,0.0,28,154,80,1,1,0,1,2,33,5,Matches
1782,Merlin Röhl,de GER,FWMF,Freiburg,de Bundesliga,23-120,2002,0.7,39,0,3,15,21,2,39,0,0,,0,,21,153,65,1,2,0,3,1,29,5,Matches
1783,Filippo Romagna,it ITA,DF,Sassuolo,it Serie A,28-160,1997,2.2,136,18,71,59,7,1,136,0,0,,0,,84,318,138,1,1,0,0,0,96,0,Matches
1784,Alessio Romagnoli,it ITA,DF,Lazio,it Serie A,30-294,1995,7.0,420,70,232,183,9,4,420,0,0,,0,,217,800,351,0,0,0,1,0,270,0,Matches
1785,Leo Román,es ESP,GK,Mallorca,es La Liga,25-119,2000,10.0,367,311,362,5,0,0,367,0,0,,0,,176,861,482,0,0,0,0,0,177,0,Matches
1786,Miguel Román,es ESP,MF,Celta Vigo,es La Liga,22-311,2002,1.8,110,5,17,84,10,1,110,5,1,20.0,4,80.0,58,268,149,4,1,0,0,1,75,1,Matches
1787,Carlos Romero,es ESP,DF,Espanyol,es La Liga,24-004,2001,9.7,470,28,134,199,150,12,470,28,15,53.6,12,42.9,241,1591,877,27,21,4,22,6,231,46,Matches
1788,Cristian Romero,ar ARG,DF,Tottenham,eng Premier League,27-189,1998,7.3,521,61,254,252,23,10,521,3,3,100.0,0,0.0,302,1472,886,2,6,0,5,2,334,0,Matches
1789,Isaac Romero,es ESP,FW,Sevilla,es La Liga,25-168,2000,7.0,250,7,23,122,107,32,250,22,4,18.2,18,81.8,124,526,209,5,9,3,33,14,159,24,Matches
1790,Iván Romero,es ESP,FW,Levante,es La Liga,24-206,2001,7.7,265,5,19,107,141,39,265,25,12,48.0,11,44.0,150,759,245,11,2,8,29,14,178,36,Matches
1791,Rômulo,br BRA,FW,RB Leipzig,de Bundesliga,23-267,2002,7.9,274,10,35,143,98,36,274,6,3,50.0,3,50.0,155,629,200,6,4,5,21,13,214,37,Matches
1792,Salomón Rondón,ve VEN,FW,Oviedo,es La Liga,36-047,1989,6.3,206,5,18,129,60,28,205,14,6,42.9,8,57.1,86,324,80,3,2,3,18,11,145,21,Matches
1793,Valentin Rongier,fr FRA,MF,Rennes,fr Ligue 1,30-330,1994,8.5,610,31,123,365,128,5,610,15,9,60.0,6,40.0,275,1343,682,6,8,1,9,5,448,11,Matches
1794,Marten de Roon,nl NED,MF,Atalanta,it Serie A,34-218,1991,6.0,459,16,121,275,65,3,459,2,0,0.0,2,100.0,279,1126,629,5,3,0,1,1,338,7,Matches
1795,Pablo Rosario,do DOM,MF,Nice,fr Ligue 1,28-299,1997,0.3,22,0,3,14,6,1,22,3,2,66.7,1,33.3,15,74,37,1,0,1,1,0,14,2,Matches
1796,Max Rosenfelder,de GER,DF,Freiburg,de Bundesliga,22-265,2003,1.3,78,5,45,32,1,0,78,0,0,,0,,41,306,228,5,0,0,0,0,50,0,Matches
1797,Valentin Rosier,fr FRA,DFMF,Osasuna,es La Liga,29-075,1996,6.8,404,28,144,168,98,9,404,8,5,62.5,3,37.5,211,927,451,12,14,3,9,8,217,35,Matches
1798,Tom Rothe,de GER,DF,Union Berlin,de Bundesliga,21-004,2004,3.9,214,18,81,84,50,12,214,4,0,0.0,4,100.0,96,411,168,2,3,0,1,3,101,7,Matches
1799,Anthony Rouault,fr FRA,DF,Rennes,fr Ligue 1,24-157,2001,7.0,533,58,249,256,29,4,533,1,0,0.0,0,0.0,252,1412,846,4,4,1,2,3,374,0,Matches
1800,Nicolò Rovella,it ITA,MF,Lazio,it Serie A,23-333,2001,2.2,238,8,48,164,28,1,238,3,3,100.0,0,0.0,141,650,330,3,3,1,2,1,191,1,Matches
1801,Jonathan Rowe,eng ENG,FWMF,Bologna,it Serie A,22-186,2003,1.6,79,0,4,30,48,6,79,12,4,33.3,5,41.7,55,359,161,4,4,1,3,4,58,18,Matches
1802,Jonathan Rowe,eng ENG,FW,Marseille,fr Ligue 1,22-186,2003,0.7,45,0,0,12,33,4,45,2,0,0.0,1,50.0,30,125,62,1,3,0,4,0,35,10,Matches
1803,Amir Rrahmani,xk KVX,DF,Napoli,it Serie A,31-251,1994,3.0,289,13,102,177,12,3,289,2,1,50.0,1,50.0,188,861,513,0,1,0,0,2,216,3,Matches
1804,Rubén,es ESP,DF,Espanyol,es La Liga,24-271,2001,2.4,158,7,38,75,48,0,158,8,6,75.0,1,12.5,80,632,440,14,7,0,1,1,85,12,Matches
1805,Antonio Rüdiger,de GER,DF,Real Madrid,es La Liga,32-244,1993,1.0,76,3,23,53,1,1,76,0,0,,0,,66,314,136,0,0,0,0,0,64,0,Matches
1806,Javier Rueda Garcia,es ESP,DFMF,Celta Vigo,es La Liga,23-178,2002,4.2,255,8,61,102,94,15,255,8,4,50.0,4,50.0,115,429,178,8,2,5,4,1,152,36,Matches
1807,Daniele Rugani,it ITA,DF,Juventus,it Serie A,31-096,1994,1.9,106,15,49,53,4,1,106,0,0,,0,,48,312,104,0,1,0,0,0,65,1,Matches
1808,Matteo Ruggeri,it ITA,DF,Atlético Madrid,es La Liga,23-114,2002,4.2,306,10,92,118,101,9,306,7,1,14.3,6,85.7,144,563,297,4,4,0,2,1,177,28,Matches
1809,Aitor Ruibal,es ESP,FWDF,Betis,es La Liga,29-225,1996,3.4,169,3,26,65,79,14,169,8,3,37.5,4,50.0,90,275,101,3,1,2,9,6,118,27,Matches
1810,Fabián Ruiz Peña,es ESP,MF,Paris S-G,fr Ligue 1,29-213,1996,4.2,484,8,59,276,151,11,484,2,0,0.0,2,100.0,282,1360,709,9,8,1,11,1,420,17,Matches
1811,Gerónimo Rulli,ar ARG,GK,Marseille,fr Ligue 1,33-166,1992,9.0,338,246,333,5,0,0,338,0,0,,0,,213,886,534,0,0,0,0,0,159,0,Matches
1812,Georginio Rutter,fr FRA,FWMF,Brighton,eng Premier League,23-196,2002,6.7,248,14,35,118,97,18,248,18,8,44.4,9,50.0,139,813,384,12,6,7,31,21,172,25,Matches
1813,Mathew Ryan,au AUS,GK,Levante,es La Liga,33-208,1992,8.0,284,237,281,3,0,0,284,0,0,,0,,151,762,358,0,0,0,0,0,124,0,Matches
1814,Julian Ryerson,no NOR,DFMF,Dortmund,de Bundesliga,27-350,1997,4.8,412,8,65,156,196,9,412,16,4,25.0,11,68.8,238,1241,669,19,18,2,14,6,272,49,Matches
1815,Frederik Rønnow,dk DEN,GK,Union Berlin,de Bundesliga,33-090,1992,9.0,321,248,313,8,0,0,321,0,0,,0,,162,1013,581,0,0,0,0,0,110,0,Matches
1816,Alexander Røssing-Lelesiit,no NOR,FWMF,Hamburger SV,de Bundesliga,18-286,2007,2.2,75,1,21,27,29,4,75,13,4,30.8,8,61.5,43,323,84,2,4,0,10,5,44,15,Matches
1817,José Sá,pt POR,GK,Wolves,eng Premier League,32-289,1993,4.0,136,112,135,1,0,0,136,0,0,,0,,91,455,287,0,0,0,0,0,69,0,Matches
1818,Elias Saad,tn TUN,MFFW,Augsburg,de Bundesliga,25-310,1999,5.1,253,1,31,95,136,20,253,35,15,42.9,18,51.4,126,847,425,14,8,7,28,10,164,37,Matches
1819,Stefano Sabelli,it ITA,DF,Genoa,it Serie A,32-293,1993,2.8,175,8,65,83,29,1,175,1,0,0.0,0,0.0,81,341,198,5,9,1,2,1,94,1,Matches
1820,Abdelhamid Sabiri,ma MAR,MF,Fiorentina,it Serie A,28-339,1996,0.3,25,1,5,9,11,0,25,0,0,,0,,6,27,8,0,0,0,0,1,5,0,Matches
1821,Marcel Sabitzer,at AUT,MF,Dortmund,de Bundesliga,31-230,1994,6.0,307,15,45,176,88,10,307,1,0,0.0,0,0.0,135,585,351,6,5,0,5,2,180,7,Matches
1822,Noah Sadiki,cd COD,MF,Sunderland,eng Premier League,20-320,2004,8.9,397,15,98,212,92,4,397,15,9,60.0,5,33.3,259,1407,649,14,11,1,8,8,278,24,Matches
1823,Umar Sadiq,ng NGA,FW,Real Sociedad,es La Liga,28-273,1997,0.2,6,0,2,1,4,1,6,1,1,100.0,0,0.0,4,35,0,0,0,0,0,1,5,1,Matches
1824,Alexis Saelemaekers,be BEL,DFFW,Milan,it Serie A,26-128,1999,8.6,545,6,102,233,219,30,545,43,24,55.8,10,23.3,328,1986,1000,29,19,12,12,6,386,61,Matches
1825,Emir Sahiti,xk KVX,FW,Hamburger SV,de Bundesliga,26-338,1998,1.3,41,1,10,22,11,1,41,6,4,66.7,2,33.3,23,218,112,5,1,1,1,2,22,3,Matches
1826,Osame Sahraoui,ma MAR,FWMF,Lille,fr Ligue 1,24-144,2001,1.7,128,1,5,38,85,12,128,11,5,45.5,6,54.5,101,599,328,12,8,3,6,2,113,37,Matches
1827,Wesley Saïd,fr FRA,MF,Lens,fr Ligue 1,30-197,1995,7.0,240,10,56,118,71,18,239,12,7,58.3,5,41.7,134,728,415,12,9,3,12,7,168,26,Matches
1828,Bukayo Saka,eng ENG,FW,Arsenal,eng Premier League,24-058,2001,6.6,325,4,27,96,206,34,324,33,16,48.5,12,36.4,193,1564,857,29,21,12,17,9,220,83,Matches
1829,Mathis Saka,fr FRA,MF,Toulouse,fr Ligue 1,19-043,2006,0.1,6,0,1,5,0,0,6,0,0,,0,,5,6,4,0,0,0,0,0,5,0,Matches
1830,Álex Sala,es ESP,MF,Lecce,it Serie A,24-207,2001,1.2,58,1,8,20,30,2,58,1,0,0.0,1,100.0,27,140,69,3,1,0,2,1,35,6,Matches
1831,Ibrahim Salah,ma MAR,FW,Rennes,fr Ligue 1,24-064,2001,0.4,25,1,2,14,9,1,25,0,0,,0,,9,39,9,0,0,0,0,2,20,3,Matches
1832,Mohamed Salah,eg EGY,FW,Liverpool,eng Premier League,33-140,1992,9.9,404,4,29,108,273,56,403,21,6,28.6,14,66.7,260,1636,883,34,15,17,27,23,319,108,Matches
1833,Jan Salas,es ESP,MF,Mallorca,es La Liga,20-084,2005,0.2,14,3,5,6,3,1,14,1,1,100.0,0,0.0,8,44,30,0,0,0,0,1,8,0,Matches
1834,Kike Salas,es ESP,DF,Sevilla,es La Liga,23-193,2002,4.0,374,43,204,153,19,2,374,1,0,0.0,1,100.0,211,1014,665,2,2,0,2,1,250,2,Matches
1835,Manolis Saliakas,gr GRE,DF,St. Pauli,de Bundesliga,29-051,1996,5.0,411,13,91,179,142,8,411,2,1,50.0,1,50.0,193,716,416,9,3,0,7,1,276,23,Matches
1836,William Saliba,fr FRA,DF,Arsenal,eng Premier League,24-223,2001,7.0,694,53,282,383,30,4,694,2,2,100.0,0,0.0,437,1837,1062,3,3,0,4,1,539,3,Matches
1837,José Salinas,es ESP,DFFW,Espanyol,es La Liga,25-033,2000,0.5,15,0,7,7,2,0,15,0,0,,0,,4,43,42,1,1,0,0,0,4,1,Matches
1838,Mohammed Salisu,gh GHA,DF,Monaco,fr Ligue 1,26-199,1999,6.0,576,59,270,297,14,3,576,1,1,100.0,0,0.0,371,2029,1133,2,4,0,3,1,422,0,Matches
1839,Lazar Samardzic,rs SRB,MF,Atalanta,it Serie A,23-251,2002,4.1,238,5,20,98,123,15,238,9,4,44.4,5,55.6,146,772,381,14,10,3,10,8,174,35,Matches
1840,Mbwana Samatta,tz TAN,FW,Le Havre,fr Ligue 1,32-314,1992,5.7,156,1,4,81,74,28,156,9,4,44.4,3,33.3,82,434,135,6,3,1,21,10,111,30,Matches
1841,Mama Samba Baldé,gw GNB,FW,Brest,fr Ligue 1,29-361,1995,3.9,138,2,14,46,79,27,138,8,1,12.5,6,75.0,84,457,246,10,5,3,10,7,85,28,Matches
1842,Brice Samba,fr FRA,GK,Rennes,fr Ligue 1,31-191,1994,10.0,451,306,445,6,0,0,451,0,0,,0,,258,1318,790,0,0,0,0,0,256,0,Matches
1843,Albert Sambi Lokonga,be BEL,MF,Hamburger SV,de Bundesliga,26-011,1999,2.6,131,7,28,69,34,15,131,4,2,50.0,2,50.0,71,319,135,4,0,3,2,3,85,19,Matches
1844,Antonio Sanabria,py PAR,FW,Cremonese,it Serie A,29-243,1996,4.2,85,9,12,51,23,5,85,4,3,75.0,1,25.0,43,169,61,3,4,1,12,4,63,14,Matches
1845,Oihan Sancet,es ESP,MF,Athletic Club,es La Liga,25-191,2000,6.9,274,9,34,134,108,17,273,11,5,45.5,6,54.5,149,813,351,12,11,0,20,15,211,43,Matches
1846,Alexis Sánchez,cl CHI,FWMF,Sevilla,es La Liga,36-318,1988,4.4,187,2,30,79,81,16,186,7,2,28.6,5,71.4,92,465,180,3,5,2,10,7,117,17,Matches
1847,Antonio Sánchez,es ESP,MFDF,Mallorca,es La Liga,28-305,1997,3.1,136,13,46,63,31,4,136,2,2,100.0,0,0.0,72,400,163,2,1,0,5,3,84,10,Matches
1848,Juanlu Sánchez,es ESP,DFFW,Sevilla,es La Liga,22-079,2003,6.4,369,21,80,156,138,13,369,14,8,57.1,6,42.9,195,961,557,17,5,4,11,6,244,38,Matches
1849,Borja Sánchez Laborde,es ESP,MF,Oviedo,es La Liga,29-249,1996,0.2,14,0,2,11,1,0,14,0,0,,0,,7,29,7,0,0,0,0,0,12,1,Matches
1850,Manu Sánchez,es ESP,DF,Levante,es La Liga,25-070,2000,8.6,425,27,132,148,147,17,425,13,3,23.1,6,46.2,176,1012,531,17,13,2,12,7,194,39,Matches
1851,Robert Sánchez,es ESP,GK,Chelsea,eng Premier League,27-349,1997,9.0,402,313,399,3,0,0,402,0,0,,0,,286,1231,750,0,0,0,0,0,265,0,Matches
1852,Jadon Sancho,eng ENG,FW,Aston Villa,eng Premier League,25-222,2000,0.8,61,2,4,14,43,7,61,4,1,25.0,3,75.0,43,275,168,7,3,2,0,1,47,16,Matches
1853,Álex Sancris,es ESP,FWMF,Getafe,es La Liga,28-288,1997,3.4,126,3,15,47,66,3,126,4,1,25.0,3,75.0,69,380,149,7,4,0,7,4,84,15,Matches
1854,Philipp Sander,de GER,MFDF,Gladbach,de Bundesliga,27-254,1998,6.7,443,34,129,256,63,6,443,3,1,33.3,2,66.7,240,1460,748,6,13,1,4,4,284,11,Matches
1855,James Sands,us USA,MF,St. Pauli,de Bundesliga,25-119,2000,7.3,412,7,80,237,98,10,412,3,1,33.3,2,66.7,150,512,194,5,3,0,10,6,279,22,Matches
1856,Ibou Sané,sn SEN,FWMF,Metz,fr Ligue 1,20-219,2005,2.0,85,0,11,40,36,7,85,7,1,14.3,5,71.4,60,454,239,6,4,2,6,2,66,20,Matches
1857,Sadibou Sané,sn SEN,DF,Metz,fr Ligue 1,21-145,2004,4.4,367,75,233,131,4,1,367,0,0,,0,,221,1201,539,1,1,0,2,0,262,0,Matches
1858,Arouna Sangante,sn SEN,DF,Le Havre,fr Ligue 1,23-204,2002,8.7,609,72,265,336,8,5,609,2,1,50.0,1,50.0,403,2470,1276,7,1,0,3,2,441,1,Matches
1859,Ibrahim Sangaré,ci CIV,MF,Nott'ham Forest,eng Premier League,27-335,1997,4.9,330,20,79,198,53,1,330,5,2,40.0,2,40.0,153,637,336,5,5,0,4,3,213,2,Matches
1860,Mamadou Sangare,ml MLI,MF,Lens,fr Ligue 1,23-129,2002,8.3,507,12,116,287,113,10,507,19,10,52.6,7,36.8,230,1103,567,9,11,2,16,9,313,19,Matches
1861,Nhoa Sangui,fr FRA,DF,Paris FC,fr Ligue 1,19-248,2006,3.7,237,11,65,111,61,2,237,6,1,16.7,4,66.7,103,506,329,9,5,0,4,1,152,20,Matches
1862,Maroan Sannadi,ma MAR,FW,Athletic Club,es La Liga,24-274,2001,2.9,102,2,12,41,52,11,102,4,1,25.0,3,75.0,56,257,87,2,3,0,16,3,83,17,Matches
1863,Kaishu Sano,jp JPN,MF,Mainz 05,de Bundesliga,24-307,2000,9.0,463,17,87,266,118,18,463,13,10,76.9,2,15.4,226,1204,570,13,8,3,19,6,243,23,Matches
1864,Morgan Sanson,fr FRA,MF,Nice,fr Ligue 1,31-076,1994,2.2,75,1,21,34,22,3,75,5,3,60.0,2,40.0,54,359,188,3,4,0,6,2,56,4,Matches
1865,Baptiste Santamaria,fr FRA,MF,Valencia,es La Liga,30-238,1995,7.0,409,32,112,244,56,5,409,11,5,45.5,4,36.4,229,1171,536,8,7,1,11,6,271,5,Matches
1866,Yellu Santiago,es ESP,MF,Hellas Verona,it Serie A,21-161,2004,0.1,12,0,4,4,4,1,12,1,1,100.0,0,0.0,3,13,11,1,0,1,0,0,4,0,Matches
1867,Andrey Santos,br BRA,MF,Chelsea,eng Premier League,21-183,2004,2.5,145,3,27,92,27,9,145,2,1,50.0,1,50.0,75,336,162,4,1,0,3,1,94,10,Matches
1868,Kauã Santos,br BRA,GK,Eint Frankfurt,de Bundesliga,22-205,2003,4.0,174,153,171,3,0,0,174,0,0,,0,,109,428,225,0,0,0,0,0,104,0,Matches
1869,Tiago Santos,pt POR,DF,Lille,fr Ligue 1,23-102,2002,1.2,64,2,12,27,26,2,64,3,0,0.0,3,100.0,41,267,142,6,3,1,6,1,41,9,Matches
1870,Jeremy Sarmiento,ec ECU,MFFW,Cremonese,it Serie A,23-139,2002,1.4,76,0,11,47,24,1,76,7,5,71.4,2,28.6,47,413,258,8,8,0,8,4,41,3,Matches
1871,Amin Sarr,se SWE,FW,Hellas Verona,it Serie A,24-236,2001,3.0,121,3,16,47,59,10,121,10,1,10.0,7,70.0,58,364,128,7,4,2,10,4,76,17,Matches
1872,Ismaila Sarr,sn SEN,MFFW,Crystal Palace,eng Premier League,27-250,1998,7.8,236,17,42,103,99,26,236,14,4,28.6,6,42.9,128,995,579,22,14,8,16,17,160,38,Matches
1873,Malang Sarr,fr FRA,DF,Lens,fr Ligue 1,26-283,1999,9.0,503,98,294,184,27,7,503,2,1,50.0,1,50.0,232,841,405,1,4,0,3,1,263,0,Matches
1874,Mamadou Sarr,fr FRA,DF,Strasbourg,fr Ligue 1,20-065,2005,8.0,616,63,294,314,14,1,616,5,4,80.0,1,20.0,403,1837,846,6,1,0,6,4,431,2,Matches
1875,Martin Satriano,uy URU,FW,Lyon,fr Ligue 1,24-255,2001,3.1,96,0,4,43,49,14,96,8,4,50.0,4,50.0,44,246,79,3,2,0,6,3,59,11,Matches
1876,Mario Sauer,sk SVK,MF,Toulouse,fr Ligue 1,21-171,2004,4.6,200,7,30,111,62,9,200,3,2,66.7,1,33.3,92,487,301,7,5,1,8,1,109,12,Matches
1877,Razvan Sava,ro ROU,GK,Udinese,it Serie A,23-134,2002,6.0,182,142,181,1,0,0,182,0,0,,0,,97,441,283,0,0,0,1,0,83,0,Matches
1878,Sávio,br BRA,MF,Manchester City,eng Premier League,21-206,2004,3.7,208,2,20,65,126,21,208,18,5,27.8,9,50.0,144,990,508,21,7,11,14,5,160,28,Matches
1879,Nicolò Savona,it ITA,DFMF,Nott'ham Forest,eng Premier League,22-228,2003,3.8,216,16,77,81,60,5,216,4,1,25.0,2,50.0,115,408,174,7,4,1,5,1,114,19,Matches
1880,Joe Scally,us USA,DF,Gladbach,de Bundesliga,22-306,2002,7.0,367,22,116,168,86,10,367,7,3,42.9,4,57.1,176,872,374,13,12,2,10,5,219,38,Matches
1881,Giorgio Scalvini,it ITA,DF,Atalanta,it Serie A,21-326,2003,3.2,259,21,105,118,37,9,259,5,2,40.0,3,60.0,158,576,356,2,4,0,3,1,177,8,Matches
1882,Gianluca Scamacca,it ITA,FW,Atalanta,it Serie A,26-305,1999,2.5,97,0,0,50,49,18,97,6,4,66.7,2,33.3,54,205,37,1,4,0,10,5,82,24,Matches
1883,Oliver Scarles,eng ENG,DFMF,West Ham,eng Premier League,19-325,2005,0.8,34,3,13,12,9,0,34,2,0,0.0,2,100.0,13,61,19,0,0,0,0,0,15,2,Matches
1884,Kevin Schade,de GER,FW,Brentford,eng Premier League,23-340,2001,9.2,274,15,47,112,123,35,273,26,6,23.1,18,69.2,119,957,392,17,10,12,29,14,166,30,Matches
1885,András Schäfer,hu HUN,MF,Union Berlin,de Bundesliga,26-203,1999,3.4,152,8,33,75,44,2,152,6,1,16.7,5,83.3,47,132,63,1,2,0,11,3,60,7,Matches
1886,Fabian Schär,ch SUI,DF,Newcastle Utd,eng Premier League,33-317,1991,4.2,307,41,161,127,20,4,307,0,0,,0,,196,740,428,3,1,0,3,0,210,1,Matches
1887,Derry Scherhant,de GER,FW,Freiburg,de Bundesliga,22-357,2002,3.1,128,2,19,35,77,16,128,16,3,18.8,11,68.8,66,541,289,9,9,4,8,3,74,27,Matches
1888,Patrik Schick,cz CZE,FW,Leverkusen,de Bundesliga,29-282,1996,5.5,160,10,23,63,75,16,158,5,2,40.0,3,60.0,56,191,69,2,2,1,18,2,107,18,Matches
1889,Stefan Schimmer,de GER,FW,Heidenheim,de Bundesliga,31-188,1994,2.4,74,5,10,22,42,12,74,3,1,33.3,1,33.3,34,119,42,2,1,0,6,2,54,9,Matches
1890,Xaver Schlager,at AUT,MF,RB Leipzig,de Bundesliga,28-035,1997,2.8,181,9,33,113,37,4,181,4,4,100.0,0,0.0,105,666,335,10,5,1,5,2,123,5,Matches
1891,Keven Schlotterbeck,de GER,DF,Augsburg,de Bundesliga,28-188,1997,4.5,283,28,116,138,30,8,283,2,2,100.0,0,0.0,138,483,202,1,2,0,4,0,171,12,Matches
1892,Nico Schlotterbeck,de GER,DF,Dortmund,de Bundesliga,25-336,1999,5.0,433,48,174,226,39,4,433,6,3,50.0,3,50.0,262,1332,708,5,5,0,1,2,293,2,Matches
1893,Romano Schmid,at AUT,MFFW,Werder Bremen,de Bundesliga,25-279,2000,8.6,456,5,43,208,212,22,453,17,6,35.3,10,58.8,259,1483,820,19,19,2,15,17,327,49,Matches
1894,Isaac Schmidt,ch SUI,DFMF,Werder Bremen,de Bundesliga,25-330,1999,1.3,104,5,35,40,31,4,104,3,2,66.7,1,33.3,42,238,108,6,2,2,8,2,53,10,Matches
1895,Joël Schmied,ch SUI,DF,Köln,de Bundesliga,27-040,1998,6.6,296,27,133,129,34,4,296,0,0,,0,,147,675,205,3,4,0,6,0,181,6,Matches
1896,Jan Schöppner,de GER,MF,Heidenheim,de Bundesliga,26-143,1999,7.4,294,30,98,130,72,13,294,12,5,41.7,7,58.3,123,704,326,7,6,0,7,5,167,22,Matches
1897,Marvin Schwäbe,de GER,GK,Köln,de Bundesliga,30-191,1995,8.0,413,310,405,8,0,0,413,0,0,,0,,203,901,582,0,0,0,1,0,209,0,Matches
1898,Léo Scienza,br BRA,MFFW,Heidenheim,de Bundesliga,27-050,1998,2.0,74,0,8,32,35,5,74,10,3,30.0,6,60.0,56,444,242,11,4,2,6,2,53,10,Matches
1899,Alex Scott,eng ENG,MF,Bournemouth,eng Premier League,22-073,2003,6.6,403,16,77,215,115,7,403,16,4,25.0,9,56.3,214,1274,552,14,15,2,9,5,258,17,Matches
1900,Sebastian Sebulonsen,no NOR,DF,Köln,de Bundesliga,25-279,2000,7.1,300,25,107,82,114,17,300,10,4,40.0,6,60.0,108,549,286,8,4,3,12,2,133,34,Matches
1901,Jenson Seelt,nl NED,DF,Sunderland,eng Premier League,22-163,2003,1.5,125,16,47,73,6,0,125,0,0,,0,,88,524,358,2,1,0,0,1,85,0,Matches
1902,Jenson Seelt,nl NED,DF,Wolfsburg,de Bundesliga,22-163,2003,1.1,64,20,30,34,1,0,64,1,0,0.0,1,100.0,26,137,66,1,0,0,0,0,31,0,Matches
1903,Alidu Seidu,gh GHA,DF,Rennes,fr Ligue 1,25-151,2000,4.8,396,18,98,236,67,2,396,9,5,55.6,3,33.3,259,1547,808,11,8,0,6,7,259,16,Matches
1904,Nicolas Seiwald,at AUT,MF,RB Leipzig,de Bundesliga,24-182,2001,8.2,397,38,163,195,41,10,397,4,3,75.0,0,0.0,198,842,362,3,2,1,4,2,229,6,Matches
1905,Ayumu Seko,jp JPN,MFDF,Le Havre,fr Ligue 1,25-148,2000,9.2,374,33,118,211,45,4,374,0,0,,0,,184,765,338,2,6,0,4,1,232,8,Matches
1906,Matz Sels,be BEL,GK,Nott'ham Forest,eng Premier League,33-249,1992,10.0,319,247,311,8,0,0,319,0,0,,0,,167,853,453,0,0,0,0,0,140,0,Matches
1907,Antoine Semenyo,gh GHA,FWMF,Bournemouth,eng Premier League,25-299,2000,9.0,402,9,54,140,223,37,401,41,20,48.8,17,41.5,228,1759,932,28,17,11,23,18,249,51,Matches
1908,Adrian Šemper,hr CRO,GK,Pisa,it Serie A,27-294,1998,9.0,315,275,313,2,0,0,315,0,0,,0,,190,963,634,0,0,0,0,0,160,0,Matches
1909,Marvin Senaya,tg TOG,DF,Auxerre,fr Ligue 1,24-278,2001,10.6,575,30,219,245,118,10,575,13,2,15.4,10,76.9,288,1266,574,13,7,2,8,2,312,22,Matches
1910,Marcos Senesi,ar ARG,DF,Bournemouth,eng Premier League,28-176,1997,8.9,694,100,326,332,38,9,694,1,1,100.0,0,0.0,403,1947,1303,5,2,0,6,3,433,2,Matches
1911,Suat Serdar,de GER,MF,Hellas Verona,it Serie A,28-205,1997,8.4,354,14,73,177,107,18,354,14,8,57.1,3,21.4,196,993,489,15,6,3,11,6,201,8,Matches
1912,Nicolás Serrano,es ESP,FW,Athletic Club,es La Liga,22-242,2003,1.3,89,1,5,28,57,7,89,7,2,28.6,4,57.1,50,299,128,6,5,2,3,2,64,20,Matches
1913,Benjamin Šeško,si SVN,FW,Manchester Utd,eng Premier League,22-155,2003,6.5,179,8,18,94,70,23,179,8,2,25.0,6,75.0,79,275,124,4,3,2,11,5,120,23,Matches
1914,Ryan Sessegnon,eng ENG,DF,Fulham,eng Premier League,25-168,2000,8.3,521,36,184,204,136,24,521,10,3,30.0,7,70.0,243,1312,656,20,13,7,18,7,272,41,Matches
1915,Stephan El Shaarawy,it ITA,MFFW,Roma,it Serie A,33-006,1992,1.4,83,2,8,33,43,6,83,3,0,0.0,2,66.7,47,354,223,9,7,2,3,1,62,12,Matches
1916,Luke Shaw,eng ENG,DF,Manchester Utd,eng Premier League,30-113,1995,9.4,597,47,224,315,61,1,597,6,1,16.7,5,83.3,321,1602,911,9,13,0,2,3,368,7,Matches
1917,Kwasi Sibo,gh GHA,MF,Oviedo,es La Liga,27-131,1998,3.6,162,12,74,77,13,0,162,3,2,66.7,1,33.3,83,325,105,0,2,0,3,5,97,0,Matches
1918,Djibril Sidibé,fr FRA,DFMF,Toulouse,fr Ligue 1,33-096,1992,6.1,312,20,87,150,78,9,312,3,2,66.7,1,33.3,156,717,424,5,2,0,7,0,191,29,Matches
1919,Armindo Sieb,de GER,FWMF,Mainz 05,de Bundesliga,22-258,2003,3.2,117,1,9,37,73,20,117,5,3,60.0,1,20.0,63,431,213,9,8,6,13,10,76,21,Matches
1920,Jamil Siebert,de GER,DF,Lecce,it Serie A,23-214,2002,0.9,47,14,30,17,0,0,47,0,0,,0,,27,63,8,0,0,0,0,1,28,0,Matches
1921,Francisco Sierralta,cl CHI,DF,Auxerre,fr Ligue 1,28-180,1997,8.6,457,56,229,207,24,17,457,2,2,100.0,0,0.0,250,1029,381,1,0,0,3,0,287,2,Matches
1922,Tim Siersleben,de GER,DF,Heidenheim,de Bundesliga,25-238,2000,6.0,333,54,186,124,25,5,333,0,0,,0,,151,871,599,7,2,1,7,2,191,7,Matches
1923,André Silva,pt POR,FW,Elche,es La Liga,29-361,1995,6.0,226,5,11,108,107,29,226,15,8,53.3,4,26.7,138,647,337,14,7,4,23,10,177,35,Matches
1924,Bernardo Silva,pt POR,MF,Manchester City,eng Premier League,31-084,1994,5.2,315,13,74,146,96,10,315,10,2,20.0,7,70.0,192,934,372,7,6,3,11,8,214,26,Matches
1925,Caio Henrique Oliveira Silva,br BRA,DF,Monaco,fr Ligue 1,28-094,1997,6.6,454,17,92,234,130,6,454,7,2,28.6,5,71.4,233,1093,597,9,10,0,3,2,288,30,Matches
1926,Fábio Silva,pt POR,FWMF,Dortmund,de Bundesliga,23-106,2002,0.4,25,0,0,6,19,4,25,3,2,66.7,1,33.3,19,94,44,1,2,0,1,3,23,10,Matches
1927,Jota Silva,pt POR,FW,Nott'ham Forest,eng Premier League,26-093,1999,0.1,7,0,2,1,4,2,7,0,0,,0,,2,3,2,0,0,0,1,0,4,1,Matches
1928,Marco Silvestri,it ITA,GK,Cremonese,it Serie A,34-245,1991,4.0,169,160,169,0,0,0,169,0,0,,0,,80,321,189,0,0,0,0,0,69,0,Matches
1929,Abdallah Sima,sn SEN,MF,Lens,fr Ligue 1,24-138,2001,1.4,65,1,12,25,29,5,65,2,0,0.0,2,100.0,25,166,56,3,2,1,7,0,40,9,Matches
1930,Giovanni Simeone,ar ARG,FW,Torino,it Serie A,30-120,1995,6.6,208,6,12,105,95,28,208,17,6,35.3,8,47.1,131,698,237,11,3,5,24,16,154,37,Matches
1931,Giuliano Simeone,ar ARG,MFFW,Atlético Madrid,es La Liga,22-319,2002,9.1,504,10,87,183,240,50,504,30,14,46.7,12,40.0,303,1543,770,31,16,14,25,9,359,86,Matches
1932,Moses Simon,ng NGA,FWMF,Paris FC,fr Ligue 1,30-113,1995,9.2,315,1,27,91,202,37,315,30,11,36.7,18,60.0,205,1506,827,40,17,16,18,21,234,91,Matches
1933,Unai Simón,es ESP,GK,Athletic Club,es La Liga,28-144,1997,11.0,390,276,381,10,0,0,390,0,0,,0,,198,1097,681,0,0,0,1,0,178,0,Matches
1934,Xavi Simons,nl NED,FWMF,Tottenham,eng Premier League,22-195,2003,5.0,278,5,43,116,125,6,278,21,6,28.6,11,52.4,151,1133,575,18,15,5,18,7,180,23,Matches
1935,Xavi Simons,nl NED,MF,RB Leipzig,de Bundesliga,22-195,2003,1.0,49,3,18,22,11,1,49,4,2,50.0,2,50.0,31,196,98,3,0,0,3,0,33,3,Matches
1936,Danel Sinani,lu LUX,MFFW,St. Pauli,de Bundesliga,28-211,1997,8.3,570,4,40,297,239,24,569,13,6,46.2,6,46.2,250,1156,492,12,11,4,18,13,402,48,Matches
1937,Lassine Sinayoko,ml MLI,FWMF,Auxerre,fr Ligue 1,25-329,1999,10.2,339,3,24,140,180,40,338,32,13,40.6,18,56.3,206,1035,437,15,11,5,22,20,250,68,Matches
1938,Antonio Sivera,es ESP,GK,Alavés,es La Liga,29-083,1996,10.0,285,219,284,1,0,0,285,0,0,,0,,116,690,442,0,0,0,0,0,87,0,Matches
1939,Telli Siwe,fr FRA,DF,Auxerre,fr Ligue 1,20-323,2004,2.5,97,14,48,44,7,1,97,4,1,25.0,3,75.0,52,162,57,2,1,0,2,2,53,0,Matches
1940,Tim Skarke,de GER,MFDF,Union Berlin,de Bundesliga,29-056,1996,3.5,127,5,22,52,55,11,127,3,1,33.3,2,66.7,67,292,111,7,3,3,7,2,73,20,Matches
1941,Ellyes Skhiri,tn TUN,MF,Eint Frankfurt,de Bundesliga,30-176,1995,4.1,290,18,91,162,37,4,290,2,1,50.0,0,0.0,136,554,246,1,3,0,4,1,193,3,Matches
1942,Leo Skiri Østigård,no NOR,DF,Genoa,it Serie A,25-339,1999,6.5,478,56,268,195,15,6,478,0,0,,0,,261,1113,462,0,1,0,2,1,298,0,Matches
1943,Łukasz Skorupski,pl POL,GK,Bologna,it Serie A,34-181,1991,8.0,406,269,405,1,0,0,406,0,0,,0,,245,1050,676,0,0,0,0,0,244,0,Matches
1944,Andreas Skov Olsen,dk DEN,FW,Wolfsburg,de Bundesliga,25-308,1999,4.0,162,9,36,57,69,10,162,4,3,75.0,1,25.0,98,490,251,8,4,3,4,1,122,23,Matches
1945,Robert Skov,dk DEN,DF,Union Berlin,de Bundesliga,29-166,1996,2.4,109,5,31,46,32,2,109,3,3,100.0,0,0.0,56,335,183,8,3,1,5,2,52,1,Matches
1946,Adam Smith,eng ENG,DF,Bournemouth,eng Premier League,34-187,1991,2.3,106,6,25,61,20,2,106,1,0,0.0,0,0.0,32,121,61,1,2,1,3,0,56,2,Matches
1947,Eric Smith,se SWE,DF,St. Pauli,de Bundesliga,28-298,1997,9.0,714,57,281,387,48,2,714,6,5,83.3,1,16.7,341,1432,725,5,7,1,7,1,482,7,Matches
1948,Emile Smith Rowe,eng ENG,MF,Fulham,eng Premier League,25-097,2000,2.5,171,3,23,70,78,9,171,7,1,14.3,6,85.7,96,438,233,5,5,2,4,0,123,12,Matches
1949,Ivan Smolčić,hr CRO,DF,Como,it Serie A,25-077,2000,5.6,373,23,126,193,54,5,373,0,0,,0,,169,563,284,3,3,0,3,1,210,16,Matches
1950,Simon Sohm,ch SUI,MF,Fiorentina,it Serie A,24-205,2001,3.4,176,4,37,115,26,5,176,6,3,50.0,2,33.3,111,545,336,10,4,0,4,4,131,10,Matches
1951,Alex Sola,es ESP,FW,Getafe,es La Liga,26-146,1999,0.1,7,0,0,5,2,0,7,4,0,0.0,2,50.0,4,11,7,0,0,0,1,0,3,1,Matches
1952,Dominic Solanke,eng ENG,FW,Tottenham,eng Premier League,28-049,1997,0.4,11,1,3,2,6,4,11,0,0,,0,,5,15,1,0,0,0,2,0,6,2,Matches
1953,Carlos Soler,es ESP,MF,Real Sociedad,es La Liga,28-304,1997,4.2,233,2,30,132,72,9,233,7,4,57.1,2,28.6,142,725,463,11,9,0,3,4,165,8,Matches
1954,Julio Soler,ar ARG,FW,Bournemouth,eng Premier League,20-259,2005,0.0,0,0,0,0,0,0,0,0,0,,0,,0,0,0,0,0,0,0,0,0,0,Matches
1955,Oumar Solet,fr FRA,DF,Udinese,it Serie A,25-268,2000,9.7,726,102,299,359,76,8,726,16,6,37.5,6,37.5,430,2630,1504,15,17,2,8,4,467,6,Matches
1956,Jhon Solis,co COL,MF,Girona,es La Liga,21-030,2004,3.6,173,7,49,99,27,2,173,10,3,30.0,7,70.0,111,634,236,3,3,0,5,3,117,3,Matches
1957,Manor Solomon,il ISR,MF,Villarreal,es La Liga,26-101,1999,1.2,62,0,9,12,41,2,62,9,5,55.6,4,44.4,36,234,103,4,2,0,6,2,34,10,Matches
1958,Yann Sommer,ch SUI,GK,Inter,it Serie A,36-320,1988,7.0,265,193,257,8,0,0,265,0,0,,0,,167,744,500,0,0,0,0,0,171,0,Matches
1959,Oliver Sonne,pe PER,DFFW,Burnley,eng Premier League,24-357,2000,1.2,38,0,13,8,17,2,38,2,1,50.0,1,50.0,13,31,12,0,0,0,0,0,17,3,Matches
1960,David Soria,es ESP,GK,Getafe,es La Liga,32-212,1993,11.0,348,253,345,3,0,0,348,0,0,,0,,123,783,518,0,0,0,0,0,100,0,Matches
1961,Borna Sosa,hr CRO,DF,Crystal Palace,eng Premier League,27-285,1998,0.0,5,1,1,3,2,0,5,0,0,,0,,2,39,32,0,0,0,0,0,1,0,Matches
1962,Hugo Sotelo,es ESP,MF,Celta Vigo,es La Liga,21-318,2003,6.8,546,20,108,335,106,2,546,1,0,0.0,1,100.0,295,1537,776,12,8,1,4,5,388,6,Matches
1963,Florian Sotoca,fr FRA,MFFW,Lens,fr Ligue 1,35-008,1990,0.3,20,0,7,6,7,0,20,1,1,100.0,0,0.0,12,37,22,1,1,0,2,1,14,1,Matches
1964,Riccardo Sottil,it ITA,FW,Lecce,it Serie A,26-152,1999,2.7,107,0,6,27,77,4,107,15,2,13.3,9,60.0,74,603,286,9,8,2,7,2,79,21,Matches
1965,Tomáš Souček,cz CZE,MF,West Ham,eng Premier League,30-248,1995,4.1,207,22,62,108,37,7,207,3,0,0.0,3,100.0,80,236,103,1,1,0,4,0,116,7,Matches
1966,Matìas Soulé,ar ARG,MFFW,Roma,it Serie A,22-201,2003,7.3,419,7,23,190,215,22,419,32,11,34.4,12,37.5,269,1875,930,33,32,10,16,14,319,58,Matches
1967,Aboubaka Soumahoro,fr FRA,DF,Hamburger SV,de Bundesliga,20-271,2005,0.5,27,6,14,11,2,0,27,0,0,,0,,19,73,17,0,0,0,1,0,19,0,Matches
1968,Sambou Soumano,sn SEN,FW,Lorient,fr Ligue 1,24-303,2001,3.8,106,4,9,58,40,16,105,5,3,60.0,2,40.0,55,255,81,3,0,0,9,10,68,16,Matches
1969,Issa Soumaré,sn SEN,FWMF,Le Havre,fr Ligue 1,25-023,2000,10.0,364,12,47,155,168,30,363,25,9,36.0,15,60.0,215,1434,571,25,13,8,36,17,271,62,Matches
1970,Vinicius Souza,br BRA,MF,Wolfsburg,de Bundesliga,26-138,1999,6.7,310,46,120,145,46,3,310,4,0,0.0,4,100.0,119,492,214,1,3,0,9,1,152,6,Matches
1971,Djibril Sow,ch SUI,MF,Sevilla,es La Liga,28-269,1997,5.4,264,1,42,161,63,7,264,7,1,14.3,4,57.1,159,915,381,8,8,2,7,4,193,9,Matches
1972,Djed Spence,eng ENG,DF,Tottenham,eng Premier League,25-085,2000,7.4,446,24,126,211,113,7,446,20,6,30.0,13,65.0,256,1610,866,24,18,3,9,11,300,35,Matches
1973,Leonardo Spinazzola,it ITA,DFMF,Napoli,it Serie A,32-222,1993,5.9,377,15,76,168,137,21,377,16,5,31.3,8,50.0,220,1586,824,24,15,7,13,4,255,27,Matches
1974,Anton Stach,de GER,MF,Leeds United,eng Premier League,26-352,1998,7.9,419,14,71,210,143,15,419,15,6,40.0,7,46.7,193,995,472,13,14,3,5,5,262,22,Matches
1975,Jens Stage,dk DEN,MF,Werder Bremen,de Bundesliga,28-359,1996,6.2,299,23,118,137,45,16,299,9,5,55.6,3,33.3,146,664,265,2,2,0,4,3,187,10,Matches
1976,Benjamin Stambouli,fr FRA,MF,Metz,fr Ligue 1,35-081,1990,5.9,323,23,128,172,25,6,323,6,4,66.7,2,33.3,193,684,319,2,5,0,8,4,231,2,Matches
1977,Nicolae Stanciu,ro ROU,MFFW,Genoa,it Serie A,32-179,1993,1.9,110,2,14,55,42,5,110,2,1,50.0,1,50.0,64,339,149,3,3,0,3,2,68,8,Matches
1978,Otto Stange,de GER,MF,Hamburger SV,de Bundesliga,18-266,2007,0.2,7,0,1,1,5,2,7,0,0,,0,,2,8,6,1,0,1,2,0,2,2,Matches
1979,Josip Stanišić,hr CRO,DF,Bayern Munich,de Bundesliga,25-214,2000,3.1,228,20,52,116,61,7,228,1,0,0.0,1,100.0,142,614,308,5,8,2,5,0,156,14,Matches
1980,Carl Starfelt,se SWE,DF,Celta Vigo,es La Liga,30-154,1995,1.9,154,34,70,79,5,2,154,1,0,0.0,1,100.0,85,240,89,0,0,0,2,0,113,0,Matches
1981,Niklas Stark,de GER,DF,Werder Bremen,de Bundesliga,30-202,1995,1.6,104,18,48,55,1,0,104,0,0,,0,,63,356,197,0,0,0,1,0,64,0,Matches
1982,Orri Steinn Óskarsson,is ISL,FW,Real Sociedad,es La Liga,21-065,2004,1.3,30,3,3,13,14,6,30,1,1,100.0,0,0.0,16,41,20,0,0,0,3,1,21,9,Matches
1983,Calvin Stengs,nl NED,MF,Pisa,it Serie A,26-319,1998,0.1,23,0,0,11,12,0,23,0,0,,0,,17,118,79,4,1,0,0,2,17,1,Matches
1984,Pascal Stenzel,de GER,DF,Stuttgart,de Bundesliga,29-227,1996,0.7,51,1,11,23,18,2,51,0,0,,0,,31,120,53,0,2,0,0,0,31,7,Matches
1985,Angelo Stiller,de GER,MF,Stuttgart,de Bundesliga,24-212,2001,7.6,671,21,108,406,164,15,670,10,7,70.0,3,30.0,350,1513,827,19,11,2,4,3,472,16,Matches
1986,Kevin Stöger,at AUT,MF,Gladbach,de Bundesliga,32-067,1993,4.5,264,0,31,138,96,9,263,8,2,25.0,6,75.0,108,544,222,6,7,0,3,4,169,28,Matches
1987,John Stones,eng ENG,DF,Manchester City,eng Premier League,31-158,1994,3.6,274,32,129,124,24,1,274,2,2,100.0,0,0.0,175,955,460,3,3,0,2,1,204,4,Matches
1988,Jørgen Strand Larsen,no NOR,FW,Wolves,eng Premier League,25-269,2000,6.9,178,10,17,86,75,30,177,5,3,60.0,2,40.0,93,311,123,2,1,1,17,6,137,25,Matches
1989,Pascal Struijk,nl NED,DF,Leeds United,eng Premier League,26-083,1999,8.0,591,64,270,293,28,12,591,0,0,,0,,343,1520,852,1,0,0,3,5,421,3,Matches
1990,Cristhian Stuani,uy URU,FW,Girona,es La Liga,39-021,1986,1.9,40,4,8,23,9,6,37,1,1,100.0,0,0.0,10,35,2,0,0,0,3,1,20,3,Matches
1991,Nikola Štulić,rs SRB,FW,Lecce,it Serie A,24-055,2001,5.5,154,5,10,67,80,22,154,6,2,33.3,2,33.3,64,206,84,3,5,0,16,3,101,27,Matches
1992,Denis Suárez,es ESP,MF,Alavés,es La Liga,31-300,1994,2.9,208,6,34,121,56,3,208,14,5,35.7,7,50.0,120,674,403,9,9,0,4,2,149,3,Matches
1993,Gabriel Suazo,cl CHI,DFMF,Sevilla,es La Liga,28-085,1997,8.3,569,21,162,245,169,10,569,14,7,50.0,5,35.7,238,1098,541,14,8,1,13,9,293,47,Matches
1994,Luka Sučić,hr CRO,MF,Real Sociedad,es La Liga,23-055,2002,1.4,70,0,7,37,28,3,70,4,2,50.0,2,50.0,44,265,134,2,3,0,2,2,47,4,Matches
1995,Petar Sucic,hr CRO,MF,Inter,it Serie A,22-008,2003,4.4,248,8,45,121,83,10,248,7,4,57.1,3,42.9,140,836,432,12,10,1,4,5,193,28,Matches
1996,Yukinari Sugawara,jp JPN,DF,Werder Bremen,de Bundesliga,25-127,2000,7.8,508,36,170,218,120,18,508,9,3,33.3,6,66.7,251,1209,654,16,11,3,9,1,306,46,Matches
1997,Pavel Šulc,cz CZE,FWMF,Lyon,fr Ligue 1,24-308,2000,4.5,145,0,16,60,69,19,145,8,4,50.0,3,37.5,74,373,190,8,7,4,14,5,97,17,Matches
1998,Niklas Süle,de GER,DF,Dortmund,de Bundesliga,30-060,1995,0.5,18,0,6,9,3,0,18,0,0,,0,,16,69,15,0,0,0,0,1,14,0,Matches
1999,Kamaldeen Sulemana,gh GHA,MF,Atalanta,it Serie A,23-260,2002,5.3,214,3,24,98,102,23,214,31,9,29.0,18,58.1,149,1031,544,19,13,7,12,7,167,43,Matches
2000,Crysencio Summerville,nl NED,MFFW,West Ham,eng Premier League,24-003,2001,5.3,221,12,34,89,104,16,221,25,10,40.0,11,44.0,129,1133,441,12,17,5,14,8,151,33,Matches
2001,Yuito Suzuki,jp JPN,MF,Freiburg,de Bundesliga,24-008,2001,2.3,68,2,16,32,21,7,68,2,0,0.0,2,100.0,37,201,98,6,3,2,4,5,42,10,Matches
2002,Zion Suzuki,jp JPN,GK,Parma,it Serie A,23-073,2002,9.0,390,273,373,17,0,0,390,0,0,,0,,199,1095,728,0,0,0,0,0,155,0,Matches
2003,Mattias Svanberg,se SWE,MF,Wolfsburg,de Bundesliga,26-301,1999,3.5,123,7,35,62,26,9,123,2,0,0.0,2,100.0,61,209,108,3,1,2,3,0,76,7,Matches
2004,Daniel Svensson,se SWE,DFMF,Dortmund,de Bundesliga,23-263,2002,8.3,474,23,99,191,186,15,474,3,2,66.7,0,0.0,214,1056,540,16,8,2,5,5,262,61,Matches
2005,Mile Svilar,rs SRB,GK,Roma,it Serie A,26-067,1999,9.0,366,306,363,3,0,0,366,0,0,,0,,211,1173,628,0,0,0,0,0,191,0,Matches
2006,Williot Swedberg,se SWE,MFFW,Celta Vigo,es La Liga,21-274,2004,2.6,77,3,5,29,43,10,77,7,2,28.6,3,42.9,46,174,61,2,0,1,5,6,61,17,Matches
2007,Lamine Sy,mr MTN,DF,Auxerre,fr Ligue 1,23-084,2002,0.4,33,1,8,15,10,0,33,1,1,100.0,0,0.0,18,199,139,5,3,0,1,0,19,4,Matches
2008,Fodé Sylla,fr FRA,MF,Lens,fr Ligue 1,19-200,2006,0.7,51,5,20,30,2,0,51,1,0,0.0,1,100.0,25,91,34,0,0,0,0,0,30,0,Matches
2009,Wojciech Szczęsny,pl POL,GK,Barcelona,es La Liga,35-198,1990,4.0,149,120,143,6,0,0,149,0,0,,0,,81,298,135,0,0,0,0,0,78,0,Matches
2010,Dominik Szoboszlai,hu HUN,MFDF,Liverpool,eng Premier League,25-008,2000,10.0,806,30,181,394,244,20,806,16,8,50.0,6,37.5,457,2468,1382,28,34,3,7,6,530,46,Matches
2011,Alexander Sørloth,no NOR,FW,Atlético Madrid,es La Liga,29-332,1995,4.8,159,2,12,75,74,26,159,13,4,30.8,7,53.8,67,408,191,12,5,8,14,9,126,29,Matches
2012,Musa Al-Taamari,jo JOR,FWDF,Rennes,fr Ligue 1,28-145,1997,4.7,209,3,19,58,134,29,209,20,5,25.0,15,75.0,127,1000,551,24,13,13,9,6,133,43,Matches
2013,Haris Tabakovic,ba BIH,FW,Gladbach,de Bundesliga,31-135,1994,5.3,145,17,21,76,49,25,145,4,1,25.0,3,75.0,66,193,54,3,0,3,15,5,114,17,Matches
2014,Nicolás Tagliafico,ar ARG,DF,Lyon,fr Ligue 1,33-063,1992,5.1,337,19,100,175,65,10,337,4,2,50.0,2,50.0,165,715,376,8,8,0,2,0,206,12,Matches
2015,Jonathan Tah,de GER,DF,Bayern Munich,de Bundesliga,29-264,1996,7.7,618,55,221,369,30,4,618,0,0,,0,,413,1929,1021,2,8,0,5,1,458,0,Matches
2016,Chemsdine Talbi,ma MAR,FWMF,Sunderland,eng Premier League,20-177,2005,6.2,210,9,35,80,101,16,210,4,2,50.0,2,50.0,131,740,389,11,8,0,10,3,146,34,Matches
2017,Montassar Talbi,tn TUN,DF,Lorient,fr Ligue 1,27-160,1998,10.0,550,81,304,223,24,11,550,1,1,100.0,0,0.0,351,1769,947,9,4,0,3,1,370,4,Matches
2018,Adrien Tameze,cm CMR,DFMF,Torino,it Serie A,31-271,1994,4.7,235,18,84,121,31,3,235,2,0,0.0,2,100.0,109,454,214,2,5,0,3,1,144,6,Matches
2019,Ao Tanaka,jp JPN,MF,Leeds United,eng Premier League,27-053,1998,3.6,230,2,42,150,40,3,230,2,0,0.0,1,50.0,140,580,288,2,5,0,4,4,170,4,Matches
2020,Axel Tapé,fr FRA,DF,Leverkusen,de Bundesliga,18-084,2007,1.8,86,1,24,46,18,2,86,12,6,50.0,4,33.3,61,360,163,3,0,1,5,2,67,5,Matches
2021,Edmond Tapsoba,bf BFA,DF,Leverkusen,de Bundesliga,26-273,1999,9.0,862,88,363,454,48,10,862,3,1,33.3,2,66.7,564,2916,1651,3,8,0,4,0,636,4,Matches
2022,James Tarkowski,eng ENG,DF,Everton,eng Premier League,32-348,1992,9.0,523,89,260,229,35,13,523,4,2,50.0,2,50.0,270,1329,793,5,3,1,6,0,287,3,Matches
2023,César Tárrega,es ESP,DF,Valencia,es La Liga,23-249,2002,11.0,718,138,435,268,18,3,718,5,3,60.0,1,20.0,368,1659,908,4,1,0,5,1,443,1,Matches
2024,Tylel Tati,fr FRA,DF,Nantes,fr Ligue 1,17-287,2008,8.7,513,107,335,174,7,1,513,7,5,71.4,2,28.6,341,1461,736,3,1,0,4,1,365,0,Matches
2025,Nuno Tavares,pt POR,DF,Lazio,it Serie A,25-280,2000,5.1,403,11,119,187,105,8,403,23,13,56.5,8,34.8,216,1306,802,23,14,6,11,4,262,17,Matches
2026,Marcus Tavernier,eng ENG,MFFW,Bournemouth,eng Premier League,26-225,1999,7.5,376,9,49,150,184,30,375,27,9,33.3,17,63.0,219,1226,477,20,14,4,16,18,258,51,Matches
2027,Loum Tchaouna,fr FRA,MF,Burnley,eng Premier League,22-055,2003,4.2,138,4,19,56,65,5,138,9,1,11.1,6,66.7,61,301,120,4,5,0,7,5,76,15,Matches
2028,Jackson Tchatchoua,cm CMR,DFMF,Wolves,eng Premier League,24-049,2001,4.8,271,22,67,122,84,8,271,5,2,40.0,3,60.0,117,557,259,10,6,1,9,2,148,34,Matches
2029,Aurélien Tchouaméni,fr FRA,MF,Real Madrid,es La Liga,25-279,2000,9.7,652,30,135,392,128,10,652,3,0,0.0,3,100.0,369,1587,682,10,6,1,3,0,467,9,Matches
2030,Mathys Tel,fr FRA,FW,Tottenham,eng Premier League,20-189,2005,2.7,64,2,6,32,27,8,64,4,2,50.0,2,50.0,40,272,97,4,1,4,9,2,48,14,Matches
2031,Nathan Tella,ng NGA,MFFW,Leverkusen,de Bundesliga,26-120,1999,2.8,89,1,9,38,45,7,89,11,4,36.4,6,54.5,60,372,241,7,9,4,4,4,61,11,Matches
2032,Nahuel Tenaglia,ar ARG,DF,Alavés,es La Liga,29-254,1996,9.0,435,45,188,235,18,9,435,5,3,60.0,1,20.0,232,1147,674,3,2,0,4,0,252,2,Matches
2033,Arnau Tenas,es ESP,GK,Villarreal,es La Liga,24-156,2001,3.0,100,78,100,0,0,0,100,0,0,,0,,46,217,150,0,0,0,0,0,42,0,Matches
2034,Filippo Terracciano,it ITA,DF,Cremonese,it Serie A,22-267,2003,8.9,604,65,258,295,54,5,604,4,3,75.0,1,25.0,312,1135,490,6,2,0,8,0,344,5,Matches
2035,Pietro Terracciano,it ITA,GK,Milan,it Serie A,35-239,1990,1.4,36,33,36,0,0,0,36,0,0,,0,,18,103,60,0,0,0,0,0,18,0,Matches
2036,Ramón Terrats,es ESP,MF,Espanyol,es La Liga,25-015,2000,1.1,55,2,10,31,15,1,55,4,3,75.0,1,25.0,30,124,57,1,0,0,5,4,32,9,Matches
2037,Martin Terrier,fr FRA,MFFW,Leverkusen,de Bundesliga,28-243,1997,0.5,29,0,7,11,11,3,29,1,1,100.0,0,0.0,17,92,53,3,1,2,2,2,20,5,Matches
2038,Tanner Tessmann,us USA,MF,Lyon,fr Ligue 1,24-039,2001,8.4,527,42,151,293,90,16,527,11,4,36.4,6,54.5,315,1470,660,6,7,0,9,5,373,14,Matches
2039,Kenny Tete,nl NED,DF,Fulham,eng Premier League,30-024,1995,7.0,450,34,159,207,91,8,450,9,2,22.2,3,33.3,208,833,482,9,7,1,5,6,243,10,Matches
2040,Jordan Teze,nl NED,MFDF,Monaco,fr Ligue 1,26-033,1999,8.9,590,22,124,318,154,3,590,5,1,20.0,4,80.0,274,1176,568,16,14,0,11,7,362,28,Matches
2041,Florian Thauvin,fr FRA,MF,Lens,fr Ligue 1,32-280,1993,8.4,482,1,53,186,251,46,480,37,15,40.5,21,56.8,286,1632,793,33,17,13,23,20,369,73,Matches
2042,Arthur Theate,be BEL,DF,Eint Frankfurt,de Bundesliga,25-161,2000,9.0,818,69,318,423,81,11,818,5,1,20.0,4,80.0,497,2207,1384,19,11,2,6,0,577,10,Matches
2043,Thiago,br BRA,FW,Brentford,eng Premier League,24-129,2001,9.2,262,23,46,108,111,32,260,11,6,54.5,5,45.5,97,432,131,4,6,3,25,9,156,28,Matches
2044,Malick Thiaw,de GER,DF,Newcastle Utd,eng Premier League,24-086,2001,5.0,287,33,130,142,16,8,287,1,0,0.0,0,0.0,165,784,446,4,2,0,1,0,173,3,Matches
2045,Jan Thielmann,de GER,FWMF,Köln,de Bundesliga,23-160,2002,4.9,135,7,25,55,56,17,135,7,2,28.6,5,71.4,84,456,209,6,9,3,3,8,94,19,Matches
2046,Adrien Thomasson,fr FRA,MF,Lens,fr Ligue 1,31-327,1993,10.0,617,24,149,277,194,30,617,10,3,30.0,5,50.0,246,893,343,5,1,0,15,9,353,31,Matches
2047,Morten Thorsby,no NOR,MFFW,Genoa,it Serie A,29-181,1996,1.6,54,2,17,26,13,4,54,1,1,100.0,0,0.0,24,125,40,2,1,1,1,2,28,5,Matches
2048,Kristian Thorstvedt,no NOR,MF,Sassuolo,it Serie A,26-234,1999,3.6,184,11,42,88,55,8,184,0,0,,0,,93,443,260,9,6,0,9,1,125,15,Matches
2049,Khéphren Thuram,fr FRA,MF,Juventus,it Serie A,24-221,2001,6.6,417,13,82,228,116,20,417,14,9,64.3,4,28.6,267,1528,860,16,18,1,10,5,308,13,Matches
2050,Marcus Thuram,fr FRA,FW,Inter,it Serie A,28-088,1997,4.1,134,3,7,40,89,37,134,11,7,63.6,2,18.2,69,552,318,17,8,9,11,9,105,38,Matches
2051,Cheikh Tidiane Sabaly,sn SEN,MFFW,Metz,fr Ligue 1,26-243,1999,6.9,225,8,40,96,91,24,225,20,5,25.0,14,70.0,137,891,441,13,7,4,17,10,146,23,Matches
2052,Youri Tielemans,be BEL,MF,Aston Villa,eng Premier League,28-179,1997,3.5,260,5,32,167,62,7,260,3,3,100.0,0,0.0,156,644,323,8,3,0,4,3,192,10,Matches
2053,Phillip Tietz,de GER,FWMF,Augsburg,de Bundesliga,28-116,1997,2.0,93,4,11,39,43,10,93,5,0,0.0,5,100.0,48,130,36,1,1,0,12,2,69,18,Matches
2054,Malik Tillman,us USA,MF,Leverkusen,de Bundesliga,23-158,2002,4.2,231,10,47,102,85,17,231,8,3,37.5,4,50.0,120,454,191,10,4,4,8,6,154,17,Matches
2055,Jurriën Timber,nl NED,DF,Arsenal,eng Premier League,24-138,2001,8.8,550,19,114,258,183,32,550,19,6,31.6,11,57.9,280,1269,696,14,13,2,14,10,328,41,Matches
2056,Jean-Clair Todibo,fr FRA,DF,West Ham,eng Premier League,25-307,1999,3.4,235,16,89,135,13,1,235,2,1,50.0,0,0.0,146,946,571,4,4,0,1,0,163,1,Matches
2057,Umut Tohumcu,de GER,MF,Hoffenheim,de Bundesliga,21-083,2004,1.3,56,3,14,33,9,1,56,1,1,100.0,0,0.0,24,151,87,2,0,0,2,2,34,3,Matches
2058,Corentin Tolisso,fr FRA,MFFW,Lyon,fr Ligue 1,31-091,1994,9.5,558,14,96,324,143,30,557,7,3,42.9,3,42.9,325,1448,507,6,9,2,9,13,428,34,Matches
2059,Jeremy Toljan,de GER,DF,Levante,es La Liga,31-086,1994,9.5,477,26,154,206,121,13,477,3,0,0.0,2,66.7,210,848,403,4,7,1,10,5,240,28,Matches
2060,Tiago Tomás,pt POR,FWMF,Stuttgart,de Bundesliga,23-139,2002,4.8,213,5,21,83,112,27,213,17,4,23.5,10,58.8,124,594,311,7,7,4,13,5,161,42,Matches
2061,Fikayo Tomori,eng ENG,DF,Milan,it Serie A,27-318,1997,7.6,554,34,212,301,42,4,554,0,0,,0,,326,1197,578,3,3,0,3,0,398,8,Matches
2062,Sandro Tonali,it ITA,MF,Newcastle Utd,eng Premier League,25-178,2000,7.8,540,15,103,300,146,7,540,9,5,55.6,3,33.3,294,1560,783,17,14,3,9,1,352,17,Matches
2063,Keke Topp,de GER,FW,Werder Bremen,de Bundesliga,21-222,2004,0.9,52,0,1,25,26,9,52,2,1,50.0,1,50.0,32,142,76,2,1,1,8,2,39,14,Matches
2064,Pablo Torre,es ESP,MFFW,Mallorca,es La Liga,22-213,2003,5.7,329,9,46,187,97,2,329,5,1,20.0,2,40.0,196,870,395,7,7,1,9,7,225,19,Matches
2065,Jofre Torrents,es ESP,DF,Barcelona,es La Liga,18-278,2007,0.4,40,0,10,11,19,3,40,1,0,0.0,1,100.0,27,92,40,0,0,0,0,1,29,11,Matches
2066,Ferrán Torres,es ESP,FW,Barcelona,es La Liga,25-246,2000,6.7,224,5,15,72,138,38,224,8,0,0.0,8,100.0,123,377,142,4,5,0,20,6,172,49,Matches
2067,Pau Torres,es ESP,DF,Aston Villa,eng Premier League,28-290,1997,5.7,412,86,213,179,23,4,412,2,1,50.0,1,50.0,254,1349,847,7,8,0,2,1,277,3,Matches
2068,Lucas Torró,es ESP,MF,Osasuna,es La Liga,31-106,1994,8.6,437,18,101,262,78,24,437,2,2,100.0,0,0.0,194,765,290,2,3,0,12,3,270,8,Matches
2069,Jordan Torunarigha,de GER,DF,Hamburger SV,de Bundesliga,28-087,1997,2.0,180,27,79,96,5,2,180,1,1,100.0,0,0.0,118,555,343,1,1,1,2,0,119,0,Matches
2070,Abdoulaye Touré,gn GUI,MF,Le Havre,fr Ligue 1,31-244,1994,5.6,280,13,57,149,77,11,279,8,2,25.0,4,50.0,176,775,270,4,3,3,13,5,199,16,Matches
2071,Alpha Touré,sn SEN,MFDF,Metz,fr Ligue 1,19-281,2006,4.9,293,15,74,161,60,4,293,7,4,57.1,3,42.9,180,1106,473,8,6,1,4,5,201,13,Matches
2072,Bazoumana Touré,ci CIV,FWMF,Hoffenheim,de Bundesliga,19-245,2006,7.4,323,4,40,118,180,31,323,38,16,42.1,19,50.0,198,1697,768,39,19,12,26,9,217,69,Matches
2073,Idrissa Touré,de GER,DF,Pisa,it Serie A,27-187,1998,6.4,283,24,84,113,92,15,283,12,4,33.3,5,41.7,111,853,334,14,7,1,14,7,136,22,Matches
2074,Ousmane Toure,fr FRA,DF,Lille,fr Ligue 1,20-257,2005,0.6,42,3,18,22,2,0,42,2,0,0.0,2,100.0,21,96,60,1,0,0,1,1,21,1,Matches
2075,Lucas Tousart,fr FRA,MF,Brest,fr Ligue 1,28-187,1997,1.4,91,5,36,48,7,0,91,2,1,50.0,1,50.0,41,154,70,0,1,0,1,2,47,0,Matches
2076,James Trafford,eng ENG,GK,Manchester City,eng Premier League,23-023,2002,3.0,132,114,132,0,0,0,132,1,1,100.0,0,0.0,84,343,127,0,0,0,0,0,72,0,Matches
2077,Mattéo Tramoni,fr FRA,MFFW,Pisa,it Serie A,25-286,2000,5.6,173,2,17,73,92,14,173,8,1,12.5,6,75.0,94,600,309,12,10,4,9,3,98,26,Matches
2078,Adama Traoré,es ESP,FW,Fulham,eng Premier League,29-281,1996,2.6,101,1,7,33,62,13,101,11,5,45.5,4,36.4,64,587,295,14,4,5,9,4,77,23,Matches
2079,Bertrand Traoré,bf BFA,FWMF,Sunderland,eng Premier League,30-057,1995,2.4,93,4,15,32,46,7,93,8,5,62.5,2,25.0,61,250,109,2,2,0,5,4,62,17,Matches
2080,Boubacar Traoré,ml MLI,MF,Metz,fr Ligue 1,24-074,2001,6.7,361,18,125,199,41,4,361,9,5,55.6,4,44.4,193,849,339,3,2,0,14,6,252,4,Matches
2081,Hamari Traoré,ml MLI,DF,Paris FC,fr Ligue 1,33-279,1992,4.0,288,15,102,128,58,4,288,1,0,0.0,1,100.0,129,456,201,5,4,0,4,0,184,17,Matches
2082,Omar Traoré,de GER,DF,Heidenheim,de Bundesliga,27-271,1998,6.7,345,15,109,146,98,6,345,9,6,66.7,2,22.2,153,1007,589,15,7,0,6,6,195,23,Matches
2083,Kevin Trapp,de GER,GK,Paris FC,fr Ligue 1,35-117,1990,2.0,89,65,88,1,0,0,89,0,0,,0,,44,175,111,0,0,0,0,0,47,0,Matches
2084,Óscar Trejo,ar ARG,MF,Rayo Vallecano,es La Liga,37-190,1988,0.5,56,0,5,31,20,5,56,2,0,0.0,1,50.0,34,140,83,3,2,1,2,0,47,3,Matches
2085,Philipp Treu,de GER,DFFW,Freiburg,de Bundesliga,24-334,2000,3.9,189,4,50,99,40,1,189,3,1,33.3,2,66.7,81,407,199,4,4,0,5,0,106,13,Matches
2086,Christopher Trimmel,at AUT,DF,Union Berlin,de Bundesliga,38-251,1987,6.8,344,20,93,144,110,4,344,1,0,0.0,1,100.0,139,728,412,12,9,0,5,3,139,11,Matches
2087,Kieran Trippier,eng ENG,DF,Newcastle Utd,eng Premier League,35-044,1990,6.8,563,21,141,272,153,2,563,2,1,50.0,1,50.0,281,943,508,9,9,0,2,2,325,33,Matches
2088,Mariano Troilo,ar ARG,MF,Parma,it Serie A,22-133,2003,0.0,1,1,1,0,0,0,1,0,0,,0,,0,0,0,0,0,0,0,0,0,0,Matches
2089,Leandro Trossard,be BEL,FW,Arsenal,eng Premier League,30-333,1994,6.1,296,7,32,88,178,35,296,12,7,58.3,5,41.7,188,1087,392,16,8,9,15,9,231,60,Matches
2090,Adrien Truffert,fr FRA,DF,Bournemouth,eng Premier League,23-347,2001,9.0,579,34,176,234,174,8,579,19,9,47.4,7,36.8,299,1710,979,22,25,1,4,7,326,52,Matches
2091,Kostas Tsimikas,gr GRE,DF,Roma,it Serie A,29-174,1996,1.7,91,2,41,32,18,2,91,2,1,50.0,0,0.0,49,178,43,0,0,0,2,1,58,10,Matches
2092,Heorhii Tsitaishvili,ge GEO,DFFW,Metz,fr Ligue 1,24-349,2000,5.9,256,8,65,88,106,15,256,23,10,43.5,12,52.2,159,988,457,15,12,4,5,2,175,40,Matches
2093,Viktor Tsyhankov,ua UKR,MFFW,Girona,es La Liga,27-352,1997,3.5,151,6,19,64,68,6,151,5,4,80.0,1,20.0,84,449,226,8,5,3,4,3,102,17,Matches
2094,Axel Tuanzebe,cd COD,DF,Burnley,eng Premier League,27-353,1997,4.0,218,36,122,95,1,0,218,0,0,,0,,133,534,275,0,0,0,1,0,138,1,Matches
2095,Stefano Turati,it ITA,GK,Sassuolo,it Serie A,24-058,2001,1.0,26,23,26,0,0,0,26,0,0,,0,,19,114,76,0,0,0,0,0,15,0,Matches
2096,Beñat Turrientes,es ESP,MF,Real Sociedad,es La Liga,23-275,2002,2.9,147,8,36,88,26,3,147,6,4,66.7,2,33.3,80,383,134,0,5,1,9,3,92,3,Matches
2097,Stefanos Tzimas,gr GRE,MFFW,Brighton,eng Premier League,19-300,2006,0.9,30,1,4,12,15,8,30,2,1,50.0,1,50.0,19,117,38,1,2,0,2,4,21,5,Matches
2098,Christantus Uche,ng NGA,MF,Crystal Palace,eng Premier League,22-167,2003,0.1,14,0,0,5,10,2,14,0,0,,0,,8,27,20,1,0,1,1,0,11,3,Matches
2099,Christantus Uche,ng NGA,FW,Getafe,es La Liga,22-167,2003,3.0,102,2,9,26,69,15,102,16,6,37.5,9,56.3,52,247,83,4,2,1,21,8,68,15,Matches
2100,Destiny Udogie,it ITA,DF,Tottenham,eng Premier League,22-339,2002,3.6,266,7,58,128,85,16,266,9,2,22.2,3,33.3,147,847,513,15,7,6,6,4,169,29,Matches
2101,Matthieu Udol,fr FRA,DF,Lens,fr Ligue 1,29-227,1996,9.9,566,38,230,208,131,18,566,13,5,38.5,7,53.8,277,1386,776,18,10,3,7,5,354,27,Matches
2102,Manuel Ugarte,uy URU,MF,Manchester Utd,eng Premier League,24-205,2001,3.2,190,15,40,120,30,0,190,1,0,0.0,1,100.0,77,332,148,4,4,0,3,3,90,3,Matches
2103,Lesley Ugochukwu,fr FRA,MF,Burnley,eng Premier League,21-221,2004,5.8,218,15,60,109,51,9,218,12,4,33.3,4,33.3,115,600,238,6,9,2,6,7,133,11,Matches
2104,Filip Ugrinic,ch SUI,MF,Valencia,es La Liga,26-301,1999,1.0,48,3,15,18,15,1,48,2,2,100.0,0,0.0,18,96,26,1,2,0,0,1,22,1,Matches
2105,Lukas Ullrich,de GER,DF,Gladbach,de Bundesliga,21-231,2004,5.9,316,19,103,151,67,9,316,8,4,50.0,4,50.0,163,746,367,8,10,2,10,5,192,27,Matches
2106,Enes Ünal,tr TUR,FW,Bournemouth,eng Premier League,28-176,1997,0.0,0,0,0,0,0,0,0,0,0,,0,,0,0,0,0,0,0,0,0,0,0,Matches
2107,Deniz Undav,de GER,FWMF,Stuttgart,de Bundesliga,29-106,1996,3.3,141,0,1,63,78,17,141,2,0,0.0,1,50.0,92,349,175,4,3,1,4,7,109,14,Matches
2108,Dayot Upamecano,fr FRA,DF,Bayern Munich,de Bundesliga,27-006,1998,6.2,586,29,196,359,38,4,586,6,2,33.3,4,66.7,423,1824,942,5,7,1,6,1,457,0,Matches
2109,Jan Urbich,de GER,FW,Gladbach,de Bundesliga,21-132,2004,0.4,15,3,5,6,5,2,15,3,1,33.3,2,66.7,9,102,65,2,1,1,2,0,12,4,Matches
2110,Jonas Urbig,de GER,GK,Bayern Munich,de Bundesliga,22-086,2003,1.0,30,16,25,6,0,0,30,0,0,,0,,21,97,72,0,0,0,0,0,16,0,Matches
2111,Can Uzun,tr TUR,MF,Eint Frankfurt,de Bundesliga,19-356,2005,6.5,383,4,22,199,164,23,383,15,5,33.3,9,60.0,234,1228,446,9,16,3,14,9,282,39,Matches
2112,Josha Vagnoman,de GER,DF,Stuttgart,de Bundesliga,24-326,2000,5.9,329,23,84,141,107,14,329,5,3,60.0,2,40.0,159,687,385,9,11,3,6,4,202,40,Matches
2113,Lautaro Valenti,ar ARG,DF,Parma,it Serie A,26-292,1999,4.5,195,26,99,78,19,3,195,1,0,0.0,1,100.0,82,428,224,3,2,0,2,2,95,0,Matches
2114,Óscar Valentín,es ESP,MF,Rayo Vallecano,es La Liga,31-074,1994,6.2,327,29,102,192,36,3,327,3,0,0.0,3,100.0,145,668,298,2,5,1,9,1,175,4,Matches
2115,Nicolás Valentini,ar ARG,DF,Hellas Verona,it Serie A,24-210,2001,2.7,87,8,40,41,7,3,87,0,0,,0,,39,168,89,1,0,0,0,0,44,1,Matches
2116,Germán Valera,es ESP,FWDF,Elche,es La Liga,23-231,2002,7.6,451,10,82,165,212,28,451,21,6,28.6,12,57.1,274,1843,847,25,13,12,11,10,318,61,Matches
2117,Emanuele Valeri,it ITA,DF,Parma,it Serie A,26-330,1998,5.3,265,10,63,91,113,6,265,6,2,33.3,2,33.3,109,571,272,13,7,1,9,5,112,19,Matches
2118,Martin Valjent,sk SVK,DF,Mallorca,es La Liga,29-326,1995,10.0,564,74,299,227,45,3,564,4,3,75.0,1,25.0,316,2070,1116,9,11,0,4,1,345,8,Matches
2119,Álex Valle,es ESP,DF,Como,it Serie A,21-191,2004,7.4,506,21,157,252,99,10,506,9,2,22.2,7,77.8,210,964,398,5,3,1,11,1,281,15,Matches
2120,Álvaro Vallés,es ESP,GK,Betis,es La Liga,28-100,1997,3.0,117,87,115,2,0,0,117,1,1,100.0,0,0.0,65,318,224,0,0,0,0,0,65,0,Matches
2121,Federico Valverde,uy URU,MFDF,Real Madrid,es La Liga,27-103,1998,10.1,753,25,129,414,216,11,753,10,6,60.0,4,40.0,398,1911,1070,16,16,1,5,3,554,30,Matches
2122,Ignace Van Der Brempt,be BEL,DF,Como,it Serie A,23-215,2002,1.1,57,1,26,24,7,0,57,1,0,0.0,0,0.0,21,55,20,1,2,1,0,0,32,1,Matches
2123,Virgil van Dijk,nl NED,DF,Liverpool,eng Premier League,34-117,1991,10.0,909,123,406,468,39,14,909,1,1,100.0,0,0.0,517,2316,1401,13,5,2,5,1,619,7,Matches
2124,Vladyslav Vanat,ua UKR,FW,Girona,es La Liga,23-302,2002,6.2,131,8,17,73,41,17,131,4,3,75.0,1,25.0,61,277,138,5,2,3,10,5,76,18,Matches
2125,Jari Vandeputte,be BEL,MF,Cremonese,it Serie A,29-261,1996,7.2,360,16,102,172,92,4,360,6,4,66.7,1,16.7,194,1101,590,11,8,0,8,10,226,27,Matches
2126,Vanderson,br BRA,DF,Monaco,fr Ligue 1,24-134,2001,2.0,180,8,35,75,71,2,180,6,2,33.3,4,66.7,92,498,279,9,6,0,2,2,110,16,Matches
2127,Charles Vanhoutte,be BEL,MF,Nice,fr Ligue 1,27-047,1998,7.0,411,34,118,223,71,3,411,6,2,33.3,4,66.7,200,786,367,3,2,0,7,2,246,10,Matches
2128,Jamie Vardy,eng ENG,FW,Cremonese,it Serie A,38-295,1987,4.7,86,3,7,45,35,12,86,2,0,0.0,2,100.0,39,225,134,8,2,4,9,4,64,20,Matches
2129,Ruben Vargas,ch SUI,FWMF,Sevilla,es La Liga,27-089,1998,8.0,389,4,58,155,183,24,389,17,6,35.3,7,41.2,221,1424,629,26,18,7,22,9,274,43,Matches
2130,Nikola Vasilj,ba BIH,GK,St. Pauli,de Bundesliga,29-335,1995,9.0,372,235,362,10,0,0,372,0,0,,0,,231,1076,631,0,0,0,1,0,237,0,Matches
2131,Johan Vásquez,mx MEX,DF,Genoa,it Serie A,27-011,1998,9.0,626,92,299,294,39,8,626,4,1,25.0,3,75.0,371,2046,996,8,3,0,2,3,391,2,Matches
2132,José Luis García Vayá,es ESP,MF,Valencia,es La Liga,27-083,1998,7.0,480,21,111,291,84,1,480,4,2,50.0,2,50.0,236,981,375,0,2,0,7,1,299,7,Matches
2133,Robinio Vaz,fr FRA,FWMF,Marseille,fr Ligue 1,18-258,2007,3.1,95,2,7,31,57,19,95,1,1,100.0,0,0.0,56,239,108,5,2,4,15,4,67,26,Matches
2134,Franco Vázquez,ar ARG,FWMF,Cremonese,it Serie A,36-253,1989,3.7,174,2,21,92,63,4,174,6,2,33.3,4,66.7,99,386,175,2,2,0,11,13,125,15,Matches
2135,Jesus Vazquez,es ESP,DFMF,Valencia,es La Liga,22-304,2003,4.0,227,10,74,84,72,4,227,9,5,55.6,4,44.4,111,655,371,11,8,3,9,9,122,20,Matches
2136,Lucas Vázquez,es ESP,DF,Leverkusen,de Bundesliga,34-124,1991,2.6,129,3,23,53,54,5,129,2,0,0.0,1,50.0,70,303,145,5,3,1,4,5,85,11,Matches
2137,Matías Vecino,uy URU,MF,Lazio,it Serie A,34-070,1991,0.8,41,4,11,22,8,0,41,1,0,0.0,1,100.0,18,103,40,0,0,0,4,0,28,2,Matches
2138,Danilo Veiga,pt POR,DF,Lecce,it Serie A,23-038,2002,6.5,357,23,106,182,74,3,357,13,2,15.4,10,76.9,140,620,292,7,6,2,9,3,175,26,Matches
2139,Renato Veiga,pt POR,DF,Villarreal,es La Liga,22-096,2003,7.8,484,93,267,196,23,4,484,0,0,,0,,299,1242,753,2,9,0,6,0,335,2,Matches
2140,Joël Veltman,nl NED,DF,Brighton,eng Premier League,33-291,1992,3.6,157,10,56,74,27,3,157,2,0,0.0,0,0.0,64,354,223,5,4,1,4,0,61,2,Matches
2141,Micky van de Ven,nl NED,DF,Tottenham,eng Premier League,24-197,2001,9.9,688,101,371,288,35,14,688,7,3,42.9,3,42.9,388,1688,743,5,3,0,4,1,472,2,Matches
2142,Unai Vencedor Paris,es ESP,MF,Levante,es La Liga,24-352,2000,4.5,254,10,55,157,45,1,254,1,0,0.0,1,100.0,143,462,159,1,1,0,2,2,163,2,Matches
2143,Lorenzo Venturino,it ITA,FWMF,Genoa,it Serie A,19-133,2006,0.4,35,0,2,9,24,2,35,3,1,33.3,1,33.3,29,188,108,4,2,1,0,1,31,12,Matches
2144,Nikolas Veratschnig,at AUT,DFMF,Mainz 05,de Bundesliga,22-282,2003,1.7,105,3,25,38,42,5,105,5,4,80.0,1,20.0,49,191,96,4,2,2,0,2,54,15,Matches
2145,Bart Verbruggen,nl NED,GK,Brighton,eng Premier League,23-076,2002,10.0,413,318,408,5,0,0,413,1,1,100.0,0,0.0,302,1071,515,0,0,0,0,0,280,0,Matches
2146,Calvin Verdonk,id IDN,DF,Lille,fr Ligue 1,28-190,1997,1.9,161,8,53,70,38,3,161,0,0,,0,,67,241,117,1,1,0,1,0,88,5,Matches
2147,Antonio Vergara,it ITA,MF,Napoli,it Serie A,22-290,2003,0.0,2,0,0,2,0,0,2,0,0,,0,,1,0,0,0,0,0,0,0,2,0,Matches
2148,Arthur Vermeeren,be BEL,MFFW,Marseille,fr Ligue 1,20-268,2005,2.0,212,2,31,133,49,1,212,3,2,66.7,1,33.3,136,436,218,4,4,0,3,0,169,4,Matches
2149,Jozhua Vertrouwd,nl NED,DF,Rayo Vallecano,es La Liga,21-073,2004,2.1,129,28,79,47,3,2,129,0,0,,0,,70,318,68,0,0,0,1,1,81,0,Matches
2150,Mikel Vesga,es ESP,MF,Athletic Club,es La Liga,32-165,1993,2.1,143,2,16,98,29,2,143,3,1,33.3,1,33.3,65,351,158,3,3,0,5,2,89,4,Matches
2151,Guglielmo Vicario,it ITA,GK,Tottenham,eng Premier League,29-026,1996,10.0,452,332,445,7,0,0,452,0,0,,0,,276,1206,580,0,0,0,0,0,264,0,Matches
2152,Carlos Vicente,es ESP,MFFW,Alavés,es La Liga,26-193,1999,7.5,440,6,77,155,212,24,437,23,5,21.7,16,69.6,240,1209,492,19,10,2,18,3,295,73,Matches
2153,Nacho Vidal,es ESP,DF,Oviedo,es La Liga,30-282,1995,5.9,310,34,138,122,52,3,310,6,3,50.0,3,50.0,161,704,334,7,3,1,5,1,177,12,Matches
2154,Fabio Vieira,pt POR,MF,Hamburger SV,de Bundesliga,25-156,2000,3.0,143,5,21,75,49,7,143,6,3,50.0,3,50.0,92,549,281,4,4,1,3,0,94,9,Matches
2155,Julián Vignolo,ar ARG,FW,Toulouse,fr Ligue 1,18-330,2006,0.1,1,0,0,1,0,0,1,0,0,,0,,1,3,0,0,0,0,0,0,1,1,Matches
2156,Federico Viñas,uy URU,FW,Oviedo,es La Liga,27-125,1998,3.6,103,2,12,60,36,16,102,8,5,62.5,3,37.5,47,174,44,1,2,0,15,3,63,13,Matches
2157,Jan Virgili,es ESP,FWMF,Mallorca,es La Liga,19-099,2006,2.6,102,1,7,31,69,10,102,22,15,68.2,6,27.3,74,647,353,11,3,3,6,5,72,25,Matches
2158,Mattia Viti,it ITA,DF,Fiorentina,it Serie A,23-282,2002,1.6,94,10,41,48,5,2,94,1,0,0.0,1,100.0,54,257,116,2,1,0,5,0,60,0,Matches
2159,Martin Vitík,cz CZE,DF,Bologna,it Serie A,22-285,2003,4.0,252,15,102,145,6,4,252,1,1,100.0,0,0.0,131,539,307,2,1,0,2,0,151,1,Matches
2160,Vitinha,pt POR,FWMF,Genoa,it Serie A,25-232,2000,3.6,168,7,28,67,75,16,168,17,5,29.4,11,64.7,94,506,193,5,1,2,16,6,107,24,Matches
2161,Vitinha,pt POR,MF,Paris S-G,fr Ligue 1,25-262,2000,7.7,1129,10,100,740,295,4,1129,8,5,62.5,2,25.0,794,4591,2502,33,42,1,6,5,979,14,Matches
2162,Daniel Vivian,es ESP,DF,Athletic Club,es La Liga,26-110,1999,9.7,617,51,272,330,19,6,617,2,1,50.0,1,50.0,302,1521,944,5,2,0,10,4,369,2,Matches
2163,Odysseas Vlachodimos,gr GRE,GK,Sevilla,es La Liga,31-190,1994,7.0,275,229,274,1,0,0,275,0,0,,0,,153,672,327,0,0,0,1,0,134,0,Matches
2164,Dušan Vlahović,rs SRB,FW,Juventus,it Serie A,25-278,2000,5.5,155,4,6,69,83,34,154,2,2,100.0,0,0.0,83,405,178,6,7,4,20,13,133,40,Matches
2165,Nikola Vlašić,hr CRO,MFFW,Torino,it Serie A,28-029,1997,7.0,298,7,42,148,112,14,298,16,5,31.3,6,37.5,164,968,480,13,13,2,9,15,199,35,Matches
2166,Mërgim Vojvoda,xk KVX,FWDF,Como,it Serie A,30-274,1995,5.5,288,12,64,137,88,16,288,6,3,50.0,2,33.3,173,764,317,12,8,5,7,2,206,28,Matches
2167,Cristian Volpato,it ITA,FWMF,Sassuolo,it Serie A,21-352,2003,3.0,149,3,18,73,62,7,149,26,12,46.2,13,50.0,88,737,372,14,10,2,5,4,98,15,Matches
2168,Alexis Vossah,fr FRA,MF,Toulouse,fr Ligue 1,17-236,2008,1.2,63,3,8,36,19,2,63,2,1,50.0,1,50.0,23,55,19,0,2,0,0,2,32,2,Matches
2169,Aster Vranckx,be BEL,MF,Sassuolo,it Serie A,23-029,2002,4.6,191,5,48,95,49,4,191,6,3,50.0,2,33.3,114,465,169,3,5,0,11,4,137,8,Matches
2170,Stefan de Vrij,nl NED,DF,Inter,it Serie A,33-270,1992,2.0,149,13,54,92,4,2,149,1,1,100.0,0,0.0,86,524,300,1,0,0,0,0,104,0,Matches
2171,İsak Vural,tr TUR,MF,Pisa,it Serie A,19-158,2006,1.2,41,3,11,28,3,0,41,6,1,16.7,4,66.7,17,112,72,2,1,0,0,1,16,1,Matches
2172,Luka Vušković,hr CRO,DF,Hamburger SV,de Bundesliga,18-251,2007,6.0,494,82,234,243,20,10,494,2,2,100.0,0,0.0,276,1747,970,5,1,0,2,8,285,5,Matches
2173,Yannik Wagner,de GER,MF,Heidenheim,de Bundesliga,18-177,2007,0.3,11,0,1,2,8,1,11,0,0,,0,,3,17,17,0,1,0,1,0,4,3,Matches
2174,Elye Wahi,fr FRA,FW,Eint Frankfurt,de Bundesliga,22-304,2003,3.3,106,0,3,52,51,12,106,6,1,16.7,5,83.3,64,237,82,4,2,1,13,5,82,19,Matches
2175,Hauke Wahl,de GER,DF,St. Pauli,de Bundesliga,31-201,1994,8.0,658,32,218,383,60,10,658,3,0,0.0,1,33.3,311,1484,905,11,7,1,3,2,481,5,Matches
2176,Luca Waldschmidt,de GER,FWMF,Köln,de Bundesliga,29-167,1996,2.0,76,2,15,29,33,11,76,0,0,,0,,35,196,116,5,3,2,4,0,47,5,Matches
2177,Kyle Walker,eng ENG,DF,Burnley,eng Premier League,35-158,1990,10.0,587,55,209,254,129,4,587,8,3,37.5,5,62.5,253,1272,717,15,9,1,13,7,285,17,Matches
2178,Kyle Walker-Peters,eng ENG,DF,West Ham,eng Premier League,28-203,1997,5.0,295,22,91,145,65,4,295,12,7,58.3,1,8.3,152,775,424,12,6,0,1,5,172,19,Matches
2179,Sebastian Walukiewicz,pl POL,DF,Sassuolo,it Serie A,25-211,2000,7.4,402,15,123,213,70,4,402,9,7,77.8,2,22.2,196,921,488,10,3,2,9,6,238,10,Matches
2180,Aaron Wan-Bissaka,cd COD,DF,West Ham,eng Premier League,27-341,1997,4.2,285,12,77,124,86,6,285,9,3,33.3,4,44.4,137,723,364,8,5,0,5,2,166,23,Matches
2181,James Ward-Prowse,eng ENG,MF,West Ham,eng Premier League,31-001,1994,4.6,246,8,44,148,55,1,246,2,0,0.0,1,50.0,100,522,182,1,3,0,5,0,156,8,Matches
2182,Ollie Watkins,eng ENG,FW,Aston Villa,eng Premier League,29-307,1995,8.7,214,3,15,90,114,40,214,20,8,40.0,10,50.0,123,737,351,16,5,10,15,9,163,54,Matches
2183,Tom Watson,eng ENG,FW,Brighton,eng Premier League,19-208,2006,0.5,16,0,2,7,8,0,16,0,0,,0,,11,76,67,3,0,0,1,0,12,3,Matches
2184,Timothy Weah,us USA,DFFW,Marseille,fr Ligue 1,25-253,2000,5.8,327,3,46,126,156,15,327,9,2,22.2,6,66.7,196,1105,538,17,6,6,8,1,224,59,Matches
2185,Tobias Weigel,de GER,FW,Heidenheim,de Bundesliga,18-190,2007,0.0,2,0,1,0,1,0,2,0,0,,0,,0,0,0,0,0,0,0,0,2,0,Matches
2186,Nelson Weiper,de GER,FW,Mainz 05,de Bundesliga,20-230,2005,3.4,104,2,12,40,53,15,104,3,1,33.3,2,66.7,42,232,41,4,0,3,14,6,77,23,Matches
2187,Danny Welbeck,eng ENG,FW,Brighton,eng Premier League,34-341,1990,7.0,191,3,18,88,90,27,190,11,5,45.5,5,45.5,109,482,202,6,5,2,13,8,138,23,Matches
2188,Timo Werner,de GER,FW,RB Leipzig,de Bundesliga,29-241,1996,0.0,3,0,0,1,2,1,3,0,0,,0,,1,40,37,1,1,0,0,0,1,0,Matches
2189,Wesley,br BRA,DFMF,Roma,it Serie A,22-057,2003,7.4,498,16,95,221,184,21,498,27,6,22.2,19,70.4,276,1210,627,17,11,9,16,8,303,54,Matches
2190,Adam Wharton,eng ENG,MF,Crystal Palace,eng Premier League,21-269,2004,7.0,338,11,85,200,60,3,338,9,6,66.7,3,33.3,175,828,496,9,6,2,6,4,207,7,Matches
2191,Ben White,eng ENG,DF,Arsenal,eng Premier League,28-025,1997,0.8,38,4,11,20,8,0,38,1,1,100.0,0,0.0,13,53,25,1,1,0,0,0,14,0,Matches
2192,Silvan Widmer,ch SUI,DF,Mainz 05,de Bundesliga,32-242,1993,3.3,173,8,32,59,82,13,173,0,0,,0,,56,208,67,4,2,2,3,0,86,12,Matches
2193,Mats Wieffer,nl NED,DF,Brighton,eng Premier League,25-351,1999,6.1,406,19,135,176,99,12,406,10,6,60.0,3,30.0,159,876,521,13,7,1,7,9,189,21,Matches
2194,Iñaki Williams,gh GHA,FW,Athletic Club,es La Liga,31-140,1994,7.5,248,2,17,72,161,49,247,14,3,21.4,10,71.4,149,791,455,17,10,5,27,7,180,61,Matches
2195,Neco Williams,wls WAL,DFMF,Nott'ham Forest,eng Premier League,24-203,2001,10.0,653,29,185,274,199,20,653,17,9,52.9,5,29.4,339,1689,964,23,18,3,14,7,388,50,Matches
2196,Nico Williams,es ESP,FW,Athletic Club,es La Liga,23-113,2002,5.2,254,2,16,97,149,29,253,47,19,40.4,24,51.1,156,1318,647,27,17,13,17,11,191,51,Matches
2197,Estêvão Willian,br BRA,FW,Chelsea,eng Premier League,18-192,2007,3.5,182,4,18,69,102,27,182,31,13,41.9,17,54.8,112,805,455,13,7,10,5,6,126,34,Matches
2198,Joe Willock,eng ENG,MF,Newcastle Utd,eng Premier League,26-074,1999,1.0,36,1,11,15,12,2,36,3,2,66.7,1,33.3,20,151,61,3,1,1,4,1,20,4,Matches
2199,Callum Wilson,eng ENG,FW,West Ham,eng Premier League,33-248,1992,2.7,63,1,5,25,34,12,63,8,5,62.5,1,12.5,36,177,61,2,2,1,12,5,50,15,Matches
2200,Harry Wilson,wls WAL,FWMF,Fulham,eng Premier League,28-225,1997,6.6,263,11,47,87,134,25,263,7,4,57.1,2,28.6,157,794,337,7,5,3,12,3,170,48,Matches
2201,Patrick Wimmer,at AUT,FW,Wolfsburg,de Bundesliga,24-156,2001,4.7,197,8,39,81,85,8,197,19,9,47.4,8,42.1,111,646,306,7,6,3,11,11,120,20,Matches
2202,Jonas Wind,dk DEN,FW,Wolfsburg,de Bundesliga,26-268,1999,2.7,96,2,4,59,33,13,96,4,1,25.0,1,25.0,47,112,50,2,2,1,6,3,77,7,Matches
2203,Ben Winterburn,eng ENG,MF,Bournemouth,eng Premier League,21-059,2004,0.1,2,1,1,1,0,0,2,0,0,,0,,0,0,0,0,0,0,0,0,0,0,Matches
2204,Florian Wirtz,de GER,MFFW,Liverpool,eng Premier League,22-183,2003,6.7,409,4,46,173,196,32,409,16,7,43.8,9,56.3,222,1265,616,19,18,9,12,9,266,48,Matches
2205,Axel Witsel,be BEL,MF,Girona,es La Liga,36-294,1989,7.1,397,29,122,226,53,11,397,1,0,0.0,0,0.0,243,1099,567,8,7,1,6,6,264,9,Matches
2206,Marius Wolf,de GER,DFMF,Augsburg,de Bundesliga,30-159,1995,3.5,139,9,34,54,53,7,139,3,0,0.0,3,100.0,61,309,184,6,8,5,3,2,72,17,Matches
2207,Nick Woltemade,de GER,FW,Newcastle Utd,eng Premier League,23-261,2002,5.3,152,3,11,71,73,24,151,9,3,33.3,5,55.6,90,340,83,3,2,2,19,10,113,20,Matches
2208,Nick Woltemade,de GER,FW,Stuttgart,de Bundesliga,23-261,2002,1.0,22,4,5,4,13,3,22,2,1,50.0,0,0.0,14,51,28,1,2,0,1,4,17,5,Matches
2209,Jeong Woo-yeong,kr KOR,MF,Union Berlin,de Bundesliga,26-043,1999,1.7,78,2,12,33,35,4,78,3,2,66.7,1,33.3,47,275,124,4,3,2,4,2,50,5,Matches
2210,Chris Wood,nz NZL,FW,Nott'ham Forest,eng Premier League,33-330,1991,6.0,119,9,10,66,44,21,119,1,1,100.0,0,0.0,48,116,41,0,2,0,11,2,94,16,Matches
2211,Christopher Wooh,cm CMR,DF,Rennes,fr Ligue 1,24-045,2001,0.7,27,6,15,12,0,0,27,1,1,100.0,0,0.0,12,40,25,0,0,0,1,0,18,0,Matches
2212,Joe Worrall,eng ENG,DF,Burnley,eng Premier League,28-296,1997,0.2,11,3,7,1,3,0,11,0,0,,0,,0,0,0,0,0,0,0,0,4,1,Matches
2213,Granit Xhaka,ch SUI,MF,Sunderland,eng Premier League,33-036,1992,9.0,604,43,138,374,99,5,604,4,3,75.0,1,25.0,314,1188,459,2,5,0,4,7,330,8,Matches
2214,Lamine Yamal,es ESP,FW,Barcelona,es La Liga,18-112,2007,5.1,366,2,30,99,241,50,365,61,30,49.2,26,42.6,253,1806,1116,41,13,29,16,6,288,54,Matches
2215,Yehor Yarmoliuk,ua UKR,MF,Brentford,eng Premier League,21-246,2004,8.7,424,16,124,238,66,3,424,19,8,42.1,11,57.9,206,1232,509,11,8,1,11,5,233,7,Matches
2216,Ryan Yates,eng ENG,MF,Nott'ham Forest,eng Premier League,27-346,1997,2.4,131,6,34,68,29,2,131,1,1,100.0,0,0.0,65,184,46,1,2,1,1,2,78,1,Matches
2217,Terry Yegbe,gh GHA,DF,Metz,fr Ligue 1,24-281,2001,7.3,518,85,291,207,21,2,518,1,0,0.0,1,100.0,313,1281,684,1,3,0,9,0,358,1,Matches
2218,Bertuğ Yıldırım,tr TUR,FW,Rennes,fr Ligue 1,23-113,2002,0.0,4,0,0,0,4,0,4,0,0,,0,,1,3,3,0,0,0,0,0,4,2,Matches
2219,Kenan Yıldız,tr TUR,MFFW,Juventus,it Serie A,20-182,2005,8.2,436,2,45,161,230,38,435,30,12,40.0,15,50.0,279,1776,994,40,25,21,25,16,319,56,Matches
2220,Darlin Yongwa,cm CMR,DFMF,Lorient,fr Ligue 1,25-041,2000,2.8,196,14,68,78,50,7,196,4,2,50.0,2,50.0,121,646,446,9,3,4,5,2,132,12,Matches
2221,Leny Yoro,fr FRA,DF,Manchester Utd,eng Premier League,19-354,2005,6.9,427,49,205,196,30,7,427,1,0,0.0,1,100.0,234,1167,691,5,3,0,3,5,286,3,Matches
2222,Etienne Youte Kinkoue,fr FRA,DFMF,Le Havre,fr Ligue 1,23-292,2002,3.5,190,39,117,70,4,1,190,0,0,,0,,88,515,327,2,0,0,1,0,106,0,Matches
2223,Illia Zabarnyi,ua UKR,DF,Paris S-G,fr Ligue 1,23-062,2002,9.3,889,79,314,524,52,6,889,3,2,66.7,1,33.3,596,2631,1306,7,5,0,6,1,705,9,Matches
2224,Mattia Zaccagni,it ITA,FW,Lazio,it Serie A,30-139,1995,7.6,326,6,53,152,126,18,326,21,4,19.0,13,61.9,221,1266,536,14,12,7,16,13,259,43,Matches
2225,Dan-Axel Zagadou,fr FRA,DF,Stuttgart,de Bundesliga,26-152,1999,0.8,86,7,40,44,4,2,86,0,0,,0,,63,306,166,0,0,0,0,0,61,0,Matches
2226,Stephan Zagadou,fr FRA,DF,Le Havre,fr Ligue 1,17-009,2008,0.7,38,3,16,18,4,0,38,0,0,,0,,23,103,36,0,0,0,2,0,24,1,Matches
2227,Warren Zaïre-Emery,fr FRA,MFDF,Paris S-G,fr Ligue 1,19-239,2006,9.0,847,15,115,482,254,15,847,16,8,50.0,7,43.8,561,3393,1596,30,20,4,11,12,698,37,Matches
2228,Denis Zakaria,ch SUI,MF,Monaco,fr Ligue 1,28-347,1996,4.0,207,8,38,145,28,3,207,4,3,75.0,1,25.0,107,566,285,7,4,2,4,3,152,2,Matches
2229,Arsen Zakharyan,ru RUS,MFFW,Real Sociedad,es La Liga,22-160,2003,1.4,97,1,4,42,51,2,97,7,0,0.0,7,100.0,61,284,119,3,4,0,4,1,71,9,Matches
2230,Nicola Zalewski,pl POL,DF,Atalanta,it Serie A,23-283,2002,4.6,273,11,77,100,100,11,273,20,9,45.0,8,40.0,140,940,473,15,5,7,6,4,139,21,Matches
2231,Andre-Frank Zambo Anguissa,cm CMR,MF,Napoli,it Serie A,29-351,1995,9.4,561,17,100,310,155,34,561,14,7,50.0,7,50.0,315,1408,466,9,7,5,19,15,398,42,Matches
2232,Nicolò Zaniolo,it ITA,FW,Udinese,it Serie A,26-123,1999,5.2,216,1,10,84,124,26,216,23,8,34.8,12,52.2,122,976,314,10,10,6,24,8,146,17,Matches
2233,Alessandro Zanoli,it ITA,DF,Udinese,it Serie A,25-030,2000,4.9,241,10,59,97,86,4,241,17,5,29.4,12,70.6,110,686,301,14,10,2,4,0,125,24,Matches
2234,Duván Zapata,co COL,FW,Torino,it Serie A,34-215,1991,0.5,26,0,2,4,20,6,25,3,0,0.0,3,100.0,18,79,29,1,0,1,2,2,21,5,Matches
2235,Gabriele Zappa,it ITA,DF,Cagliari,it Serie A,25-315,1999,4.7,360,13,140,186,39,1,360,5,2,40.0,2,40.0,206,892,524,7,6,0,6,0,239,7,Matches
2236,Davide Zappacosta,it ITA,DF,Atalanta,it Serie A,33-144,1992,6.3,386,15,103,159,126,12,386,8,4,50.0,3,37.5,225,931,442,11,4,1,3,2,279,46,Matches
2237,Bryan Zaragoza,es ESP,FWMF,Celta Vigo,es La Liga,24-054,2001,4.4,210,3,19,63,132,22,210,30,7,23.3,18,60.0,134,957,508,22,7,10,12,3,145,48,Matches
2238,Oier Zarraga,es ESP,MF,Udinese,it Serie A,26-302,1999,2.0,93,6,20,54,22,1,93,2,1,50.0,1,50.0,43,252,142,3,4,1,4,2,47,3,Matches
2239,Aaron Zehnter,de GER,DF,Wolfsburg,de Bundesliga,21-002,2004,4.0,214,14,95,79,42,5,214,2,2,100.0,0,0.0,101,378,196,3,6,1,2,0,116,10,Matches
2240,Jordan Zemura,zw ZIM,DF,Udinese,it Serie A,25-353,1999,4.0,201,6,50,76,77,6,201,7,1,14.3,6,85.7,95,517,258,6,7,1,8,4,113,26,Matches
2241,Robin Zentner,de GER,GK,Mainz 05,de Bundesliga,31-005,1994,6.7,270,185,257,13,0,0,270,1,1,100.0,0,0.0,149,810,455,0,0,0,0,0,122,0,Matches
2242,Alessio Zerbin,it ITA,DFMF,Cremonese,it Serie A,26-244,1999,5.8,268,12,74,121,78,10,268,14,4,28.6,9,64.3,130,602,380,14,8,3,11,5,148,25,Matches
2243,Cedric Zesiger,ch SUI,DF,Augsburg,de Bundesliga,27-131,1998,2.3,183,22,80,89,14,1,183,1,0,0.0,1,100.0,75,221,95,1,0,0,7,1,92,1,Matches
2244,Michael Zetterer,de GER,GK,Eint Frankfurt,de Bundesliga,30-113,1995,5.0,213,166,205,8,0,0,213,0,0,,0,,140,842,447,0,0,0,0,0,107,0,Matches
2245,Edon Zhegrova,xk KVX,MF,Juventus,it Serie A,26-216,1999,0.4,39,0,0,6,34,2,39,10,6,60.0,4,40.0,31,267,141,3,4,1,3,1,33,10,Matches
2246,Piotr Zieliński,pl POL,MF,Inter,it Serie A,31-166,1994,1.3,84,0,13,47,25,4,84,1,0,0.0,1,100.0,52,376,220,6,2,0,1,0,56,4,Matches
2247,Oleksandr Zinchenko,ua UKR,DF,Nott'ham Forest,eng Premier League,28-322,1996,2.8,253,12,60,127,67,2,253,2,1,50.0,1,50.0,132,584,301,6,2,0,3,0,171,7,Matches
2248,Jan Ziółkowski,pl POL,DF,Roma,it Serie A,20-150,2005,0.7,45,2,20,25,0,0,45,0,0,,0,,23,73,50,0,0,0,0,0,26,1,Matches
2249,Joshua Zirkzee,nl NED,FWMF,Manchester Utd,eng Premier League,24-164,2001,1.0,62,1,5,24,33,11,62,2,1,50.0,1,50.0,30,79,20,0,0,0,8,4,46,5,Matches
2250,Budu Zivzivadze,ge GEO,FW,Heidenheim,de Bundesliga,31-237,1994,3.5,97,4,16,44,39,9,97,9,6,66.7,3,33.3,46,280,111,3,4,0,10,2,57,12,Matches
2251,Luck Zogbé,ci CIV,FWDF,Brest,fr Ligue 1,20-223,2005,0.0,3,2,3,0,0,0,3,0,0,,0,,1,1,1,0,0,0,0,0,0,0,Matches
2252,Nadir Zortea,it ITA,DF,Bologna,it Serie A,26-136,1999,4.6,293,8,76,142,78,5,293,16,5,31.3,8,50.0,150,810,380,10,5,2,3,6,175,14,Matches
2253,Yanis Zouaoui,dz ALG,DF,Le Havre,fr Ligue 1,31-115,1994,7.9,499,17,174,204,132,3,499,21,10,47.6,11,52.4,247,1347,695,19,13,1,8,9,264,20,Matches
2254,Igor Zubeldia,es ESP,DF,Real Sociedad,es La Liga,28-217,1997,11.0,698,67,315,373,13,9,698,2,0,0.0,2,100.0,400,2016,1349,4,1,0,3,1,452,0,Matches
2255,Martín Zubimendi,es ESP,MF,Arsenal,eng Premier League,26-273,1999,9.4,711,25,127,465,120,9,711,2,1,50.0,1,50.0,402,2036,948,9,13,0,11,3,501,8,Matches
2256,Martin Ødegaard,no NOR,MF,Arsenal,eng Premier League,26-320,1998,2.3,160,3,20,80,62,4,160,5,3,60.0,2,40.0,103,800,436,10,10,2,2,0,117,5,Matches
2257,Milan Đurić,ba BIH,FW,Parma,it Serie A,35-164,1990,0.4,22,1,1,5,16,8,22,0,0,,0,,6,18,4,0,0,0,3,0,14,1,Matches
